[0m11:55:59.324987 [debug] [MainThread]: Sending event: {'category': 'dbt', 'action': 'invocation', 'label': 'start', 'context': [<snowplow_tracker.self_describing_json.SelfDescribingJson object at 0x000001E203828290>, <snowplow_tracker.self_describing_json.SelfDescribingJson object at 0x000001E205AA61E0>, <snowplow_tracker.self_describing_json.SelfDescribingJson object at 0x000001E20639B980>]}


============================== 11:55:59.330971 | c94bde9d-c679-4125-b805-55e08e0fd144 ==============================
[0m11:55:59.330971 [info ] [MainThread]: Running with dbt=1.12.4
[0m11:55:59.331710 [debug] [MainThread]: running dbt with arguments {'version_check': 'True', 'no_print': 'None', 'maximum_seed_size_mib': '1', 'target_path': 'None', 'static_parser': 'True', 'warn_error_options': 'WarnErrorOptionsV2(error=[], warn=[], silence=[])', 'printer_width': '80', 'write_json': 'True', 'empty': 'None', 'log_cache_events': 'False', 'introspect': 'True', 'cache_selected_only': 'False', 'fail_fast': 'False', 'debug': 'False', 'log_format': 'default', 'profiles_dir': 'C:\\Users\\PavanP\\.dbt', 'send_anonymous_usage_stats': 'True', 'quiet': 'False', 'warn_error': 'None', 'partial_parse': 'True', 'use_colors': 'True', 'hints_enabled': 'True', 'indirect_selection': 'eager', 'use_experimental_parser': 'False', 'invocation_command': 'dbt init health360_dbt', 'log_path': 'logs'}
[0m11:55:59.362274 [debug] [MainThread]: Starter project path: C:\Users\PavanP\miniconda3\envs\dataeng\Lib\site-packages\dbt\include\starter_project
[0m11:55:59.380905 [info ] [MainThread]: Setting up your profile.
[0m11:57:54.896912 [error] [MainThread]: [[31mERROR[0m]: Encountered an error:
list index out of range
[0m11:57:54.909782 [error] [MainThread]: Traceback (most recent call last):
  File "C:\Users\PavanP\miniconda3\envs\dataeng\Lib\site-packages\dbt\cli\requires.py", line 198, in wrapper
    result, success = func(*args, **kwargs)
                      ^^^^^^^^^^^^^^^^^^^^^
  File "C:\Users\PavanP\miniconda3\envs\dataeng\Lib\site-packages\dbt\cli\requires.py", line 144, in wrapper
    return func(*args, **kwargs)
           ^^^^^^^^^^^^^^^^^^^^^
  File "C:\Users\PavanP\miniconda3\envs\dataeng\Lib\site-packages\dbt\cli\main.py", line 504, in init
    results = task.run()
              ^^^^^^^^^^
  File "C:\Users\PavanP\miniconda3\envs\dataeng\Lib\site-packages\dbt\task\init.py", line 363, in run
    self.setup_profile(profile_name)
  File "C:\Users\PavanP\miniconda3\envs\dataeng\Lib\site-packages\dbt\task\init.py", line 264, in setup_profile
    adapter = self.ask_for_adapter_choice()
              ^^^^^^^^^^^^^^^^^^^^^^^^^^^^^
  File "C:\Users\PavanP\miniconda3\envs\dataeng\Lib\site-packages\dbt\task\init.py", line 246, in ask_for_adapter_choice
    return available_adapters[numeric_choice - 1]
           ~~~~~~~~~~~~~~~~~~^^^^^^^^^^^^^^^^^^^^
IndexError: list index out of range

[0m11:57:54.911278 [debug] [MainThread]: Command `dbt init` failed at 11:57:54.911278 after 115.75 seconds
[0m11:57:54.911278 [debug] [MainThread]: Sending event: {'category': 'dbt', 'action': 'invocation', 'label': 'end', 'context': [<snowplow_tracker.self_describing_json.SelfDescribingJson object at 0x000001E203F00320>, <snowplow_tracker.self_describing_json.SelfDescribingJson object at 0x000001E207CF0260>, <snowplow_tracker.self_describing_json.SelfDescribingJson object at 0x000001E205AA61E0>]}
[0m11:57:54.913290 [debug] [MainThread]: Flushing usage events
[0m11:57:56.248226 [debug] [MainThread]: An error was encountered while trying to flush usage events
[0m11:58:06.684079 [debug] [MainThread]: Sending event: {'category': 'dbt', 'action': 'invocation', 'label': 'start', 'context': [<snowplow_tracker.self_describing_json.SelfDescribingJson object at 0x000001CFCA5B23F0>, <snowplow_tracker.self_describing_json.SelfDescribingJson object at 0x000001CFCA5B2060>, <snowplow_tracker.self_describing_json.SelfDescribingJson object at 0x000001CFCA5B0D70>]}


============================== 11:58:06.689041 | b4fd8709-dd0c-4556-95f8-0a9c8a7d9221 ==============================
[0m11:58:06.689041 [info ] [MainThread]: Running with dbt=1.12.4
[0m11:58:06.689041 [debug] [MainThread]: running dbt with arguments {'static_parser': 'True', 'no_print': 'None', 'maximum_seed_size_mib': '1', 'target_path': 'None', 'warn_error_options': 'WarnErrorOptionsV2(error=[], warn=[], silence=[])', 'version_check': 'True', 'printer_width': '80', 'write_json': 'True', 'empty': 'None', 'log_cache_events': 'False', 'introspect': 'True', 'cache_selected_only': 'False', 'fail_fast': 'False', 'debug': 'False', 'log_format': 'default', 'partial_parse': 'True', 'send_anonymous_usage_stats': 'True', 'quiet': 'False', 'warn_error': 'None', 'profiles_dir': 'C:\\Users\\PavanP\\.dbt', 'indirect_selection': 'eager', 'hints_enabled': 'True', 'invocation_command': 'dbt init health360_dbt', 'use_experimental_parser': 'False', 'use_colors': 'True', 'log_path': 'logs'}
[0m11:58:06.704824 [info ] [MainThread]: A project called health360_dbt already exists here.
[0m11:58:06.704824 [debug] [MainThread]: Command `dbt init` succeeded at 11:58:06.704824 after 0.16 seconds
[0m11:58:06.704824 [debug] [MainThread]: Sending event: {'category': 'dbt', 'action': 'invocation', 'label': 'end', 'context': [<snowplow_tracker.self_describing_json.SelfDescribingJson object at 0x000001CFCC6EAB40>, <snowplow_tracker.self_describing_json.SelfDescribingJson object at 0x000001CFCC81ACF0>, <snowplow_tracker.self_describing_json.SelfDescribingJson object at 0x000001CFCC8A6A20>]}
[0m11:58:06.704824 [debug] [MainThread]: Flushing usage events
[0m11:58:08.026218 [debug] [MainThread]: An error was encountered while trying to flush usage events
[0m12:03:36.689449 [debug] [MainThread]: Sending event: {'category': 'dbt', 'action': 'invocation', 'label': 'start', 'context': [<snowplow_tracker.self_describing_json.SelfDescribingJson object at 0x000001B5E011A120>, <snowplow_tracker.self_describing_json.SelfDescribingJson object at 0x000001B5DF47A570>, <snowplow_tracker.self_describing_json.SelfDescribingJson object at 0x000001B5DFD1CCE0>]}


============================== 12:03:36.695416 | 2114aead-7e11-4b9f-8030-c61aa07f7e4c ==============================
[0m12:03:36.695416 [info ] [MainThread]: Running with dbt=1.12.4
[0m12:03:36.695416 [debug] [MainThread]: running dbt with arguments {'version_check': 'True', 'no_print': 'None', 'static_parser': 'True', 'target_path': 'None', 'warn_error_options': 'WarnErrorOptionsV2(error=[], warn=[], silence=[])', 'maximum_seed_size_mib': '1', 'printer_width': '80', 'write_json': 'True', 'introspect': 'True', 'log_cache_events': 'False', 'empty': 'None', 'cache_selected_only': 'False', 'fail_fast': 'False', 'debug': 'False', 'log_format': 'default', 'profiles_dir': 'C:\\Users\\PavanP\\.dbt', 'send_anonymous_usage_stats': 'True', 'quiet': 'False', 'warn_error': 'None', 'partial_parse': 'True', 'indirect_selection': 'eager', 'hints_enabled': 'True', 'use_colors': 'True', 'use_experimental_parser': 'False', 'invocation_command': 'dbt debug', 'log_path': 'logs'}
[0m12:03:36.709912 [info ] [MainThread]: dbt version: 1.12.4
[0m12:03:36.709912 [info ] [MainThread]: python version: 3.12.13
[0m12:03:36.709912 [info ] [MainThread]: python path: C:\Users\PavanP\miniconda3\envs\dataeng\python.exe
[0m12:03:36.709912 [info ] [MainThread]: os info: Windows-11-10.0.26200-SP0
[0m12:03:37.809724 [debug] [MainThread]: Snowflake adapter: Setting snowflake.connector to ERROR (file logging only)
[0m12:03:37.809724 [debug] [MainThread]: Snowflake adapter: Setting botocore to ERROR (file logging only)
[0m12:03:37.809724 [debug] [MainThread]: Snowflake adapter: Setting boto3 to ERROR (file logging only)
[0m12:03:38.274216 [info ] [MainThread]: Using profiles dir at C:\Users\PavanP\.dbt
[0m12:03:38.274216 [info ] [MainThread]: Using profiles.yml file at C:\Users\PavanP\.dbt\profiles.yml
[0m12:03:38.274216 [info ] [MainThread]: Using dbt_project.yml file at C:\Users\PavanP\Desktop\health360_dbt\dbt_project.yml
[0m12:03:38.274216 [info ] [MainThread]: adapter type: snowflake
[0m12:03:38.274216 [info ] [MainThread]: adapter version: 1.12.0
[0m12:03:38.274216 [info ] [MainThread]: Configuration:
[0m12:03:38.274216 [info ] [MainThread]:   profiles.yml file [[32mOK found and valid[0m]
[0m12:03:38.279066 [info ] [MainThread]:   dbt_project.yml file [[31mERROR not found[0m]
[0m12:03:38.279066 [info ] [MainThread]: Required dependencies:
[0m12:03:38.279066 [debug] [MainThread]: Executing "git --help"
[0m12:03:38.827298 [debug] [MainThread]: STDOUT: "b"usage: git [-v | --version] [-h | --help] [-C <path>] [-c <name>=<value>]\n           [--exec-path[=<path>]] [--html-path] [--man-path] [--info-path]\n           [-p | --paginate | -P | --no-pager] [--no-replace-objects] [--no-lazy-fetch]\n           [--no-optional-locks] [--no-advice] [--bare] [--git-dir=<path>]\n           [--work-tree=<path>] [--namespace=<name>] [--config-env=<name>=<envvar>]\n           <command> [<args>]\n\nThese are common Git commands used in various situations:\n\nstart a working area (see also: git help tutorial)\n   clone      Clone a repository into a new directory\n   init       Create an empty Git repository or reinitialize an existing one\n\nwork on the current change (see also: git help everyday)\n   add        Add file contents to the index\n   mv         Move or rename a file, a directory, or a symlink\n   restore    Restore working tree files\n   rm         Remove files from the working tree and from the index\n\nexamine the history and state (see also: git help revisions)\n   bisect     Use binary search to find the commit that introduced a bug\n   diff       Show changes between commits, commit and working tree, etc\n   grep       Print lines matching a pattern\n   log        Show commit logs\n   show       Show various types of objects\n   status     Show the working tree status\n\ngrow, mark and tweak your common history\n   backfill   Download missing objects in a partial clone\n   branch     List, create, or delete branches\n   commit     Record changes to the repository\n   history    EXPERIMENTAL: Rewrite history\n   merge      Join two or more development histories together\n   rebase     Reapply commits on top of another base tip\n   reset      Set `HEAD` or the index to a known state\n   switch     Switch branches\n   tag        Create, list, delete or verify tags\n\ncollaborate (see also: git help workflows)\n   fetch      Download objects and refs from another repository\n   pull       Fetch from and integrate with another repository or a local branch\n   push       Update remote refs along with associated objects\n\n'git help -a' and 'git help -g' list available subcommands and some\nconcept guides. See 'git help <command>' or 'git help <concept>'\nto read about a specific subcommand or concept.\nSee 'git help git' for an overview of the system.\n""
[0m12:03:38.827298 [debug] [MainThread]: STDERR: "b''"
[0m12:03:38.827298 [info ] [MainThread]:  - git [[32mOK found[0m]

[0m12:03:38.827298 [info ] [MainThread]: Connection:
[0m12:03:38.827298 [info ] [MainThread]:   account: CHNAFLS-ZSB47658
[0m12:03:38.834207 [info ] [MainThread]:   user: SAIPRASANTH
[0m12:03:38.834207 [info ] [MainThread]:   database: HEALTH360_PROJECT
[0m12:03:38.834207 [info ] [MainThread]:   warehouse: HEALTH_WH
[0m12:03:38.834207 [info ] [MainThread]:   role: ACCOUNTADMIN
[0m12:03:38.834207 [info ] [MainThread]:   schema: STAGING
[0m12:03:38.834207 [info ] [MainThread]:   authenticator: None
[0m12:03:38.834207 [info ] [MainThread]:   oauth_client_id: None
[0m12:03:38.834207 [info ] [MainThread]:   query_tag: None
[0m12:03:38.834207 [info ] [MainThread]:   client_session_keep_alive: False
[0m12:03:38.834207 [info ] [MainThread]:   host: None
[0m12:03:38.837422 [info ] [MainThread]:   port: None
[0m12:03:38.837422 [info ] [MainThread]:   proxy_host: None
[0m12:03:38.837422 [info ] [MainThread]:   proxy_port: None
[0m12:03:38.837422 [info ] [MainThread]:   protocol: None
[0m12:03:38.837422 [info ] [MainThread]:   connect_retries: 1
[0m12:03:38.837422 [info ] [MainThread]:   connect_timeout: None
[0m12:03:38.837422 [info ] [MainThread]:   retry_on_database_errors: False
[0m12:03:38.837422 [info ] [MainThread]:   retry_all: False
[0m12:03:38.837422 [info ] [MainThread]:   insecure_mode: False
[0m12:03:38.837422 [info ] [MainThread]:   reuse_connections: True
[0m12:03:38.837422 [info ] [MainThread]:   s3_stage_vpce_dns_name: None
[0m12:03:38.837422 [info ] [MainThread]:   workload_identity_provider: None
[0m12:03:38.837422 [info ] [MainThread]:   workload_identity_entra_resource: None
[0m12:03:38.837422 [info ] [MainThread]:   platform_detection_timeout_seconds: 0.0
[0m12:03:38.837422 [info ] [MainThread]: Registered adapter: snowflake=1.12.0
[0m12:03:39.227878 [debug] [MainThread]: Acquiring new snowflake connection 'debug'
[0m12:03:39.227878 [debug] [MainThread]: Using snowflake connection "debug"
[0m12:03:39.227878 [debug] [MainThread]: On debug: select 1 as id
[0m12:03:39.235021 [debug] [MainThread]: Opening a new connection, currently in state init
[0m12:03:42.690926 [debug] [MainThread]: SQL status: SUCCESS 1 in 3.456 seconds
[0m12:03:42.692778 [info ] [MainThread]:   Connection test: [[32mOK connection ok[0m]

[0m12:03:42.692778 [info ] [MainThread]: [31m1 check failed:[0m
[0m12:03:42.692778 [info ] [MainThread]: Project loading failed for the following reason:
 project path <C:\Users\PavanP\Desktop\health360_dbt\dbt_project.yml> not found

[0m12:03:42.692778 [debug] [MainThread]: Command `dbt debug` failed at 12:03:42.692778 after 6.18 seconds
[0m12:03:42.692778 [debug] [MainThread]: Connection 'debug' was left open.
[0m12:03:42.692778 [debug] [MainThread]: On debug: Close
[0m12:03:44.292553 [debug] [MainThread]: Sending event: {'category': 'dbt', 'action': 'invocation', 'label': 'end', 'context': [<snowplow_tracker.self_describing_json.SelfDescribingJson object at 0x000001B5DF47A570>, <snowplow_tracker.self_describing_json.SelfDescribingJson object at 0x000001B5FEED5970>, <snowplow_tracker.self_describing_json.SelfDescribingJson object at 0x000001B5FC62A420>]}
[0m12:03:44.292553 [debug] [MainThread]: Flushing usage events
[0m12:03:46.160466 [debug] [MainThread]: An error was encountered while trying to flush usage events
[0m12:04:28.525758 [debug] [MainThread]: Sending event: {'category': 'dbt', 'action': 'invocation', 'label': 'start', 'context': [<snowplow_tracker.self_describing_json.SelfDescribingJson object at 0x000001EBD917DE20>, <snowplow_tracker.self_describing_json.SelfDescribingJson object at 0x000001EBDCB4A540>, <snowplow_tracker.self_describing_json.SelfDescribingJson object at 0x000001EBDCAEAC30>]}


============================== 12:04:28.525758 | 0f72b991-c887-4971-ba4a-29a5dcba69a0 ==============================
[0m12:04:28.525758 [info ] [MainThread]: Running with dbt=1.12.4
[0m12:04:28.525758 [debug] [MainThread]: running dbt with arguments {'maximum_seed_size_mib': '1', 'no_print': 'None', 'static_parser': 'True', 'warn_error_options': 'WarnErrorOptionsV2(error=[], warn=[], silence=[])', 'target_path': 'None', 'version_check': 'True', 'printer_width': '80', 'write_json': 'True', 'introspect': 'True', 'log_cache_events': 'False', 'empty': 'None', 'cache_selected_only': 'False', 'log_format': 'default', 'debug': 'False', 'fail_fast': 'False', 'profiles_dir': 'C:\\Users\\PavanP\\.dbt', 'send_anonymous_usage_stats': 'True', 'quiet': 'False', 'warn_error': 'None', 'partial_parse': 'True', 'indirect_selection': 'eager', 'hints_enabled': 'True', 'invocation_command': 'dbt debug', 'use_experimental_parser': 'False', 'use_colors': 'True', 'log_path': 'logs'}
[0m12:04:28.550795 [info ] [MainThread]: dbt version: 1.12.4
[0m12:04:28.550795 [info ] [MainThread]: python version: 3.12.13
[0m12:04:28.550795 [info ] [MainThread]: python path: C:\Users\PavanP\miniconda3\envs\dataeng\python.exe
[0m12:04:28.550795 [info ] [MainThread]: os info: Windows-11-10.0.26200-SP0
[0m12:04:29.283721 [debug] [MainThread]: Snowflake adapter: Setting snowflake.connector to ERROR (file logging only)
[0m12:04:29.283721 [debug] [MainThread]: Snowflake adapter: Setting botocore to ERROR (file logging only)
[0m12:04:29.283721 [debug] [MainThread]: Snowflake adapter: Setting boto3 to ERROR (file logging only)
[0m12:04:29.585500 [info ] [MainThread]: Using profiles dir at C:\Users\PavanP\.dbt
[0m12:04:29.585500 [info ] [MainThread]: Using profiles.yml file at C:\Users\PavanP\.dbt\profiles.yml
[0m12:04:29.585500 [info ] [MainThread]: Using dbt_project.yml file at C:\Users\PavanP\Desktop\health360_dbt\dbt_project.yml
[0m12:04:29.585500 [info ] [MainThread]: adapter type: snowflake
[0m12:04:29.585500 [info ] [MainThread]: adapter version: 1.12.0
[0m12:04:29.585500 [info ] [MainThread]: Configuration:
[0m12:04:29.585500 [info ] [MainThread]:   profiles.yml file [[32mOK found and valid[0m]
[0m12:04:29.585500 [info ] [MainThread]:   dbt_project.yml file [[31mERROR not found[0m]
[0m12:04:29.585500 [info ] [MainThread]: Required dependencies:
[0m12:04:29.585500 [debug] [MainThread]: Executing "git --help"
[0m12:04:29.661081 [debug] [MainThread]: STDOUT: "b"usage: git [-v | --version] [-h | --help] [-C <path>] [-c <name>=<value>]\n           [--exec-path[=<path>]] [--html-path] [--man-path] [--info-path]\n           [-p | --paginate | -P | --no-pager] [--no-replace-objects] [--no-lazy-fetch]\n           [--no-optional-locks] [--no-advice] [--bare] [--git-dir=<path>]\n           [--work-tree=<path>] [--namespace=<name>] [--config-env=<name>=<envvar>]\n           <command> [<args>]\n\nThese are common Git commands used in various situations:\n\nstart a working area (see also: git help tutorial)\n   clone      Clone a repository into a new directory\n   init       Create an empty Git repository or reinitialize an existing one\n\nwork on the current change (see also: git help everyday)\n   add        Add file contents to the index\n   mv         Move or rename a file, a directory, or a symlink\n   restore    Restore working tree files\n   rm         Remove files from the working tree and from the index\n\nexamine the history and state (see also: git help revisions)\n   bisect     Use binary search to find the commit that introduced a bug\n   diff       Show changes between commits, commit and working tree, etc\n   grep       Print lines matching a pattern\n   log        Show commit logs\n   show       Show various types of objects\n   status     Show the working tree status\n\ngrow, mark and tweak your common history\n   backfill   Download missing objects in a partial clone\n   branch     List, create, or delete branches\n   commit     Record changes to the repository\n   history    EXPERIMENTAL: Rewrite history\n   merge      Join two or more development histories together\n   rebase     Reapply commits on top of another base tip\n   reset      Set `HEAD` or the index to a known state\n   switch     Switch branches\n   tag        Create, list, delete or verify tags\n\ncollaborate (see also: git help workflows)\n   fetch      Download objects and refs from another repository\n   pull       Fetch from and integrate with another repository or a local branch\n   push       Update remote refs along with associated objects\n\n'git help -a' and 'git help -g' list available subcommands and some\nconcept guides. See 'git help <command>' or 'git help <concept>'\nto read about a specific subcommand or concept.\nSee 'git help git' for an overview of the system.\n""
[0m12:04:29.663471 [debug] [MainThread]: STDERR: "b''"
[0m12:04:29.663471 [info ] [MainThread]:  - git [[32mOK found[0m]

[0m12:04:29.664494 [info ] [MainThread]: Connection:
[0m12:04:29.664494 [info ] [MainThread]:   account: CHNAFLS-ZSB47658
[0m12:04:29.664494 [info ] [MainThread]:   user: SAIPRASANTH
[0m12:04:29.664494 [info ] [MainThread]:   database: HEALTH360_PROJECT
[0m12:04:29.664494 [info ] [MainThread]:   warehouse: HEALTH_WH
[0m12:04:29.664494 [info ] [MainThread]:   role: health_dwh_role
[0m12:04:29.664494 [info ] [MainThread]:   schema: STAGING
[0m12:04:29.664494 [info ] [MainThread]:   authenticator: None
[0m12:04:29.664494 [info ] [MainThread]:   oauth_client_id: None
[0m12:04:29.664494 [info ] [MainThread]:   query_tag: None
[0m12:04:29.664494 [info ] [MainThread]:   client_session_keep_alive: False
[0m12:04:29.664494 [info ] [MainThread]:   host: None
[0m12:04:29.664494 [info ] [MainThread]:   port: None
[0m12:04:29.664494 [info ] [MainThread]:   proxy_host: None
[0m12:04:29.664494 [info ] [MainThread]:   proxy_port: None
[0m12:04:29.664494 [info ] [MainThread]:   protocol: None
[0m12:04:29.664494 [info ] [MainThread]:   connect_retries: 1
[0m12:04:29.664494 [info ] [MainThread]:   connect_timeout: None
[0m12:04:29.664494 [info ] [MainThread]:   retry_on_database_errors: False
[0m12:04:29.664494 [info ] [MainThread]:   retry_all: False
[0m12:04:29.664494 [info ] [MainThread]:   insecure_mode: False
[0m12:04:29.664494 [info ] [MainThread]:   reuse_connections: True
[0m12:04:29.664494 [info ] [MainThread]:   s3_stage_vpce_dns_name: None
[0m12:04:29.664494 [info ] [MainThread]:   workload_identity_provider: None
[0m12:04:29.664494 [info ] [MainThread]:   workload_identity_entra_resource: None
[0m12:04:29.664494 [info ] [MainThread]:   platform_detection_timeout_seconds: 0.0
[0m12:04:29.664494 [info ] [MainThread]: Registered adapter: snowflake=1.12.0
[0m12:04:30.030809 [debug] [MainThread]: Acquiring new snowflake connection 'debug'
[0m12:04:30.030809 [debug] [MainThread]: Using snowflake connection "debug"
[0m12:04:30.030809 [debug] [MainThread]: On debug: select 1 as id
[0m12:04:30.030809 [debug] [MainThread]: Opening a new connection, currently in state init
[0m12:04:31.922889 [debug] [MainThread]: Snowflake adapter: Error running SQL: select 1 as id
[0m12:04:31.922889 [debug] [MainThread]: Snowflake adapter: Rolling back transaction.
[0m12:04:31.922889 [info ] [MainThread]:   Connection test: [[31mERROR[0m]

[0m12:04:31.922889 [info ] [MainThread]: [31m2 checks failed:[0m
[0m12:04:31.922889 [info ] [MainThread]: Project loading failed for the following reason:
 project path <C:\Users\PavanP\Desktop\health360_dbt\dbt_project.yml> not found

[0m12:04:31.922889 [info ] [MainThread]: dbt was unable to connect to the specified database.
The database returned the following error:

  >Database Error
  390186 (08001): Failed to connect to DB: CHNAFLS-ZSB47658.snowflakecomputing.com:443. Role 'HEALTH_DWH_ROLE' specified in the connect string is not granted to this user, or is not permitted for the credentials being used. Contact your local system administrator, or attempt to login with another role, e.g. PUBLIC.

Check your database credentials and try again. For more information, visit:
https://docs.getdbt.com/docs/configure-your-profile


[0m12:04:31.934653 [debug] [MainThread]: Command `dbt debug` failed at 12:04:31.934653 after 3.59 seconds
[0m12:04:31.934653 [debug] [MainThread]: Connection 'debug' was left open.
[0m12:04:31.934653 [debug] [MainThread]: On debug: No close available on handle
[0m12:04:31.934653 [debug] [MainThread]: Sending event: {'category': 'dbt', 'action': 'invocation', 'label': 'end', 'context': [<snowplow_tracker.self_describing_json.SelfDescribingJson object at 0x000001EBDCAEAC30>, <snowplow_tracker.self_describing_json.SelfDescribingJson object at 0x000001EBDCF3E540>, <snowplow_tracker.self_describing_json.SelfDescribingJson object at 0x000001EBDCA0DBE0>]}
[0m12:04:31.934653 [debug] [MainThread]: Flushing usage events
[0m12:04:33.447813 [debug] [MainThread]: An error was encountered while trying to flush usage events
[0m12:04:48.423803 [debug] [MainThread]: Sending event: {'category': 'dbt', 'action': 'invocation', 'label': 'start', 'context': [<snowplow_tracker.self_describing_json.SelfDescribingJson object at 0x000001A3B97B2450>, <snowplow_tracker.self_describing_json.SelfDescribingJson object at 0x000001A3B7915700>, <snowplow_tracker.self_describing_json.SelfDescribingJson object at 0x000001A3B7917B30>]}


============================== 12:04:48.439824 | 835a9666-22a1-4dab-b553-23f49bccde6c ==============================
[0m12:04:48.439824 [info ] [MainThread]: Running with dbt=1.12.4
[0m12:04:48.439824 [debug] [MainThread]: running dbt with arguments {'maximum_seed_size_mib': '1', 'no_print': 'None', 'static_parser': 'True', 'target_path': 'None', 'warn_error_options': 'WarnErrorOptionsV2(error=[], warn=[], silence=[])', 'version_check': 'True', 'printer_width': '80', 'write_json': 'True', 'empty': 'None', 'log_cache_events': 'False', 'introspect': 'True', 'cache_selected_only': 'False', 'log_format': 'default', 'debug': 'False', 'fail_fast': 'False', 'profiles_dir': 'C:\\Users\\PavanP\\.dbt', 'send_anonymous_usage_stats': 'True', 'quiet': 'False', 'warn_error': 'None', 'partial_parse': 'True', 'indirect_selection': 'eager', 'hints_enabled': 'True', 'invocation_command': 'dbt debug', 'use_experimental_parser': 'False', 'use_colors': 'True', 'log_path': 'logs'}
[0m12:04:48.455599 [info ] [MainThread]: dbt version: 1.12.4
[0m12:04:48.455599 [info ] [MainThread]: python version: 3.12.13
[0m12:04:48.455599 [info ] [MainThread]: python path: C:\Users\PavanP\miniconda3\envs\dataeng\python.exe
[0m12:04:48.455599 [info ] [MainThread]: os info: Windows-11-10.0.26200-SP0
[0m12:04:49.182438 [debug] [MainThread]: Snowflake adapter: Setting snowflake.connector to ERROR (file logging only)
[0m12:04:49.182438 [debug] [MainThread]: Snowflake adapter: Setting botocore to ERROR (file logging only)
[0m12:04:49.182438 [debug] [MainThread]: Snowflake adapter: Setting boto3 to ERROR (file logging only)
[0m12:04:49.497684 [info ] [MainThread]: Using profiles dir at C:\Users\PavanP\.dbt
[0m12:04:49.497684 [info ] [MainThread]: Using profiles.yml file at C:\Users\PavanP\.dbt\profiles.yml
[0m12:04:49.497684 [info ] [MainThread]: Using dbt_project.yml file at C:\Users\PavanP\Desktop\health360_dbt\dbt_project.yml
[0m12:04:49.510415 [info ] [MainThread]: adapter type: snowflake
[0m12:04:49.510415 [info ] [MainThread]: adapter version: 1.12.0
[0m12:04:49.510415 [info ] [MainThread]: Configuration:
[0m12:04:49.510415 [info ] [MainThread]:   profiles.yml file [[32mOK found and valid[0m]
[0m12:04:49.510415 [info ] [MainThread]:   dbt_project.yml file [[31mERROR not found[0m]
[0m12:04:49.512606 [info ] [MainThread]: Required dependencies:
[0m12:04:49.512606 [debug] [MainThread]: Executing "git --help"
[0m12:04:49.566309 [debug] [MainThread]: STDOUT: "b"usage: git [-v | --version] [-h | --help] [-C <path>] [-c <name>=<value>]\n           [--exec-path[=<path>]] [--html-path] [--man-path] [--info-path]\n           [-p | --paginate | -P | --no-pager] [--no-replace-objects] [--no-lazy-fetch]\n           [--no-optional-locks] [--no-advice] [--bare] [--git-dir=<path>]\n           [--work-tree=<path>] [--namespace=<name>] [--config-env=<name>=<envvar>]\n           <command> [<args>]\n\nThese are common Git commands used in various situations:\n\nstart a working area (see also: git help tutorial)\n   clone      Clone a repository into a new directory\n   init       Create an empty Git repository or reinitialize an existing one\n\nwork on the current change (see also: git help everyday)\n   add        Add file contents to the index\n   mv         Move or rename a file, a directory, or a symlink\n   restore    Restore working tree files\n   rm         Remove files from the working tree and from the index\n\nexamine the history and state (see also: git help revisions)\n   bisect     Use binary search to find the commit that introduced a bug\n   diff       Show changes between commits, commit and working tree, etc\n   grep       Print lines matching a pattern\n   log        Show commit logs\n   show       Show various types of objects\n   status     Show the working tree status\n\ngrow, mark and tweak your common history\n   backfill   Download missing objects in a partial clone\n   branch     List, create, or delete branches\n   commit     Record changes to the repository\n   history    EXPERIMENTAL: Rewrite history\n   merge      Join two or more development histories together\n   rebase     Reapply commits on top of another base tip\n   reset      Set `HEAD` or the index to a known state\n   switch     Switch branches\n   tag        Create, list, delete or verify tags\n\ncollaborate (see also: git help workflows)\n   fetch      Download objects and refs from another repository\n   pull       Fetch from and integrate with another repository or a local branch\n   push       Update remote refs along with associated objects\n\n'git help -a' and 'git help -g' list available subcommands and some\nconcept guides. See 'git help <command>' or 'git help <concept>'\nto read about a specific subcommand or concept.\nSee 'git help git' for an overview of the system.\n""
[0m12:04:49.566309 [debug] [MainThread]: STDERR: "b''"
[0m12:04:49.566309 [info ] [MainThread]:  - git [[32mOK found[0m]

[0m12:04:49.566309 [info ] [MainThread]: Connection:
[0m12:04:49.566309 [info ] [MainThread]:   account: CHNAFLS-ZSB47658
[0m12:04:49.566309 [info ] [MainThread]:   user: SAIPRASANTH
[0m12:04:49.566309 [info ] [MainThread]:   database: HEALTH360_PROJECT
[0m12:04:49.566309 [info ] [MainThread]:   warehouse: HEALTH_WH
[0m12:04:49.566309 [info ] [MainThread]:   role: ACCOUNTADMIN
[0m12:04:49.566309 [info ] [MainThread]:   schema: STAGING
[0m12:04:49.566309 [info ] [MainThread]:   authenticator: None
[0m12:04:49.566309 [info ] [MainThread]:   oauth_client_id: None
[0m12:04:49.566309 [info ] [MainThread]:   query_tag: None
[0m12:04:49.566309 [info ] [MainThread]:   client_session_keep_alive: False
[0m12:04:49.566309 [info ] [MainThread]:   host: None
[0m12:04:49.566309 [info ] [MainThread]:   port: None
[0m12:04:49.566309 [info ] [MainThread]:   proxy_host: None
[0m12:04:49.566309 [info ] [MainThread]:   proxy_port: None
[0m12:04:49.566309 [info ] [MainThread]:   protocol: None
[0m12:04:49.566309 [info ] [MainThread]:   connect_retries: 1
[0m12:04:49.566309 [info ] [MainThread]:   connect_timeout: None
[0m12:04:49.566309 [info ] [MainThread]:   retry_on_database_errors: False
[0m12:04:49.566309 [info ] [MainThread]:   retry_all: False
[0m12:04:49.566309 [info ] [MainThread]:   insecure_mode: False
[0m12:04:49.566309 [info ] [MainThread]:   reuse_connections: True
[0m12:04:49.566309 [info ] [MainThread]:   s3_stage_vpce_dns_name: None
[0m12:04:49.566309 [info ] [MainThread]:   workload_identity_provider: None
[0m12:04:49.566309 [info ] [MainThread]:   workload_identity_entra_resource: None
[0m12:04:49.566309 [info ] [MainThread]:   platform_detection_timeout_seconds: 0.0
[0m12:04:49.576753 [info ] [MainThread]: Registered adapter: snowflake=1.12.0
[0m12:04:49.895415 [debug] [MainThread]: Acquiring new snowflake connection 'debug'
[0m12:04:49.895415 [debug] [MainThread]: Using snowflake connection "debug"
[0m12:04:49.895415 [debug] [MainThread]: On debug: select 1 as id
[0m12:04:49.895415 [debug] [MainThread]: Opening a new connection, currently in state init
[0m12:04:52.292979 [debug] [MainThread]: SQL status: SUCCESS 1 in 2.397 seconds
[0m12:04:52.292979 [info ] [MainThread]:   Connection test: [[32mOK connection ok[0m]

[0m12:04:52.292979 [info ] [MainThread]: [31m1 check failed:[0m
[0m12:04:52.292979 [info ] [MainThread]: Project loading failed for the following reason:
 project path <C:\Users\PavanP\Desktop\health360_dbt\dbt_project.yml> not found

[0m12:04:52.292979 [debug] [MainThread]: Command `dbt debug` failed at 12:04:52.292979 after 4.00 seconds
[0m12:04:52.292979 [debug] [MainThread]: Connection 'debug' was left open.
[0m12:04:52.292979 [debug] [MainThread]: On debug: Close
[0m12:04:52.921580 [debug] [MainThread]: Sending event: {'category': 'dbt', 'action': 'invocation', 'label': 'end', 'context': [<snowplow_tracker.self_describing_json.SelfDescribingJson object at 0x000001A3D4056AE0>, <snowplow_tracker.self_describing_json.SelfDescribingJson object at 0x000001A3B7917B30>, <snowplow_tracker.self_describing_json.SelfDescribingJson object at 0x000001A3B7915700>]}
[0m12:04:52.923591 [debug] [MainThread]: Flushing usage events
[0m12:04:54.540709 [debug] [MainThread]: An error was encountered while trying to flush usage events
[0m12:09:13.491821 [debug] [MainThread]: Sending event: {'category': 'dbt', 'action': 'invocation', 'label': 'start', 'context': [<snowplow_tracker.self_describing_json.SelfDescribingJson object at 0x000001F4EA8BB9B0>, <snowplow_tracker.self_describing_json.SelfDescribingJson object at 0x000001F4EA8BAE10>, <snowplow_tracker.self_describing_json.SelfDescribingJson object at 0x000001F4E85E68A0>]}


============================== 12:09:13.504460 | dd029055-58d8-4f84-9f70-778d9aed30bc ==============================
[0m12:09:13.504460 [info ] [MainThread]: Running with dbt=1.12.4
[0m12:09:13.506477 [debug] [MainThread]: running dbt with arguments {'version_check': 'True', 'no_print': 'None', 'maximum_seed_size_mib': '1', 'warn_error_options': 'WarnErrorOptionsV2(error=[], warn=[], silence=[])', 'static_parser': 'True', 'target_path': 'None', 'printer_width': '80', 'write_json': 'True', 'introspect': 'True', 'log_cache_events': 'False', 'empty': 'None', 'cache_selected_only': 'False', 'fail_fast': 'False', 'debug': 'False', 'log_format': 'default', 'partial_parse': 'True', 'send_anonymous_usage_stats': 'True', 'quiet': 'False', 'warn_error': 'None', 'profiles_dir': 'C:\\Users\\PavanP\\.dbt', 'use_colors': 'True', 'hints_enabled': 'True', 'indirect_selection': 'eager', 'use_experimental_parser': 'False', 'invocation_command': 'dbt debug --project-dir .', 'log_path': 'logs'}
[0m12:09:13.554573 [info ] [MainThread]: dbt version: 1.12.4
[0m12:09:13.557026 [info ] [MainThread]: python version: 3.12.13
[0m12:09:13.558448 [info ] [MainThread]: python path: C:\Users\PavanP\miniconda3\envs\dataeng\python.exe
[0m12:09:13.558448 [info ] [MainThread]: os info: Windows-11-10.0.26200-SP0
[0m12:09:15.490736 [debug] [MainThread]: Snowflake adapter: Setting snowflake.connector to ERROR (file logging only)
[0m12:09:15.490736 [debug] [MainThread]: Snowflake adapter: Setting botocore to ERROR (file logging only)
[0m12:09:15.490736 [debug] [MainThread]: Snowflake adapter: Setting boto3 to ERROR (file logging only)
[0m12:09:16.841130 [info ] [MainThread]: Using profiles dir at C:\Users\PavanP\.dbt
[0m12:09:16.841130 [info ] [MainThread]: Using profiles.yml file at C:\Users\PavanP\.dbt\profiles.yml
[0m12:09:16.851731 [info ] [MainThread]: Using dbt_project.yml file at .\dbt_project.yml
[0m12:09:16.851731 [info ] [MainThread]: adapter type: snowflake
[0m12:09:16.855421 [info ] [MainThread]: adapter version: 1.12.0
[0m12:09:16.857170 [info ] [MainThread]: Configuration:
[0m12:09:16.857170 [info ] [MainThread]:   profiles.yml file [[32mOK found and valid[0m]
[0m12:09:16.858991 [info ] [MainThread]:   dbt_project.yml file [[31mERROR not found[0m]
[0m12:09:16.869422 [info ] [MainThread]: Required dependencies:
[0m12:09:16.870444 [debug] [MainThread]: Executing "git --help"
[0m12:09:17.004339 [debug] [MainThread]: STDOUT: "b"usage: git [-v | --version] [-h | --help] [-C <path>] [-c <name>=<value>]\n           [--exec-path[=<path>]] [--html-path] [--man-path] [--info-path]\n           [-p | --paginate | -P | --no-pager] [--no-replace-objects] [--no-lazy-fetch]\n           [--no-optional-locks] [--no-advice] [--bare] [--git-dir=<path>]\n           [--work-tree=<path>] [--namespace=<name>] [--config-env=<name>=<envvar>]\n           <command> [<args>]\n\nThese are common Git commands used in various situations:\n\nstart a working area (see also: git help tutorial)\n   clone      Clone a repository into a new directory\n   init       Create an empty Git repository or reinitialize an existing one\n\nwork on the current change (see also: git help everyday)\n   add        Add file contents to the index\n   mv         Move or rename a file, a directory, or a symlink\n   restore    Restore working tree files\n   rm         Remove files from the working tree and from the index\n\nexamine the history and state (see also: git help revisions)\n   bisect     Use binary search to find the commit that introduced a bug\n   diff       Show changes between commits, commit and working tree, etc\n   grep       Print lines matching a pattern\n   log        Show commit logs\n   show       Show various types of objects\n   status     Show the working tree status\n\ngrow, mark and tweak your common history\n   backfill   Download missing objects in a partial clone\n   branch     List, create, or delete branches\n   commit     Record changes to the repository\n   history    EXPERIMENTAL: Rewrite history\n   merge      Join two or more development histories together\n   rebase     Reapply commits on top of another base tip\n   reset      Set `HEAD` or the index to a known state\n   switch     Switch branches\n   tag        Create, list, delete or verify tags\n\ncollaborate (see also: git help workflows)\n   fetch      Download objects and refs from another repository\n   pull       Fetch from and integrate with another repository or a local branch\n   push       Update remote refs along with associated objects\n\n'git help -a' and 'git help -g' list available subcommands and some\nconcept guides. See 'git help <command>' or 'git help <concept>'\nto read about a specific subcommand or concept.\nSee 'git help git' for an overview of the system.\n""
[0m12:09:17.006809 [debug] [MainThread]: STDERR: "b''"
[0m12:09:17.006809 [info ] [MainThread]:  - git [[32mOK found[0m]

[0m12:09:17.008544 [info ] [MainThread]: Connection:
[0m12:09:17.008544 [info ] [MainThread]:   account: CHNAFLS-ZSB47658
[0m12:09:17.008544 [info ] [MainThread]:   user: SAIPRASANTH
[0m12:09:17.008544 [info ] [MainThread]:   database: HEALTH360_PROJECT
[0m12:09:17.008544 [info ] [MainThread]:   warehouse: HEALTH_WH
[0m12:09:17.013242 [info ] [MainThread]:   role: ACCOUNTADMIN
[0m12:09:17.013242 [info ] [MainThread]:   schema: STAGING
[0m12:09:17.013242 [info ] [MainThread]:   authenticator: None
[0m12:09:17.013242 [info ] [MainThread]:   oauth_client_id: None
[0m12:09:17.013242 [info ] [MainThread]:   query_tag: None
[0m12:09:17.013242 [info ] [MainThread]:   client_session_keep_alive: False
[0m12:09:17.013242 [info ] [MainThread]:   host: None
[0m12:09:17.013242 [info ] [MainThread]:   port: None
[0m12:09:17.013242 [info ] [MainThread]:   proxy_host: None
[0m12:09:17.013242 [info ] [MainThread]:   proxy_port: None
[0m12:09:17.019246 [info ] [MainThread]:   protocol: None
[0m12:09:17.019246 [info ] [MainThread]:   connect_retries: 1
[0m12:09:17.021146 [info ] [MainThread]:   connect_timeout: None
[0m12:09:17.023160 [info ] [MainThread]:   retry_on_database_errors: False
[0m12:09:17.023160 [info ] [MainThread]:   retry_all: False
[0m12:09:17.025177 [info ] [MainThread]:   insecure_mode: False
[0m12:09:17.026510 [info ] [MainThread]:   reuse_connections: True
[0m12:09:17.026814 [info ] [MainThread]:   s3_stage_vpce_dns_name: None
[0m12:09:17.026814 [info ] [MainThread]:   workload_identity_provider: None
[0m12:09:17.026814 [info ] [MainThread]:   workload_identity_entra_resource: None
[0m12:09:17.026814 [info ] [MainThread]:   platform_detection_timeout_seconds: 0.0
[0m12:09:17.026814 [info ] [MainThread]: Registered adapter: snowflake=1.12.0
[0m12:09:17.739802 [debug] [MainThread]: Acquiring new snowflake connection 'debug'
[0m12:09:17.741629 [debug] [MainThread]: Using snowflake connection "debug"
[0m12:09:17.741629 [debug] [MainThread]: On debug: select 1 as id
[0m12:09:17.741629 [debug] [MainThread]: Opening a new connection, currently in state init
[0m12:09:20.847048 [debug] [MainThread]: SQL status: SUCCESS 1 in 3.101 seconds
[0m12:09:20.851085 [info ] [MainThread]:   Connection test: [[32mOK connection ok[0m]

[0m12:09:20.852100 [info ] [MainThread]: [31m1 check failed:[0m
[0m12:09:20.855191 [info ] [MainThread]: Project loading failed for the following reason:
 project path <.\dbt_project.yml> not found

[0m12:09:20.858699 [debug] [MainThread]: Command `dbt debug` failed at 12:09:20.858369 after 7.72 seconds
[0m12:09:20.858699 [debug] [MainThread]: Connection 'debug' was left open.
[0m12:09:20.858699 [debug] [MainThread]: On debug: Close
[0m12:09:21.571368 [debug] [MainThread]: Sending event: {'category': 'dbt', 'action': 'invocation', 'label': 'end', 'context': [<snowplow_tracker.self_describing_json.SelfDescribingJson object at 0x000001F4E8BA3440>, <snowplow_tracker.self_describing_json.SelfDescribingJson object at 0x000001F4EAE183B0>, <snowplow_tracker.self_describing_json.SelfDescribingJson object at 0x000001F487D987D0>]}
[0m12:09:21.573522 [debug] [MainThread]: Flushing usage events
[0m12:09:23.040393 [debug] [MainThread]: An error was encountered while trying to flush usage events
[0m01:04:12.921696 [debug] [MainThread]: Sending event: {'category': 'dbt', 'action': 'invocation', 'label': 'start', 'context': [<snowplow_tracker.self_describing_json.SelfDescribingJson object at 0x00000275D398CEF0>, <snowplow_tracker.self_describing_json.SelfDescribingJson object at 0x00000275D70E6C00>, <snowplow_tracker.self_describing_json.SelfDescribingJson object at 0x00000275D70E70B0>]}


============================== 01:04:12.921696 | c7aa20fe-a61e-4b6a-93a3-b3ea0770f75c ==============================
[0m01:04:12.921696 [info ] [MainThread]: Running with dbt=1.12.4
[0m01:04:12.930267 [debug] [MainThread]: running dbt with arguments {'static_parser': 'True', 'no_print': 'None', 'maximum_seed_size_mib': '1', 'warn_error_options': 'WarnErrorOptionsV2(error=[], warn=[], silence=[])', 'target_path': 'None', 'version_check': 'True', 'printer_width': '80', 'write_json': 'True', 'introspect': 'True', 'log_cache_events': 'False', 'empty': 'None', 'cache_selected_only': 'False', 'fail_fast': 'False', 'debug': 'False', 'log_format': 'default', 'partial_parse': 'True', 'send_anonymous_usage_stats': 'True', 'quiet': 'False', 'warn_error': 'None', 'profiles_dir': 'C:\\Users\\SAIPRASANTHR\\.dbt', 'use_colors': 'True', 'hints_enabled': 'True', 'invocation_command': 'dbt debug', 'use_experimental_parser': 'False', 'indirect_selection': 'eager', 'log_path': 'C:\\Learning\\DBT\\Healthcare_360\\logs'}
[0m01:04:12.970724 [info ] [MainThread]: dbt version: 1.12.4
[0m01:04:12.971905 [info ] [MainThread]: python version: 3.12.13
[0m01:04:12.971905 [info ] [MainThread]: python path: C:\Users\SAIPRASANTHR\.conda\envs\dataeng\python.exe
[0m01:04:12.971905 [info ] [MainThread]: os info: Windows-11-10.0.26200-SP0
[0m01:04:12.971905 [info ] [MainThread]: Using profiles dir at C:\Users\SAIPRASANTHR\.dbt
[0m01:04:12.971905 [info ] [MainThread]: Using profiles.yml file at C:\Users\SAIPRASANTHR\.dbt\profiles.yml
[0m01:04:12.971905 [info ] [MainThread]: Using dbt_project.yml file at C:\Learning\DBT\Healthcare_360\dbt_project.yml
[0m01:04:13.101226 [info ] [MainThread]: Configuration:
[0m01:04:13.101226 [info ] [MainThread]:   profiles.yml file [[31mERROR invalid[0m]
[0m01:04:13.101226 [info ] [MainThread]:   dbt_project.yml file [[32mOK found and valid[0m]
[0m01:04:13.108137 [info ] [MainThread]: Required dependencies:
[0m01:04:13.108137 [debug] [MainThread]: Executing "git --help"
[0m01:04:13.181818 [debug] [MainThread]: STDOUT: "b"usage: git [-v | --version] [-h | --help] [-C <path>] [-c <name>=<value>]\n           [--exec-path[=<path>]] [--html-path] [--man-path] [--info-path]\n           [-p | --paginate | -P | --no-pager] [--no-replace-objects] [--no-lazy-fetch]\n           [--no-optional-locks] [--no-advice] [--bare] [--git-dir=<path>]\n           [--work-tree=<path>] [--namespace=<name>] [--config-env=<name>=<envvar>]\n           <command> [<args>]\n\nThese are common Git commands used in various situations:\n\nstart a working area (see also: git help tutorial)\n   clone      Clone a repository into a new directory\n   init       Create an empty Git repository or reinitialize an existing one\n\nwork on the current change (see also: git help everyday)\n   add        Add file contents to the index\n   mv         Move or rename a file, a directory, or a symlink\n   restore    Restore working tree files\n   rm         Remove files from the working tree and from the index\n\nexamine the history and state (see also: git help revisions)\n   bisect     Use binary search to find the commit that introduced a bug\n   diff       Show changes between commits, commit and working tree, etc\n   grep       Print lines matching a pattern\n   log        Show commit logs\n   show       Show various types of objects\n   status     Show the working tree status\n\ngrow, mark and tweak your common history\n   backfill   Download missing objects in a partial clone\n   branch     List, create, or delete branches\n   commit     Record changes to the repository\n   history    EXPERIMENTAL: Rewrite history\n   merge      Join two or more development histories together\n   rebase     Reapply commits on top of another base tip\n   reset      Set `HEAD` or the index to a known state\n   switch     Switch branches\n   tag        Create, list, delete or verify tags\n\ncollaborate (see also: git help workflows)\n   fetch      Download objects and refs from another repository\n   pull       Fetch from and integrate with another repository or a local branch\n   push       Update remote refs along with associated objects\n\n'git help -a' and 'git help -g' list available subcommands and some\nconcept guides. See 'git help <command>' or 'git help <concept>'\nto read about a specific subcommand or concept.\nSee 'git help git' for an overview of the system.\n""
[0m01:04:13.181818 [debug] [MainThread]: STDERR: "b''"
[0m01:04:13.181818 [info ] [MainThread]:  - git [[32mOK found[0m]

[0m01:04:13.181818 [info ] [MainThread]: Connection test skipped since no profile was found
[0m01:04:13.181818 [info ] [MainThread]: [31m1 check failed:[0m
[0m01:04:13.181818 [info ] [MainThread]: Profile loading failed for the following reason:
Runtime Error
  Could not find profile named 'health360_dbt'


[0m01:04:13.181818 [debug] [MainThread]: Command `dbt debug` failed at 01:04:13.181818 after 0.52 seconds
[0m01:04:13.181818 [debug] [MainThread]: Sending event: {'category': 'dbt', 'action': 'invocation', 'label': 'end', 'context': [<snowplow_tracker.self_describing_json.SelfDescribingJson object at 0x00000275D9098FB0>, <snowplow_tracker.self_describing_json.SelfDescribingJson object at 0x00000275D9098D70>, <snowplow_tracker.self_describing_json.SelfDescribingJson object at 0x00000275D398CEF0>]}
[0m01:04:13.181818 [debug] [MainThread]: Flushing usage events
[0m01:04:14.440428 [debug] [MainThread]: An error was encountered while trying to flush usage events
[0m01:05:04.947626 [debug] [MainThread]: Sending event: {'category': 'dbt', 'action': 'invocation', 'label': 'start', 'context': [<snowplow_tracker.self_describing_json.SelfDescribingJson object at 0x0000020A9365A930>, <snowplow_tracker.self_describing_json.SelfDescribingJson object at 0x0000020A91068830>, <snowplow_tracker.self_describing_json.SelfDescribingJson object at 0x0000020A91767D40>]}


============================== 01:05:04.952331 | 85029212-c02b-4985-b488-a8afc1d33d32 ==============================
[0m01:05:04.952331 [info ] [MainThread]: Running with dbt=1.12.4
[0m01:05:04.952331 [debug] [MainThread]: running dbt with arguments {'static_parser': 'True', 'no_print': 'None', 'version_check': 'True', 'target_path': 'None', 'warn_error_options': 'WarnErrorOptionsV2(error=[], warn=[], silence=[])', 'maximum_seed_size_mib': '1', 'printer_width': '80', 'write_json': 'True', 'empty': 'False', 'log_cache_events': 'False', 'introspect': 'True', 'cache_selected_only': 'False', 'fail_fast': 'False', 'debug': 'False', 'log_format': 'default', 'profiles_dir': 'C:\\Users\\SAIPRASANTHR\\.dbt', 'send_anonymous_usage_stats': 'True', 'quiet': 'False', 'warn_error': 'None', 'partial_parse': 'True', 'invocation_command': 'dbt run -s stg_doctors.sql', 'hints_enabled': 'True', 'indirect_selection': 'eager', 'use_experimental_parser': 'False', 'use_colors': 'True', 'log_path': 'C:\\Learning\\DBT\\Healthcare_360\\logs'}
[0m01:05:04.954339 [error] [MainThread]: [[31mERROR[0m]: Encountered an error:
Runtime Error
  Could not find profile named 'health360_dbt'
[0m01:05:04.956345 [debug] [MainThread]: Command `dbt run` failed at 01:05:04.956345 after 0.33 seconds
[0m01:05:04.956345 [debug] [MainThread]: Sending event: {'category': 'dbt', 'action': 'invocation', 'label': 'end', 'context': [<snowplow_tracker.self_describing_json.SelfDescribingJson object at 0x0000020A95728410>, <snowplow_tracker.self_describing_json.SelfDescribingJson object at 0x0000020A95552900>, <snowplow_tracker.self_describing_json.SelfDescribingJson object at 0x0000020A956DAAE0>]}
[0m01:05:04.956345 [debug] [MainThread]: Flushing usage events
[0m01:05:05.960234 [debug] [MainThread]: An error was encountered while trying to flush usage events
[0m01:15:06.315031 [debug] [MainThread]: Sending event: {'category': 'dbt', 'action': 'invocation', 'label': 'start', 'context': [<snowplow_tracker.self_describing_json.SelfDescribingJson object at 0x000001C4EE71B2F0>, <snowplow_tracker.self_describing_json.SelfDescribingJson object at 0x000001C4EC6AABA0>, <snowplow_tracker.self_describing_json.SelfDescribingJson object at 0x000001C4EE71B5F0>]}


============================== 01:15:06.315031 | aea36124-5b31-4ca3-bdb7-32254a1f2082 ==============================
[0m01:15:06.315031 [info ] [MainThread]: Running with dbt=1.12.4
[0m01:15:06.330710 [debug] [MainThread]: running dbt with arguments {'version_check': 'True', 'no_print': 'None', 'static_parser': 'True', 'warn_error_options': 'WarnErrorOptionsV2(error=[], warn=[], silence=[])', 'target_path': 'None', 'maximum_seed_size_mib': '1', 'printer_width': '80', 'write_json': 'True', 'empty': 'None', 'log_cache_events': 'False', 'introspect': 'True', 'cache_selected_only': 'False', 'log_format': 'default', 'debug': 'False', 'fail_fast': 'False', 'partial_parse': 'True', 'send_anonymous_usage_stats': 'True', 'quiet': 'False', 'warn_error': 'None', 'profiles_dir': 'C:\\Users\\SAIPRASANTHR\\.dbt', 'invocation_command': 'dbt debug', 'hints_enabled': 'True', 'use_colors': 'True', 'use_experimental_parser': 'False', 'indirect_selection': 'eager', 'log_path': 'C:\\Learning\\DBT\\Healthcare_360\\logs'}
[0m01:15:06.362346 [info ] [MainThread]: dbt version: 1.12.4
[0m01:15:06.362346 [info ] [MainThread]: python version: 3.12.13
[0m01:15:06.362346 [info ] [MainThread]: python path: C:\Users\SAIPRASANTHR\.conda\envs\dataeng\python.exe
[0m01:15:06.362346 [info ] [MainThread]: os info: Windows-11-10.0.26200-SP0
[0m01:15:18.094366 [debug] [MainThread]: Snowflake adapter: Setting snowflake.connector to ERROR (file logging only)
[0m01:15:18.094366 [debug] [MainThread]: Snowflake adapter: Setting botocore to ERROR (file logging only)
[0m01:15:18.094366 [debug] [MainThread]: Snowflake adapter: Setting boto3 to ERROR (file logging only)
[0m01:15:25.000881 [info ] [MainThread]: Using profiles dir at C:\Users\SAIPRASANTHR\.dbt
[0m01:15:25.015943 [info ] [MainThread]: Using profiles.yml file at C:\Users\SAIPRASANTHR\.dbt\profiles.yml
[0m01:15:25.015943 [info ] [MainThread]: Using dbt_project.yml file at C:\Learning\DBT\Healthcare_360\dbt_project.yml
[0m01:15:25.015943 [info ] [MainThread]: adapter type: snowflake
[0m01:15:25.015943 [info ] [MainThread]: adapter version: 1.12.0
[0m01:15:25.154568 [info ] [MainThread]: Configuration:
[0m01:15:25.154568 [info ] [MainThread]:   profiles.yml file [[32mOK found and valid[0m]
[0m01:15:25.156587 [info ] [MainThread]:   dbt_project.yml file [[32mOK found and valid[0m]
[0m01:15:25.158101 [info ] [MainThread]: Required dependencies:
[0m01:15:25.160129 [debug] [MainThread]: Executing "git --help"
[0m01:15:25.255101 [debug] [MainThread]: STDOUT: "b"usage: git [-v | --version] [-h | --help] [-C <path>] [-c <name>=<value>]\n           [--exec-path[=<path>]] [--html-path] [--man-path] [--info-path]\n           [-p | --paginate | -P | --no-pager] [--no-replace-objects] [--no-lazy-fetch]\n           [--no-optional-locks] [--no-advice] [--bare] [--git-dir=<path>]\n           [--work-tree=<path>] [--namespace=<name>] [--config-env=<name>=<envvar>]\n           <command> [<args>]\n\nThese are common Git commands used in various situations:\n\nstart a working area (see also: git help tutorial)\n   clone      Clone a repository into a new directory\n   init       Create an empty Git repository or reinitialize an existing one\n\nwork on the current change (see also: git help everyday)\n   add        Add file contents to the index\n   mv         Move or rename a file, a directory, or a symlink\n   restore    Restore working tree files\n   rm         Remove files from the working tree and from the index\n\nexamine the history and state (see also: git help revisions)\n   bisect     Use binary search to find the commit that introduced a bug\n   diff       Show changes between commits, commit and working tree, etc\n   grep       Print lines matching a pattern\n   log        Show commit logs\n   show       Show various types of objects\n   status     Show the working tree status\n\ngrow, mark and tweak your common history\n   backfill   Download missing objects in a partial clone\n   branch     List, create, or delete branches\n   commit     Record changes to the repository\n   history    EXPERIMENTAL: Rewrite history\n   merge      Join two or more development histories together\n   rebase     Reapply commits on top of another base tip\n   reset      Set `HEAD` or the index to a known state\n   switch     Switch branches\n   tag        Create, list, delete or verify tags\n\ncollaborate (see also: git help workflows)\n   fetch      Download objects and refs from another repository\n   pull       Fetch from and integrate with another repository or a local branch\n   push       Update remote refs along with associated objects\n\n'git help -a' and 'git help -g' list available subcommands and some\nconcept guides. See 'git help <command>' or 'git help <concept>'\nto read about a specific subcommand or concept.\nSee 'git help git' for an overview of the system.\n""
[0m01:15:25.255101 [debug] [MainThread]: STDERR: "b''"
[0m01:15:25.255101 [info ] [MainThread]:  - git [[32mOK found[0m]

[0m01:15:25.255101 [info ] [MainThread]: Connection:
[0m01:15:25.257114 [info ] [MainThread]:   account: CHNAFLS-ZSB47658
[0m01:15:25.257114 [info ] [MainThread]:   user: SAIPRASANTH
[0m01:15:25.257114 [info ] [MainThread]:   database: HEALTH360_PROJECT
[0m01:15:25.259125 [info ] [MainThread]:   warehouse: TRANSFORM_WH
[0m01:15:25.259125 [info ] [MainThread]:   role: analyticsengineer
[0m01:15:25.259125 [info ] [MainThread]:   schema: RAW
[0m01:15:25.261136 [info ] [MainThread]:   authenticator: None
[0m01:15:25.261136 [info ] [MainThread]:   oauth_client_id: None
[0m01:15:25.261136 [info ] [MainThread]:   query_tag: None
[0m01:15:25.261136 [info ] [MainThread]:   client_session_keep_alive: False
[0m01:15:25.263454 [info ] [MainThread]:   host: None
[0m01:15:25.263454 [info ] [MainThread]:   port: None
[0m01:15:25.264497 [info ] [MainThread]:   proxy_host: None
[0m01:15:25.264497 [info ] [MainThread]:   proxy_port: None
[0m01:15:25.265114 [info ] [MainThread]:   protocol: None
[0m01:15:25.265114 [info ] [MainThread]:   connect_retries: 1
[0m01:15:25.265114 [info ] [MainThread]:   connect_timeout: None
[0m01:15:25.265114 [info ] [MainThread]:   retry_on_database_errors: False
[0m01:15:25.265114 [info ] [MainThread]:   retry_all: False
[0m01:15:25.265114 [info ] [MainThread]:   insecure_mode: False
[0m01:15:25.267258 [info ] [MainThread]:   reuse_connections: True
[0m01:15:25.267602 [info ] [MainThread]:   s3_stage_vpce_dns_name: None
[0m01:15:25.267949 [info ] [MainThread]:   workload_identity_provider: None
[0m01:15:25.268702 [info ] [MainThread]:   workload_identity_entra_resource: None
[0m01:15:25.268702 [info ] [MainThread]:   platform_detection_timeout_seconds: 0.0
[0m01:15:25.268702 [info ] [MainThread]: Registered adapter: snowflake=1.12.0
[0m01:15:26.046824 [debug] [MainThread]: Acquiring new snowflake connection 'debug'
[0m01:15:26.051933 [debug] [MainThread]: Using snowflake connection "debug"
[0m01:15:26.051933 [debug] [MainThread]: On debug: select 1 as id
[0m01:15:26.051933 [debug] [MainThread]: Opening a new connection, currently in state init
[0m01:15:28.936582 [debug] [MainThread]: SQL status: SUCCESS 1 in 2.879 seconds
[0m01:15:28.936582 [info ] [MainThread]:   Connection test: [[32mOK connection ok[0m]

[0m01:15:28.945938 [info ] [MainThread]: [32mAll checks passed![0m
[0m01:15:28.946527 [debug] [MainThread]: Command `dbt debug` succeeded at 01:15:28.946527 after 22.85 seconds
[0m01:15:28.946527 [debug] [MainThread]: Connection 'debug' was left open.
[0m01:15:28.946527 [debug] [MainThread]: On debug: Close
[0m01:15:29.942905 [debug] [MainThread]: Sending event: {'category': 'dbt', 'action': 'invocation', 'label': 'end', 'context': [<snowplow_tracker.self_describing_json.SelfDescribingJson object at 0x000001C4F13A5460>, <snowplow_tracker.self_describing_json.SelfDescribingJson object at 0x000001C4ECC2B320>, <snowplow_tracker.self_describing_json.SelfDescribingJson object at 0x000001C4F46FFAA0>]}
[0m01:15:29.945853 [debug] [MainThread]: Flushing usage events
[0m01:15:31.030879 [debug] [MainThread]: An error was encountered while trying to flush usage events
[0m01:16:23.520975 [debug] [MainThread]: Sending event: {'category': 'dbt', 'action': 'invocation', 'label': 'start', 'context': [<snowplow_tracker.self_describing_json.SelfDescribingJson object at 0x00000140A919A660>, <snowplow_tracker.self_describing_json.SelfDescribingJson object at 0x00000140A9408590>, <snowplow_tracker.self_describing_json.SelfDescribingJson object at 0x00000140A9408410>]}


============================== 01:16:23.536843 | 25a62a6b-2991-4afb-9b9b-792b567db0ad ==============================
[0m01:16:23.536843 [info ] [MainThread]: Running with dbt=1.12.4
[0m01:16:23.536843 [debug] [MainThread]: running dbt with arguments {'maximum_seed_size_mib': '1', 'no_print': 'None', 'version_check': 'True', 'warn_error_options': 'WarnErrorOptionsV2(error=[], warn=[], silence=[])', 'target_path': 'None', 'static_parser': 'True', 'printer_width': '80', 'write_json': 'True', 'introspect': 'True', 'log_cache_events': 'False', 'empty': 'False', 'cache_selected_only': 'False', 'log_format': 'default', 'debug': 'False', 'fail_fast': 'False', 'profiles_dir': 'C:\\Users\\SAIPRASANTHR\\.dbt', 'send_anonymous_usage_stats': 'True', 'quiet': 'False', 'warn_error': 'None', 'partial_parse': 'True', 'indirect_selection': 'eager', 'hints_enabled': 'True', 'use_colors': 'True', 'use_experimental_parser': 'False', 'invocation_command': 'dbt run --select staging', 'log_path': 'C:\\Learning\\DBT\\Healthcare_360\\logs'}
[0m01:16:24.523398 [debug] [MainThread]: Snowflake adapter: Setting snowflake.connector to ERROR (file logging only)
[0m01:16:24.523398 [debug] [MainThread]: Snowflake adapter: Setting botocore to ERROR (file logging only)
[0m01:16:24.523398 [debug] [MainThread]: Snowflake adapter: Setting boto3 to ERROR (file logging only)
[0m01:16:25.018806 [debug] [MainThread]: Sending event: {'category': 'dbt', 'action': 'project_id', 'label': '25a62a6b-2991-4afb-9b9b-792b567db0ad', 'context': [<snowplow_tracker.self_describing_json.SelfDescribingJson object at 0x00000140B08A0E00>]}
[0m01:16:25.073694 [debug] [MainThread]: Sending event: {'category': 'dbt', 'action': 'adapter_info', 'label': '25a62a6b-2991-4afb-9b9b-792b567db0ad', 'context': [<snowplow_tracker.self_describing_json.SelfDescribingJson object at 0x00000140B08A3830>]}
[0m01:16:25.073694 [info ] [MainThread]: Registered adapter: snowflake=1.12.0
[0m01:16:25.688446 [debug] [MainThread]: checksum: 43c1271578ffc3f5e4620ff56cb8f61de61442f145dd894dfbd4e3c7f22810bf, vars: {}, profile: health360_dbt, target: dev, version: 1.12.4
[0m01:16:25.700958 [info ] [MainThread]: Unable to do partial parsing because saved manifest not found. Starting full parse.
[0m01:16:25.700958 [debug] [MainThread]: Sending event: {'category': 'dbt', 'action': 'partial_parser', 'label': '25a62a6b-2991-4afb-9b9b-792b567db0ad', 'context': [<snowplow_tracker.self_describing_json.SelfDescribingJson object at 0x00000140A8DBCEF0>]}
[0m01:16:31.960983 [warn ] [MainThread]: [[33mWARNING[0m]: Configuration paths exist in your dbt_project.yml file which do not apply to any resources.
There are 1 unused configuration paths:
- models.Healthcare_360.example.marts
[0m01:16:31.969119 [debug] [MainThread]: Sending event: {'category': 'dbt', 'action': 'load_project', 'label': '25a62a6b-2991-4afb-9b9b-792b567db0ad', 'context': [<snowplow_tracker.self_describing_json.SelfDescribingJson object at 0x00000140B24E13A0>]}
[0m01:16:32.061199 [debug] [MainThread]: Wrote artifact WritableManifest to C:\Learning\DBT\Healthcare_360\target\manifest.json
[0m01:16:32.116915 [debug] [MainThread]: Wrote artifact SemanticManifest to C:\Learning\DBT\Healthcare_360\target\semantic_manifest.json
[0m01:16:32.204168 [debug] [MainThread]: Wrote artifact OsiDocument to C:\Learning\DBT\Healthcare_360\target\osi_document.json
[0m01:16:32.219884 [debug] [MainThread]: Sending event: {'category': 'dbt', 'action': 'resource_counts', 'label': '25a62a6b-2991-4afb-9b9b-792b567db0ad', 'context': [<snowplow_tracker.self_describing_json.SelfDescribingJson object at 0x00000140B2555760>]}
[0m01:16:32.219884 [info ] [MainThread]: Found 6 models, 8 sources, 545 macros
[0m01:16:32.219884 [debug] [MainThread]: Sending event: {'category': 'dbt', 'action': 'runnable_timing', 'label': '25a62a6b-2991-4afb-9b9b-792b567db0ad', 'context': [<snowplow_tracker.self_describing_json.SelfDescribingJson object at 0x00000140B24CFB60>]}
[0m01:16:32.219884 [warn ] [MainThread]: [[33mWARNING[0m]: The selection criterion 'staging' does not match any enabled nodes
[0m01:16:32.219884 [warn ] [MainThread]: [[33mWARNING[0m]: Nothing to do. Try checking your model configs and model specification args
[0m01:16:32.219884 [debug] [MainThread]: Command end result
[0m01:16:32.264747 [debug] [MainThread]: Wrote artifact WritableManifest to C:\Learning\DBT\Healthcare_360\target\manifest.json
[0m01:16:32.272908 [debug] [MainThread]: Wrote artifact SemanticManifest to C:\Learning\DBT\Healthcare_360\target\semantic_manifest.json
[0m01:16:32.277032 [debug] [MainThread]: Wrote artifact OsiDocument to C:\Learning\DBT\Healthcare_360\target\osi_document.json
[0m01:16:32.280955 [debug] [MainThread]: Wrote artifact RunExecutionResult to C:\Learning\DBT\Healthcare_360\target\run_results.json
[0m01:16:32.280955 [debug] [MainThread]: Command `dbt run` succeeded at 01:16:32.280955 after 8.94 seconds
[0m01:16:32.280955 [debug] [MainThread]: Sending event: {'category': 'dbt', 'action': 'invocation', 'label': 'end', 'context': [<snowplow_tracker.self_describing_json.SelfDescribingJson object at 0x00000140AAFA84A0>, <snowplow_tracker.self_describing_json.SelfDescribingJson object at 0x00000140B24F1A00>, <snowplow_tracker.self_describing_json.SelfDescribingJson object at 0x00000140B0D71040>]}
[0m01:16:32.280955 [debug] [MainThread]: Flushing usage events
[0m01:16:33.260195 [debug] [MainThread]: An error was encountered while trying to flush usage events
[0m01:26:25.441794 [debug] [MainThread]: Sending event: {'category': 'dbt', 'action': 'invocation', 'label': 'start', 'context': [<snowplow_tracker.self_describing_json.SelfDescribingJson object at 0x000001B30C365CD0>, <snowplow_tracker.self_describing_json.SelfDescribingJson object at 0x000001B3098587A0>, <snowplow_tracker.self_describing_json.SelfDescribingJson object at 0x000001B30A0EDE20>]}


============================== 01:26:25.457595 | 8aadc7b8-5069-4d68-acbb-44380bac6f71 ==============================
[0m01:26:25.457595 [info ] [MainThread]: Running with dbt=1.12.4
[0m01:26:25.457595 [debug] [MainThread]: running dbt with arguments {'maximum_seed_size_mib': '1', 'no_print': 'None', 'static_parser': 'True', 'warn_error_options': 'WarnErrorOptionsV2(error=[], warn=[], silence=[])', 'version_check': 'True', 'target_path': 'None', 'printer_width': '80', 'write_json': 'True', 'empty': 'None', 'log_cache_events': 'False', 'introspect': 'True', 'cache_selected_only': 'False', 'fail_fast': 'False', 'debug': 'False', 'log_format': 'default', 'partial_parse': 'True', 'send_anonymous_usage_stats': 'True', 'quiet': 'False', 'warn_error': 'None', 'profiles_dir': 'C:\\Users\\SAIPRASANTHR\\.dbt', 'use_colors': 'True', 'hints_enabled': 'True', 'invocation_command': 'dbt deps', 'use_experimental_parser': 'False', 'indirect_selection': 'eager', 'log_path': 'C:\\Learning\\DBT\\Healthcare_360\\logs'}
[0m01:26:25.631353 [debug] [MainThread]: Sending event: {'category': 'dbt', 'action': 'project_id', 'label': '8aadc7b8-5069-4d68-acbb-44380bac6f71', 'context': [<snowplow_tracker.self_describing_json.SelfDescribingJson object at 0x000001B30DE790D0>]}
[0m01:26:25.680204 [debug] [MainThread]: Set downloads directory='C:\Users\SAIPRA~1\AppData\Local\Temp\dbt-downloads-m5_ag112'
[0m01:26:25.680204 [debug] [MainThread]: Making package index registry request: GET https://hub.getdbt.com/api/v1/index.json
[0m01:26:25.933165 [debug] [MainThread]: Response from registry index: GET https://hub.getdbt.com/api/v1/index.json 200
[0m01:26:25.936794 [debug] [MainThread]: Making package registry request: GET https://hub.getdbt.com/api/v1/dbt-labs/dbt_utils.json
[0m01:26:26.051136 [debug] [MainThread]: Response from registry: GET https://hub.getdbt.com/api/v1/dbt-labs/dbt_utils.json 200
[0m01:26:26.080924 [info ] [MainThread]: Updating lock file in file path: C:\Learning\DBT\Healthcare_360/package-lock.yml
[0m01:26:26.098946 [debug] [MainThread]: Set downloads directory='C:\Users\SAIPRA~1\AppData\Local\Temp\dbt-downloads-vj64hboy'
[0m01:26:26.103772 [info ] [MainThread]: Installing dbt-labs/dbt_utils
[0m01:26:27.539520 [info ] [MainThread]: Installed from version 1.4.1
[0m01:26:27.544088 [info ] [MainThread]: Up to date!
[0m01:26:27.544088 [debug] [MainThread]: Sending event: {'category': 'dbt', 'action': 'package', 'label': '8aadc7b8-5069-4d68-acbb-44380bac6f71', 'property_': 'install', 'context': [<snowplow_tracker.self_describing_json.SelfDescribingJson object at 0x000001B30E192240>, <snowplow_tracker.self_describing_json.SelfDescribingJson object at 0x000001B30C2CC8F0>]}
[0m01:26:27.546103 [debug] [MainThread]: Command `dbt deps` succeeded at 01:26:27.546103 after 2.29 seconds
[0m01:26:27.546103 [debug] [MainThread]: Sending event: {'category': 'dbt', 'action': 'invocation', 'label': 'end', 'context': [<snowplow_tracker.self_describing_json.SelfDescribingJson object at 0x000001B30DE8AA20>, <snowplow_tracker.self_describing_json.SelfDescribingJson object at 0x000001B30C3302C0>, <snowplow_tracker.self_describing_json.SelfDescribingJson object at 0x000001B30C331100>]}
[0m01:26:27.546103 [debug] [MainThread]: Flushing usage events
[0m01:26:28.598495 [debug] [MainThread]: An error was encountered while trying to flush usage events
[0m01:29:25.744805 [debug] [MainThread]: Sending event: {'category': 'dbt', 'action': 'invocation', 'label': 'start', 'context': [<snowplow_tracker.self_describing_json.SelfDescribingJson object at 0x000002571D453740>, <snowplow_tracker.self_describing_json.SelfDescribingJson object at 0x000002571864BB90>, <snowplow_tracker.self_describing_json.SelfDescribingJson object at 0x000002571D453950>]}


============================== 01:29:25.751764 | 51ae4adb-6e90-4d88-8586-731a10094bcf ==============================
[0m01:29:25.751764 [info ] [MainThread]: Running with dbt=1.12.4
[0m01:29:25.751764 [debug] [MainThread]: running dbt with arguments {'static_parser': 'True', 'no_print': 'None', 'maximum_seed_size_mib': '1', 'warn_error_options': 'WarnErrorOptionsV2(error=[], warn=[], silence=[])', 'version_check': 'True', 'target_path': 'None', 'printer_width': '80', 'write_json': 'True', 'introspect': 'True', 'log_cache_events': 'False', 'empty': 'False', 'cache_selected_only': 'False', 'log_format': 'default', 'debug': 'False', 'fail_fast': 'False', 'partial_parse': 'True', 'send_anonymous_usage_stats': 'True', 'quiet': 'False', 'warn_error': 'None', 'profiles_dir': 'C:\\Users\\SAIPRASANTHR\\.dbt', 'invocation_command': 'dbt run', 'hints_enabled': 'True', 'use_colors': 'True', 'use_experimental_parser': 'False', 'indirect_selection': 'eager', 'log_path': 'C:\\Learning\\DBT\\Healthcare_360\\logs'}
[0m01:29:37.936140 [debug] [MainThread]: Snowflake adapter: Setting snowflake.connector to ERROR (file logging only)
[0m01:29:37.937147 [debug] [MainThread]: Snowflake adapter: Setting botocore to ERROR (file logging only)
[0m01:29:37.937147 [debug] [MainThread]: Snowflake adapter: Setting boto3 to ERROR (file logging only)
[0m01:29:48.424343 [debug] [MainThread]: Sending event: {'category': 'dbt', 'action': 'project_id', 'label': '51ae4adb-6e90-4d88-8586-731a10094bcf', 'context': [<snowplow_tracker.self_describing_json.SelfDescribingJson object at 0x00000257220314F0>]}
[0m01:29:48.676057 [debug] [MainThread]: Sending event: {'category': 'dbt', 'action': 'adapter_info', 'label': '51ae4adb-6e90-4d88-8586-731a10094bcf', 'context': [<snowplow_tracker.self_describing_json.SelfDescribingJson object at 0x000002572249ADE0>]}
[0m01:29:48.695489 [info ] [MainThread]: Registered adapter: snowflake=1.12.0
[0m01:29:51.587317 [debug] [MainThread]: checksum: 43c1271578ffc3f5e4620ff56cb8f61de61442f145dd894dfbd4e3c7f22810bf, vars: {}, profile: health360_dbt, target: dev, version: 1.12.4
[0m01:29:51.889329 [info ] [MainThread]: Unable to do partial parsing because a project dependency has been added
[0m01:29:51.889329 [info ] [MainThread]: Unable to do partial parsing because a project config has changed
[0m01:29:51.896343 [debug] [MainThread]: Sending event: {'category': 'dbt', 'action': 'partial_parser', 'label': '51ae4adb-6e90-4d88-8586-731a10094bcf', 'context': [<snowplow_tracker.self_describing_json.SelfDescribingJson object at 0x0000025723859790>]}
[0m01:30:00.229572 [debug] [MainThread]: Sending event: {'category': 'dbt', 'action': 'load_project', 'label': '51ae4adb-6e90-4d88-8586-731a10094bcf', 'context': [<snowplow_tracker.self_describing_json.SelfDescribingJson object at 0x0000025723B69730>]}
[0m01:30:00.397088 [debug] [MainThread]: Wrote artifact WritableManifest to C:\Learning\DBT\Healthcare_360\target\manifest.json
[0m01:30:00.405797 [debug] [MainThread]: Wrote artifact SemanticManifest to C:\Learning\DBT\Healthcare_360\target\semantic_manifest.json
[0m01:30:00.453488 [debug] [MainThread]: Wrote artifact OsiDocument to C:\Learning\DBT\Healthcare_360\target\osi_document.json
[0m01:30:00.469445 [debug] [MainThread]: Sending event: {'category': 'dbt', 'action': 'resource_counts', 'label': '51ae4adb-6e90-4d88-8586-731a10094bcf', 'context': [<snowplow_tracker.self_describing_json.SelfDescribingJson object at 0x0000025724D0FB60>]}
[0m01:30:00.469445 [info ] [MainThread]: Found 21 models, 1 snapshot, 10 data tests, 8 sources, 661 macros
[0m01:30:00.473604 [debug] [MainThread]: Sending event: {'category': 'dbt', 'action': 'runnable_timing', 'label': '51ae4adb-6e90-4d88-8586-731a10094bcf', 'context': [<snowplow_tracker.self_describing_json.SelfDescribingJson object at 0x0000025723A9E030>]}
[0m01:30:00.475612 [info ] [MainThread]: 
[0m01:30:00.475612 [info ] [MainThread]: Concurrency: 2 threads (target='dev')
[0m01:30:00.475612 [info ] [MainThread]: 
[0m01:30:00.475612 [debug] [MainThread]: Acquiring new snowflake connection 'master'
[0m01:30:00.483130 [debug] [ThreadPool]: Acquiring new snowflake connection 'list_HEALTH360_PROJECT'
[0m01:30:00.494081 [debug] [ThreadPool]: Acquiring new snowflake connection 'list_HEALTH360_PROJECT'
[0m01:30:00.494081 [debug] [ThreadPool]: Using snowflake connection "list_HEALTH360_PROJECT"
[0m01:30:00.499021 [debug] [ThreadPool]: Using snowflake connection "list_HEALTH360_PROJECT"
[0m01:30:00.499021 [debug] [ThreadPool]: On list_HEALTH360_PROJECT: show terse schemas in database HEALTH360_PROJECT
    limit 10000
/* {"app": "dbt", "dbt_version": "1.12.4", "profile_name": "health360_dbt", "target_name": "dev", "connection_name": "list_HEALTH360_PROJECT"} */
[0m01:30:00.499021 [debug] [ThreadPool]: On list_HEALTH360_PROJECT: show terse schemas in database HEALTH360_PROJECT
    limit 10000
/* {"app": "dbt", "dbt_version": "1.12.4", "profile_name": "health360_dbt", "target_name": "dev", "connection_name": "list_HEALTH360_PROJECT"} */
[0m01:30:00.499021 [debug] [ThreadPool]: Opening a new connection, currently in state init
[0m01:30:00.499021 [debug] [ThreadPool]: Opening a new connection, currently in state init
[0m01:30:03.047204 [debug] [ThreadPool]: SQL status: SUCCESS 7 in 2.547 seconds
[0m01:30:03.059933 [debug] [ThreadPool]: Using snowflake connection "list_HEALTH360_PROJECT"
[0m01:30:03.061954 [debug] [ThreadPool]: On list_HEALTH360_PROJECT: show terse schemas in database HEALTH360_PROJECT
    limit 10000
/* {"app": "dbt", "dbt_version": "1.12.4", "profile_name": "health360_dbt", "target_name": "dev", "connection_name": "list_HEALTH360_PROJECT"} */
[0m01:30:03.402998 [debug] [ThreadPool]: SQL status: SUCCESS 7 in 0.343 seconds
[0m01:30:03.561302 [debug] [ThreadPool]: SQL status: SUCCESS 7 in 3.072 seconds
[0m01:30:03.577086 [debug] [ThreadPool]: Re-using an available connection from the pool (formerly list_HEALTH360_PROJECT, now create_HEALTH360_PROJECT_RAW_MARTS)
[0m01:30:03.577086 [debug] [ThreadPool]: Re-using an available connection from the pool (formerly list_HEALTH360_PROJECT, now create_HEALTH360_PROJECT_RAW_DW)
[0m01:30:03.577086 [debug] [ThreadPool]: Creating schema "database: "HEALTH360_PROJECT"
schema: "RAW_MARTS"
"
[0m01:30:03.577086 [debug] [ThreadPool]: Creating schema "database: "HEALTH360_PROJECT"
schema: "RAW_DW"
"
[0m01:30:03.596333 [debug] [ThreadPool]: Using snowflake connection "create_HEALTH360_PROJECT_RAW_MARTS"
[0m01:30:03.608841 [debug] [ThreadPool]: Using snowflake connection "create_HEALTH360_PROJECT_RAW_DW"
[0m01:30:03.608841 [debug] [ThreadPool]: On create_HEALTH360_PROJECT_RAW_MARTS: create schema if not exists HEALTH360_PROJECT.RAW_MARTS
/* {"app": "dbt", "dbt_version": "1.12.4", "profile_name": "health360_dbt", "target_name": "dev", "connection_name": "create_HEALTH360_PROJECT_RAW_MARTS"} */
[0m01:30:03.608841 [debug] [ThreadPool]: On create_HEALTH360_PROJECT_RAW_DW: create schema if not exists HEALTH360_PROJECT.RAW_DW
/* {"app": "dbt", "dbt_version": "1.12.4", "profile_name": "health360_dbt", "target_name": "dev", "connection_name": "create_HEALTH360_PROJECT_RAW_DW"} */
[0m01:30:04.488777 [debug] [ThreadPool]: Snowflake adapter: Snowflake query id: 01c72e90-030b-87e4-0032-3673003030be
[0m01:30:04.491435 [debug] [ThreadPool]: Snowflake adapter: Snowflake error: 003001 (42501): SQL access control error:
Insufficient privileges to operate on database 'HEALTH360_PROJECT'. Your primary role ANALYTICSENGINEER must have CREATE SCHEMA granted on DATABASE HEALTH360_PROJECT.
[0m01:30:04.491435 [debug] [ThreadPool]: Snowflake adapter: Error running SQL: macro create_schema
[0m01:30:04.491435 [debug] [ThreadPool]: Snowflake adapter: Rolling back transaction.
[0m01:30:04.493491 [debug] [ThreadPool]: Snowflake adapter: Snowflake query id: 01c72e90-030b-8901-0032-3673002ffbba
[0m01:30:04.493491 [debug] [ThreadPool]: Snowflake adapter: Snowflake error: 003001 (42501): SQL access control error:
Insufficient privileges to operate on database 'HEALTH360_PROJECT'. Your primary role ANALYTICSENGINEER must have CREATE SCHEMA granted on DATABASE HEALTH360_PROJECT.
[0m01:30:04.498066 [debug] [ThreadPool]: Snowflake adapter: Error running SQL: macro create_schema
[0m01:30:04.498066 [debug] [ThreadPool]: Snowflake adapter: Rolling back transaction.
[0m01:30:04.499084 [debug] [MainThread]: Connection 'master' was properly closed.
[0m01:30:04.499084 [debug] [MainThread]: Connection 'create_HEALTH360_PROJECT_RAW_DW' was left open.
[0m01:30:04.499084 [debug] [MainThread]: On create_HEALTH360_PROJECT_RAW_DW: Close
[0m01:30:05.172883 [debug] [MainThread]: Connection 'create_HEALTH360_PROJECT_RAW_MARTS' was left open.
[0m01:30:05.172883 [debug] [MainThread]: On create_HEALTH360_PROJECT_RAW_MARTS: Close
[0m01:30:05.818810 [info ] [MainThread]: 
[0m01:30:05.820834 [info ] [MainThread]: Finished running  in 0 hours 0 minutes and 5.34 seconds (5.34s).
[0m01:30:05.820834 [error] [MainThread]: [[31mERROR[0m]: Encountered an error:
Database Error
  003001 (42501): SQL access control error:
  Insufficient privileges to operate on database 'HEALTH360_PROJECT'. Your primary role ANALYTICSENGINEER must have CREATE SCHEMA granted on DATABASE HEALTH360_PROJECT.
[0m01:30:05.820834 [debug] [MainThread]: Command `dbt run` failed at 01:30:05.820834 after 40.28 seconds
[0m01:30:05.829074 [debug] [MainThread]: Sending event: {'category': 'dbt', 'action': 'invocation', 'label': 'end', 'context': [<snowplow_tracker.self_describing_json.SelfDescribingJson object at 0x000002571D5DA870>, <snowplow_tracker.self_describing_json.SelfDescribingJson object at 0x0000025723B557C0>, <snowplow_tracker.self_describing_json.SelfDescribingJson object at 0x00000257237B8200>]}
[0m01:30:05.829074 [debug] [MainThread]: Flushing usage events
[0m01:30:07.021899 [debug] [MainThread]: An error was encountered while trying to flush usage events
[0m01:35:07.813027 [debug] [MainThread]: Sending event: {'category': 'dbt', 'action': 'invocation', 'label': 'start', 'context': [<snowplow_tracker.self_describing_json.SelfDescribingJson object at 0x00000266E387CEF0>, <snowplow_tracker.self_describing_json.SelfDescribingJson object at 0x00000266E6C967E0>, <snowplow_tracker.self_describing_json.SelfDescribingJson object at 0x00000266E6C967B0>]}


============================== 01:35:07.820969 | 5e5f0f0b-a98a-458d-8314-8c3d65face75 ==============================
[0m01:35:07.820969 [info ] [MainThread]: Running with dbt=1.12.4
[0m01:35:07.820969 [debug] [MainThread]: running dbt with arguments {'maximum_seed_size_mib': '1', 'no_print': 'None', 'version_check': 'True', 'target_path': 'None', 'static_parser': 'True', 'warn_error_options': 'WarnErrorOptionsV2(error=[], warn=[], silence=[])', 'printer_width': '80', 'write_json': 'True', 'introspect': 'True', 'log_cache_events': 'False', 'empty': 'None', 'cache_selected_only': 'False', 'fail_fast': 'False', 'debug': 'False', 'log_format': 'default', 'partial_parse': 'True', 'send_anonymous_usage_stats': 'True', 'quiet': 'False', 'warn_error': 'None', 'profiles_dir': 'C:\\Users\\SAIPRASANTHR\\.dbt', 'use_colors': 'True', 'hints_enabled': 'True', 'indirect_selection': 'eager', 'use_experimental_parser': 'False', 'invocation_command': 'dbt debug', 'log_path': 'C:\\Learning\\DBT\\Healthcare_360\\logs'}
[0m01:35:07.850287 [info ] [MainThread]: dbt version: 1.12.4
[0m01:35:07.850287 [info ] [MainThread]: python version: 3.12.13
[0m01:35:07.850287 [info ] [MainThread]: python path: C:\Users\SAIPRASANTHR\.conda\envs\dataeng\python.exe
[0m01:35:07.850287 [info ] [MainThread]: os info: Windows-11-10.0.26200-SP0
[0m01:35:09.290434 [debug] [MainThread]: Snowflake adapter: Setting snowflake.connector to ERROR (file logging only)
[0m01:35:09.290434 [debug] [MainThread]: Snowflake adapter: Setting botocore to ERROR (file logging only)
[0m01:35:09.290434 [debug] [MainThread]: Snowflake adapter: Setting boto3 to ERROR (file logging only)
[0m01:35:09.537838 [info ] [MainThread]: Using profiles dir at C:\Users\SAIPRASANTHR\.dbt
[0m01:35:09.537838 [info ] [MainThread]: Using profiles.yml file at C:\Users\SAIPRASANTHR\.dbt\profiles.yml
[0m01:35:09.537838 [info ] [MainThread]: Using dbt_project.yml file at C:\Learning\DBT\Healthcare_360\dbt_project.yml
[0m01:35:09.537838 [info ] [MainThread]: adapter type: snowflake
[0m01:35:09.537838 [info ] [MainThread]: adapter version: 1.12.0
[0m01:35:09.677804 [info ] [MainThread]: Configuration:
[0m01:35:09.679555 [info ] [MainThread]:   profiles.yml file [[32mOK found and valid[0m]
[0m01:35:09.679555 [info ] [MainThread]:   dbt_project.yml file [[32mOK found and valid[0m]
[0m01:35:09.679555 [info ] [MainThread]: Required dependencies:
[0m01:35:09.679555 [debug] [MainThread]: Executing "git --help"
[0m01:35:09.752735 [debug] [MainThread]: STDOUT: "b"usage: git [-v | --version] [-h | --help] [-C <path>] [-c <name>=<value>]\n           [--exec-path[=<path>]] [--html-path] [--man-path] [--info-path]\n           [-p | --paginate | -P | --no-pager] [--no-replace-objects] [--no-lazy-fetch]\n           [--no-optional-locks] [--no-advice] [--bare] [--git-dir=<path>]\n           [--work-tree=<path>] [--namespace=<name>] [--config-env=<name>=<envvar>]\n           <command> [<args>]\n\nThese are common Git commands used in various situations:\n\nstart a working area (see also: git help tutorial)\n   clone      Clone a repository into a new directory\n   init       Create an empty Git repository or reinitialize an existing one\n\nwork on the current change (see also: git help everyday)\n   add        Add file contents to the index\n   mv         Move or rename a file, a directory, or a symlink\n   restore    Restore working tree files\n   rm         Remove files from the working tree and from the index\n\nexamine the history and state (see also: git help revisions)\n   bisect     Use binary search to find the commit that introduced a bug\n   diff       Show changes between commits, commit and working tree, etc\n   grep       Print lines matching a pattern\n   log        Show commit logs\n   show       Show various types of objects\n   status     Show the working tree status\n\ngrow, mark and tweak your common history\n   backfill   Download missing objects in a partial clone\n   branch     List, create, or delete branches\n   commit     Record changes to the repository\n   history    EXPERIMENTAL: Rewrite history\n   merge      Join two or more development histories together\n   rebase     Reapply commits on top of another base tip\n   reset      Set `HEAD` or the index to a known state\n   switch     Switch branches\n   tag        Create, list, delete or verify tags\n\ncollaborate (see also: git help workflows)\n   fetch      Download objects and refs from another repository\n   pull       Fetch from and integrate with another repository or a local branch\n   push       Update remote refs along with associated objects\n\n'git help -a' and 'git help -g' list available subcommands and some\nconcept guides. See 'git help <command>' or 'git help <concept>'\nto read about a specific subcommand or concept.\nSee 'git help git' for an overview of the system.\n""
[0m01:35:09.752735 [debug] [MainThread]: STDERR: "b''"
[0m01:35:09.752735 [info ] [MainThread]:  - git [[32mOK found[0m]

[0m01:35:09.752735 [info ] [MainThread]: Connection:
[0m01:35:09.758324 [info ] [MainThread]:   account: CHNAFLS-ZSB47658
[0m01:35:09.758324 [info ] [MainThread]:   user: SAIPRASANTH
[0m01:35:09.758324 [info ] [MainThread]:   database: HEALTH360_PROJECT
[0m01:35:09.758324 [info ] [MainThread]:   warehouse: TRANSFORM_WH
[0m01:35:09.758324 [info ] [MainThread]:   role: health_dwh_role
[0m01:35:09.760835 [info ] [MainThread]:   schema: RAW
[0m01:35:09.760835 [info ] [MainThread]:   authenticator: None
[0m01:35:09.760835 [info ] [MainThread]:   oauth_client_id: None
[0m01:35:09.760835 [info ] [MainThread]:   query_tag: None
[0m01:35:09.760835 [info ] [MainThread]:   client_session_keep_alive: False
[0m01:35:09.760835 [info ] [MainThread]:   host: None
[0m01:35:09.763457 [info ] [MainThread]:   port: None
[0m01:35:09.763457 [info ] [MainThread]:   proxy_host: None
[0m01:35:09.763457 [info ] [MainThread]:   proxy_port: None
[0m01:35:09.763457 [info ] [MainThread]:   protocol: None
[0m01:35:09.766204 [info ] [MainThread]:   connect_retries: 1
[0m01:35:09.766741 [info ] [MainThread]:   connect_timeout: None
[0m01:35:09.767570 [info ] [MainThread]:   retry_on_database_errors: False
[0m01:35:09.767570 [info ] [MainThread]:   retry_all: False
[0m01:35:09.768852 [info ] [MainThread]:   insecure_mode: False
[0m01:35:09.768852 [info ] [MainThread]:   reuse_connections: True
[0m01:35:09.768852 [info ] [MainThread]:   s3_stage_vpce_dns_name: None
[0m01:35:09.768852 [info ] [MainThread]:   workload_identity_provider: None
[0m01:35:09.772035 [info ] [MainThread]:   workload_identity_entra_resource: None
[0m01:35:09.772035 [info ] [MainThread]:   platform_detection_timeout_seconds: 0.0
[0m01:35:09.772035 [info ] [MainThread]: Registered adapter: snowflake=1.12.0
[0m01:35:10.298083 [debug] [MainThread]: Acquiring new snowflake connection 'debug'
[0m01:35:10.303272 [debug] [MainThread]: Using snowflake connection "debug"
[0m01:35:10.303272 [debug] [MainThread]: On debug: select 1 as id
[0m01:35:10.303272 [debug] [MainThread]: Opening a new connection, currently in state init
[0m01:35:12.575127 [debug] [MainThread]: SQL status: SUCCESS 1 in 2.274 seconds
[0m01:35:12.575127 [info ] [MainThread]:   Connection test: [[32mOK connection ok[0m]

[0m01:35:12.575127 [info ] [MainThread]: [32mAll checks passed![0m
[0m01:35:12.584291 [debug] [MainThread]: Command `dbt debug` succeeded at 01:35:12.584291 after 4.98 seconds
[0m01:35:12.584291 [debug] [MainThread]: Connection 'debug' was left open.
[0m01:35:12.584291 [debug] [MainThread]: On debug: Close
[0m01:35:13.322896 [debug] [MainThread]: Sending event: {'category': 'dbt', 'action': 'invocation', 'label': 'end', 'context': [<snowplow_tracker.self_describing_json.SelfDescribingJson object at 0x00000266E387CEF0>, <snowplow_tracker.self_describing_json.SelfDescribingJson object at 0x00000266EEC743B0>, <snowplow_tracker.self_describing_json.SelfDescribingJson object at 0x00000266E6C54110>]}
[0m01:35:13.331086 [debug] [MainThread]: Flushing usage events
[0m01:35:14.630059 [debug] [MainThread]: An error was encountered while trying to flush usage events
[0m01:36:08.968291 [debug] [MainThread]: Sending event: {'category': 'dbt', 'action': 'invocation', 'label': 'start', 'context': [<snowplow_tracker.self_describing_json.SelfDescribingJson object at 0x0000013DCE0947A0>, <snowplow_tracker.self_describing_json.SelfDescribingJson object at 0x0000013DCE096ED0>, <snowplow_tracker.self_describing_json.SelfDescribingJson object at 0x0000013DCE057560>]}


============================== 01:36:08.973007 | 282e6904-4b72-4175-8e7e-a7cbc3f53187 ==============================
[0m01:36:08.973007 [info ] [MainThread]: Running with dbt=1.12.4
[0m01:36:08.973007 [debug] [MainThread]: running dbt with arguments {'version_check': 'True', 'no_print': 'None', 'maximum_seed_size_mib': '1', 'target_path': 'None', 'warn_error_options': 'WarnErrorOptionsV2(error=[], warn=[], silence=[])', 'static_parser': 'True', 'printer_width': '80', 'write_json': 'True', 'introspect': 'True', 'log_cache_events': 'False', 'empty': 'None', 'cache_selected_only': 'False', 'log_format': 'default', 'debug': 'False', 'fail_fast': 'False', 'partial_parse': 'True', 'send_anonymous_usage_stats': 'True', 'quiet': 'False', 'warn_error': 'None', 'profiles_dir': 'C:\\Users\\SAIPRASANTHR\\.dbt', 'invocation_command': 'dbt deps', 'hints_enabled': 'True', 'indirect_selection': 'eager', 'use_experimental_parser': 'False', 'use_colors': 'True', 'log_path': 'C:\\Learning\\DBT\\Healthcare_360\\logs'}
[0m01:36:09.151676 [debug] [MainThread]: Sending event: {'category': 'dbt', 'action': 'project_id', 'label': '282e6904-4b72-4175-8e7e-a7cbc3f53187', 'context': [<snowplow_tracker.self_describing_json.SelfDescribingJson object at 0x0000013DD03B5B20>]}
[0m01:36:09.242066 [debug] [MainThread]: Set downloads directory='C:\Users\SAIPRA~1\AppData\Local\Temp\dbt-downloads-ryojbvx8'
[0m01:36:09.242066 [debug] [MainThread]: Making package index registry request: GET https://hub.getdbt.com/api/v1/index.json
[0m01:36:09.612328 [debug] [MainThread]: Response from registry index: GET https://hub.getdbt.com/api/v1/index.json 200
[0m01:36:09.614912 [debug] [MainThread]: Making package registry request: GET https://hub.getdbt.com/api/v1/dbt-labs/dbt_utils.json
[0m01:36:09.726582 [debug] [MainThread]: Response from registry: GET https://hub.getdbt.com/api/v1/dbt-labs/dbt_utils.json 200
[0m01:36:09.740687 [info ] [MainThread]: Installing dbt-labs/dbt_utils
[0m01:36:10.710868 [info ] [MainThread]: Installed from version 1.4.1
[0m01:36:10.710868 [info ] [MainThread]: Up to date!
[0m01:36:10.710868 [debug] [MainThread]: Sending event: {'category': 'dbt', 'action': 'package', 'label': '282e6904-4b72-4175-8e7e-a7cbc3f53187', 'property_': 'install', 'context': [<snowplow_tracker.self_describing_json.SelfDescribingJson object at 0x0000013DD1F4A150>, <snowplow_tracker.self_describing_json.SelfDescribingJson object at 0x0000013DD223F290>]}
[0m01:36:10.710868 [debug] [MainThread]: Command `dbt deps` succeeded at 01:36:10.710868 after 1.93 seconds
[0m01:36:10.710868 [debug] [MainThread]: Sending event: {'category': 'dbt', 'action': 'invocation', 'label': 'end', 'context': [<snowplow_tracker.self_describing_json.SelfDescribingJson object at 0x0000013DCFC0CC80>, <snowplow_tracker.self_describing_json.SelfDescribingJson object at 0x0000013DD1D57920>, <snowplow_tracker.self_describing_json.SelfDescribingJson object at 0x0000013DD03B5B20>]}
[0m01:36:10.710868 [debug] [MainThread]: Flushing usage events
[0m01:36:11.668351 [debug] [MainThread]: An error was encountered while trying to flush usage events
[0m01:36:24.344037 [debug] [MainThread]: Sending event: {'category': 'dbt', 'action': 'invocation', 'label': 'start', 'context': [<snowplow_tracker.self_describing_json.SelfDescribingJson object at 0x000002963F0069C0>, <snowplow_tracker.self_describing_json.SelfDescribingJson object at 0x000002963F5EE810>, <snowplow_tracker.self_describing_json.SelfDescribingJson object at 0x000002963F73D190>]}


============================== 01:36:24.359876 | db440a1a-5248-4f55-889d-82db3b96f8fa ==============================
[0m01:36:24.359876 [info ] [MainThread]: Running with dbt=1.12.4
[0m01:36:24.359876 [debug] [MainThread]: running dbt with arguments {'static_parser': 'True', 'no_print': 'None', 'version_check': 'True', 'warn_error_options': 'WarnErrorOptionsV2(error=[], warn=[], silence=[])', 'target_path': 'None', 'maximum_seed_size_mib': '1', 'printer_width': '80', 'write_json': 'True', 'empty': 'False', 'log_cache_events': 'False', 'introspect': 'True', 'cache_selected_only': 'False', 'log_format': 'default', 'debug': 'False', 'fail_fast': 'False', 'partial_parse': 'True', 'send_anonymous_usage_stats': 'True', 'quiet': 'False', 'warn_error': 'None', 'profiles_dir': 'C:\\Users\\SAIPRASANTHR\\.dbt', 'use_colors': 'True', 'hints_enabled': 'True', 'invocation_command': 'dbt run', 'use_experimental_parser': 'False', 'indirect_selection': 'eager', 'log_path': 'C:\\Learning\\DBT\\Healthcare_360\\logs'}
[0m01:36:25.346534 [debug] [MainThread]: Snowflake adapter: Setting snowflake.connector to ERROR (file logging only)
[0m01:36:25.346534 [debug] [MainThread]: Snowflake adapter: Setting botocore to ERROR (file logging only)
[0m01:36:25.346534 [debug] [MainThread]: Snowflake adapter: Setting boto3 to ERROR (file logging only)
[0m01:36:25.728967 [debug] [MainThread]: Sending event: {'category': 'dbt', 'action': 'project_id', 'label': 'db440a1a-5248-4f55-889d-82db3b96f8fa', 'context': [<snowplow_tracker.self_describing_json.SelfDescribingJson object at 0x0000029641163B00>]}
[0m01:36:25.792175 [debug] [MainThread]: Sending event: {'category': 'dbt', 'action': 'adapter_info', 'label': 'db440a1a-5248-4f55-889d-82db3b96f8fa', 'context': [<snowplow_tracker.self_describing_json.SelfDescribingJson object at 0x00000296470E56A0>]}
[0m01:36:25.792175 [info ] [MainThread]: Registered adapter: snowflake=1.12.0
[0m01:36:26.317675 [debug] [MainThread]: checksum: 43c1271578ffc3f5e4620ff56cb8f61de61442f145dd894dfbd4e3c7f22810bf, vars: {}, profile: health360_dbt, target: dev, version: 1.12.4
[0m01:36:26.492110 [info ] [MainThread]: Unable to do partial parsing because profile has changed
[0m01:36:26.492110 [debug] [MainThread]: Sending event: {'category': 'dbt', 'action': 'partial_parser', 'label': 'db440a1a-5248-4f55-889d-82db3b96f8fa', 'context': [<snowplow_tracker.self_describing_json.SelfDescribingJson object at 0x00000296475FDFD0>]}
[0m01:36:28.615009 [debug] [MainThread]: Sending event: {'category': 'dbt', 'action': 'load_project', 'label': 'db440a1a-5248-4f55-889d-82db3b96f8fa', 'context': [<snowplow_tracker.self_describing_json.SelfDescribingJson object at 0x00000296474B2ED0>]}
[0m01:36:28.760870 [debug] [MainThread]: Wrote artifact WritableManifest to C:\Learning\DBT\Healthcare_360\target\manifest.json
[0m01:36:28.785414 [debug] [MainThread]: Wrote artifact SemanticManifest to C:\Learning\DBT\Healthcare_360\target\semantic_manifest.json
[0m01:36:28.809430 [debug] [MainThread]: Wrote artifact OsiDocument to C:\Learning\DBT\Healthcare_360\target\osi_document.json
[0m01:36:28.841643 [debug] [MainThread]: Sending event: {'category': 'dbt', 'action': 'resource_counts', 'label': 'db440a1a-5248-4f55-889d-82db3b96f8fa', 'context': [<snowplow_tracker.self_describing_json.SelfDescribingJson object at 0x00000296470E5220>]}
[0m01:36:28.842525 [info ] [MainThread]: Found 21 models, 1 snapshot, 10 data tests, 8 sources, 661 macros
[0m01:36:28.842525 [debug] [MainThread]: Sending event: {'category': 'dbt', 'action': 'runnable_timing', 'label': 'db440a1a-5248-4f55-889d-82db3b96f8fa', 'context': [<snowplow_tracker.self_describing_json.SelfDescribingJson object at 0x00000296471C7F80>]}
[0m01:36:28.845813 [info ] [MainThread]: 
[0m01:36:28.845813 [info ] [MainThread]: Concurrency: 2 threads (target='dev')
[0m01:36:28.845813 [info ] [MainThread]: 
[0m01:36:28.848908 [debug] [MainThread]: Acquiring new snowflake connection 'master'
[0m01:36:28.853052 [debug] [ThreadPool]: Acquiring new snowflake connection 'list_HEALTH360_PROJECT'
[0m01:36:28.865588 [debug] [ThreadPool]: Acquiring new snowflake connection 'list_HEALTH360_PROJECT'
[0m01:36:28.865588 [debug] [ThreadPool]: Using snowflake connection "list_HEALTH360_PROJECT"
[0m01:36:28.865588 [debug] [ThreadPool]: On list_HEALTH360_PROJECT: show terse schemas in database HEALTH360_PROJECT
    limit 10000
/* {"app": "dbt", "dbt_version": "1.12.4", "profile_name": "health360_dbt", "target_name": "dev", "connection_name": "list_HEALTH360_PROJECT"} */
[0m01:36:28.865588 [debug] [ThreadPool]: Opening a new connection, currently in state init
[0m01:36:28.875274 [debug] [ThreadPool]: Using snowflake connection "list_HEALTH360_PROJECT"
[0m01:36:28.875274 [debug] [ThreadPool]: On list_HEALTH360_PROJECT: show terse schemas in database HEALTH360_PROJECT
    limit 10000
/* {"app": "dbt", "dbt_version": "1.12.4", "profile_name": "health360_dbt", "target_name": "dev", "connection_name": "list_HEALTH360_PROJECT"} */
[0m01:36:28.875274 [debug] [ThreadPool]: Opening a new connection, currently in state init
[0m01:36:31.166905 [debug] [ThreadPool]: SQL status: SUCCESS 7 in 2.299 seconds
[0m01:36:31.166905 [debug] [ThreadPool]: Using snowflake connection "list_HEALTH360_PROJECT"
[0m01:36:31.166905 [debug] [ThreadPool]: On list_HEALTH360_PROJECT: show terse schemas in database HEALTH360_PROJECT
    limit 10000
/* {"app": "dbt", "dbt_version": "1.12.4", "profile_name": "health360_dbt", "target_name": "dev", "connection_name": "list_HEALTH360_PROJECT"} */
[0m01:36:31.613240 [debug] [ThreadPool]: SQL status: SUCCESS 7 in 0.448 seconds
[0m01:36:31.914488 [debug] [ThreadPool]: SQL status: SUCCESS 7 in 3.041 seconds
[0m01:36:31.914488 [debug] [ThreadPool]: Re-using an available connection from the pool (formerly list_HEALTH360_PROJECT, now create_HEALTH360_PROJECT_RAW_MARTS)
[0m01:36:31.914488 [debug] [ThreadPool]: Re-using an available connection from the pool (formerly list_HEALTH360_PROJECT, now create_HEALTH360_PROJECT_RAW_DW)
[0m01:36:31.926959 [debug] [ThreadPool]: Creating schema "database: "HEALTH360_PROJECT"
schema: "RAW_MARTS"
"
[0m01:36:31.927981 [debug] [ThreadPool]: Creating schema "database: "HEALTH360_PROJECT"
schema: "RAW_DW"
"
[0m01:36:31.940142 [debug] [ThreadPool]: Using snowflake connection "create_HEALTH360_PROJECT_RAW_MARTS"
[0m01:36:31.945954 [debug] [ThreadPool]: Using snowflake connection "create_HEALTH360_PROJECT_RAW_DW"
[0m01:36:31.945954 [debug] [ThreadPool]: On create_HEALTH360_PROJECT_RAW_MARTS: create schema if not exists HEALTH360_PROJECT.RAW_MARTS
/* {"app": "dbt", "dbt_version": "1.12.4", "profile_name": "health360_dbt", "target_name": "dev", "connection_name": "create_HEALTH360_PROJECT_RAW_MARTS"} */
[0m01:36:31.947974 [debug] [ThreadPool]: On create_HEALTH360_PROJECT_RAW_DW: create schema if not exists HEALTH360_PROJECT.RAW_DW
/* {"app": "dbt", "dbt_version": "1.12.4", "profile_name": "health360_dbt", "target_name": "dev", "connection_name": "create_HEALTH360_PROJECT_RAW_DW"} */
[0m01:36:32.332218 [debug] [ThreadPool]: SQL status: SUCCESS 1 in 0.383 seconds
[0m01:36:32.390124 [debug] [ThreadPool]: SQL status: SUCCESS 1 in 0.443 seconds
[0m01:36:32.404267 [debug] [ThreadPool]: Acquiring new snowflake connection 'list_HEALTH360_PROJECT_SNAPSHOTS'
[0m01:36:32.414841 [debug] [ThreadPool]: Acquiring new snowflake connection 'list_HEALTH360_PROJECT_RAW_MARTS'
[0m01:36:32.437322 [debug] [ThreadPool]: Using snowflake connection "list_HEALTH360_PROJECT_SNAPSHOTS"
[0m01:36:32.446432 [debug] [ThreadPool]: Using snowflake connection "list_HEALTH360_PROJECT_RAW_MARTS"
[0m01:36:32.446432 [debug] [ThreadPool]: On list_HEALTH360_PROJECT_SNAPSHOTS: show objects in HEALTH360_PROJECT.SNAPSHOTS
    limit 10000
    

/* {"app": "dbt", "dbt_version": "1.12.4", "profile_name": "health360_dbt", "target_name": "dev", "connection_name": "list_HEALTH360_PROJECT_SNAPSHOTS"} */;
[0m01:36:32.450867 [debug] [ThreadPool]: On list_HEALTH360_PROJECT_RAW_MARTS: show objects in HEALTH360_PROJECT.RAW_MARTS
    limit 10000
    

/* {"app": "dbt", "dbt_version": "1.12.4", "profile_name": "health360_dbt", "target_name": "dev", "connection_name": "list_HEALTH360_PROJECT_RAW_MARTS"} */;
[0m01:36:32.450867 [debug] [ThreadPool]: Opening a new connection, currently in state init
[0m01:36:32.450867 [debug] [ThreadPool]: Opening a new connection, currently in state init
[0m01:36:33.928969 [debug] [ThreadPool]: SQL status: SUCCESS 0 in 1.481 seconds
[0m01:36:33.949223 [debug] [ThreadPool]: Using snowflake connection "list_HEALTH360_PROJECT_RAW_MARTS"
[0m01:36:33.949223 [debug] [ThreadPool]: On list_HEALTH360_PROJECT_RAW_MARTS: show user functions in HEALTH360_PROJECT.RAW_MARTS
/* {"app": "dbt", "dbt_version": "1.12.4", "profile_name": "health360_dbt", "target_name": "dev", "connection_name": "list_HEALTH360_PROJECT_RAW_MARTS"} */
[0m01:36:34.086675 [debug] [ThreadPool]: Snowflake adapter: Snowflake query id: 01c72e96-030b-8fad-0032-36730030c0e2
[0m01:36:34.090251 [debug] [ThreadPool]: Snowflake adapter: Snowflake error: 002043 (02000): SQL compilation error:
Object does not exist, or operation cannot be performed.
[0m01:36:34.092298 [debug] [ThreadPool]: Snowflake adapter: Error running SQL: macro list_relations_without_caching
[0m01:36:34.092298 [debug] [ThreadPool]: Snowflake adapter: Rolling back transaction.
[0m01:36:34.094336 [debug] [ThreadPool]: Re-using an available connection from the pool (formerly list_HEALTH360_PROJECT_SNAPSHOTS, now list_HEALTH360_PROJECT_RAW_DW)
[0m01:36:34.096373 [debug] [ThreadPool]: Using snowflake connection "list_HEALTH360_PROJECT_RAW_DW"
[0m01:36:34.096373 [debug] [ThreadPool]: On list_HEALTH360_PROJECT_RAW_DW: show objects in HEALTH360_PROJECT.RAW_DW
    limit 10000
    

/* {"app": "dbt", "dbt_version": "1.12.4", "profile_name": "health360_dbt", "target_name": "dev", "connection_name": "list_HEALTH360_PROJECT_RAW_DW"} */;
[0m01:36:34.339438 [debug] [ThreadPool]: SQL status: SUCCESS 0 in 0.382 seconds
[0m01:36:34.347413 [debug] [ThreadPool]: Re-using an available connection from the pool (formerly list_HEALTH360_PROJECT_RAW_MARTS, now list_HEALTH360_PROJECT_RAW_STAGING)
[0m01:36:34.351493 [debug] [ThreadPool]: Using snowflake connection "list_HEALTH360_PROJECT_RAW_STAGING"
[0m01:36:34.353532 [debug] [ThreadPool]: On list_HEALTH360_PROJECT_RAW_STAGING: show objects in HEALTH360_PROJECT.RAW_STAGING
    limit 10000
    

/* {"app": "dbt", "dbt_version": "1.12.4", "profile_name": "health360_dbt", "target_name": "dev", "connection_name": "list_HEALTH360_PROJECT_RAW_STAGING"} */;
[0m01:36:34.502430 [debug] [ThreadPool]: SQL status: SUCCESS 0 in 0.399 seconds
[0m01:36:34.510518 [debug] [ThreadPool]: Using snowflake connection "list_HEALTH360_PROJECT_RAW_DW"
[0m01:36:34.512540 [debug] [ThreadPool]: On list_HEALTH360_PROJECT_RAW_DW: show user functions in HEALTH360_PROJECT.RAW_DW
/* {"app": "dbt", "dbt_version": "1.12.4", "profile_name": "health360_dbt", "target_name": "dev", "connection_name": "list_HEALTH360_PROJECT_RAW_DW"} */
[0m01:36:34.810553 [debug] [ThreadPool]: SQL status: SUCCESS 6 in 0.456 seconds
[0m01:36:34.816570 [debug] [ThreadPool]: Using snowflake connection "list_HEALTH360_PROJECT_RAW_STAGING"
[0m01:36:34.816570 [debug] [ThreadPool]: On list_HEALTH360_PROJECT_RAW_STAGING: show user functions in HEALTH360_PROJECT.RAW_STAGING
/* {"app": "dbt", "dbt_version": "1.12.4", "profile_name": "health360_dbt", "target_name": "dev", "connection_name": "list_HEALTH360_PROJECT_RAW_STAGING"} */
[0m01:36:34.932268 [debug] [ThreadPool]: SQL status: SUCCESS 0 in 0.423 seconds
[0m01:36:35.144854 [debug] [ThreadPool]: SQL status: SUCCESS 0 in 0.331 seconds
[0m01:36:35.162712 [debug] [MainThread]: Sending event: {'category': 'dbt', 'action': 'runnable_timing', 'label': 'db440a1a-5248-4f55-889d-82db3b96f8fa', 'context': [<snowplow_tracker.self_describing_json.SelfDescribingJson object at 0x000002964745F530>]}
[0m01:36:35.197353 [debug] [Thread-2 (]: Began running node model.Healthcare_360.dim_date
[0m01:36:35.199377 [debug] [Thread-3 (]: Began running node model.Healthcare_360.stg_diagnosis
[0m01:36:35.201409 [info ] [Thread-2 (]: 1 of 21 START sql table model RAW_DW.dim_date .................................. [RUN]
[0m01:36:35.208261 [debug] [Thread-2 (]: Acquiring new snowflake connection 'model.Healthcare_360.dim_date'
[0m01:36:35.208261 [debug] [Thread-2 (]: Began compiling node model.Healthcare_360.dim_date
[0m01:36:35.232689 [debug] [Thread-2 (]: Using snowflake connection "model.Healthcare_360.dim_date"
[0m01:36:35.232689 [debug] [Thread-2 (]: On model.Healthcare_360.dim_date: select datediff(
        day,
        cast('2015-01-01' as date),
        cast('2035-12-31' as date)
        )
/* {"app": "dbt", "dbt_version": "1.12.4", "profile_name": "health360_dbt", "target_name": "dev", "node_id": "model.Healthcare_360.dim_date"} */
[0m01:36:35.232689 [debug] [Thread-2 (]: Opening a new connection, currently in state init
[0m01:36:35.205460 [info ] [Thread-3 (]: 2 of 21 START sql view model RAW_STAGING.stg_diagnosis ......................... [RUN]
[0m01:36:35.241229 [debug] [Thread-3 (]: Acquiring new snowflake connection 'model.Healthcare_360.stg_diagnosis'
[0m01:36:35.241229 [debug] [Thread-3 (]: Began compiling node model.Healthcare_360.stg_diagnosis
[0m01:36:35.256998 [debug] [Thread-3 (]: Writing injected SQL for node "model.Healthcare_360.stg_diagnosis"
[0m01:36:35.269330 [debug] [Thread-3 (]: Began executing node model.Healthcare_360.stg_diagnosis
[0m01:36:35.315267 [debug] [Thread-3 (]: Writing runtime sql for node "model.Healthcare_360.stg_diagnosis"
[0m01:36:35.321652 [debug] [Thread-3 (]: Using snowflake connection "model.Healthcare_360.stg_diagnosis"
[0m01:36:35.321652 [debug] [Thread-3 (]: On model.Healthcare_360.stg_diagnosis: create or replace   view HEALTH360_PROJECT.RAW_STAGING.stg_diagnosis
  
  
  
  
  as (
    with source as (
    select * from HEALTH360_PROJECT.RAW.diagnosis_records
),

cleaned as (
    select
        encounter_id,
        diagnosis_code,
        diagnosis_description,
        diagnosis_rank
    from source
)

select * from cleaned
  )
/* {"app": "dbt", "dbt_version": "1.12.4", "profile_name": "health360_dbt", "target_name": "dev", "node_id": "model.Healthcare_360.stg_diagnosis"} */;
[0m01:36:35.321652 [debug] [Thread-3 (]: Opening a new connection, currently in state init
[0m01:36:36.894776 [debug] [Thread-3 (]: SQL status: SUCCESS 1 in 1.572 seconds
[0m01:36:36.918552 [debug] [Thread-3 (]: Sending event: {'category': 'dbt', 'action': 'run_model', 'label': 'db440a1a-5248-4f55-889d-82db3b96f8fa', 'context': [<snowplow_tracker.self_describing_json.SelfDescribingJson object at 0x00000296413F4BF0>]}
[0m01:36:36.918552 [info ] [Thread-3 (]: 2 of 21 OK created sql view model RAW_STAGING.stg_diagnosis .................... [[32mSUCCESS 1[0m in 1.67s]
[0m01:36:36.918552 [debug] [Thread-3 (]: Finished running node model.Healthcare_360.stg_diagnosis
[0m01:36:36.918552 [debug] [Thread-3 (]: Began running node model.Healthcare_360.stg_doctors
[0m01:36:36.922290 [info ] [Thread-3 (]: 3 of 21 START sql view model RAW_STAGING.stg_doctors ........................... [RUN]
[0m01:36:36.922290 [debug] [Thread-3 (]: Re-using an available connection from the pool (formerly model.Healthcare_360.stg_diagnosis, now model.Healthcare_360.stg_doctors)
[0m01:36:36.922290 [debug] [Thread-3 (]: Began compiling node model.Healthcare_360.stg_doctors
[0m01:36:36.925018 [debug] [Thread-3 (]: Writing injected SQL for node "model.Healthcare_360.stg_doctors"
[0m01:36:36.925018 [debug] [Thread-3 (]: Began executing node model.Healthcare_360.stg_doctors
[0m01:36:36.932866 [debug] [Thread-3 (]: Dropping relation "HEALTH360_PROJECT"."RAW_STAGING"."STG_DOCTORS" because it is of type table
[0m01:36:36.940005 [debug] [Thread-3 (]: Applying DROP to: "HEALTH360_PROJECT"."RAW_STAGING"."STG_DOCTORS"
[0m01:36:36.947782 [debug] [Thread-3 (]: Using snowflake connection "model.Healthcare_360.stg_doctors"
[0m01:36:36.947782 [debug] [Thread-3 (]: On model.Healthcare_360.stg_doctors: drop table if exists "HEALTH360_PROJECT"."RAW_STAGING"."STG_DOCTORS" cascade
/* {"app": "dbt", "dbt_version": "1.12.4", "profile_name": "health360_dbt", "target_name": "dev", "node_id": "model.Healthcare_360.stg_doctors"} */
[0m01:36:37.464708 [debug] [Thread-2 (]: SQL status: SUCCESS 1 in 2.234 seconds
[0m01:36:37.480829 [debug] [Thread-2 (]: Writing injected SQL for node "model.Healthcare_360.dim_date"
[0m01:36:37.488077 [debug] [Thread-2 (]: Began executing node model.Healthcare_360.dim_date
[0m01:36:37.543897 [debug] [Thread-2 (]: Writing runtime sql for node "model.Healthcare_360.dim_date"
[0m01:36:37.559830 [debug] [Thread-2 (]: Using snowflake connection "model.Healthcare_360.dim_date"
[0m01:36:37.559830 [debug] [Thread-2 (]: On model.Healthcare_360.dim_date: create or replace transient table HEALTH360_PROJECT.RAW_DW.dim_date
    
    
    
    
    

    as (

with date_spine as (
    





with rawdata as (

    

    

    with p as (
        select 0 as generated_number union all select 1
    ), unioned as (

    select

    
    p0.generated_number * power(2, 0)
     + 
    
    p1.generated_number * power(2, 1)
     + 
    
    p2.generated_number * power(2, 2)
     + 
    
    p3.generated_number * power(2, 3)
     + 
    
    p4.generated_number * power(2, 4)
     + 
    
    p5.generated_number * power(2, 5)
     + 
    
    p6.generated_number * power(2, 6)
     + 
    
    p7.generated_number * power(2, 7)
     + 
    
    p8.generated_number * power(2, 8)
     + 
    
    p9.generated_number * power(2, 9)
     + 
    
    p10.generated_number * power(2, 10)
     + 
    
    p11.generated_number * power(2, 11)
     + 
    
    p12.generated_number * power(2, 12)
    
    
    + 1
    as generated_number

    from

    
    p as p0
     cross join 
    
    p as p1
     cross join 
    
    p as p2
     cross join 
    
    p as p3
     cross join 
    
    p as p4
     cross join 
    
    p as p5
     cross join 
    
    p as p6
     cross join 
    
    p as p7
     cross join 
    
    p as p8
     cross join 
    
    p as p9
     cross join 
    
    p as p10
     cross join 
    
    p as p11
     cross join 
    
    p as p12
    
    

    )

    select *
    from unioned
    where generated_number <= 7669
    order by generated_number



),

all_periods as (

    select (
        

    dateadd(
        day,
        row_number() over (order by generated_number) - 1,
        cast('2015-01-01' as date)
        )


    ) as date_day
    from rawdata

),

filtered as (

    select *
    from all_periods
    where date_day <= cast('2035-12-31' as date)

)

select * from filtered


)

select
    to_number(to_char(date_day, 'YYYYMMDD'))                        as date_sk,
    date_day                                                         as full_date,
    day(date_day)                                                    as day,
    month(date_day)                                                  as month,
    monthname(date_day)                                              as month_name,
    quarter(date_day)                                                as quarter,
    year(date_day)                                                   as year,
    dayofweekiso(date_day)                                           as day_of_week,
    dayname(date_day)                                                as day_name,
    iff(dayofweek(date_day) in (0, 6), true, false)                  as is_weekend
from date_spine
    )

/* {"app": "dbt", "dbt_version": "1.12.4", "profile_name": "health360_dbt", "target_name": "dev", "node_id": "model.Healthcare_360.dim_date"} */;
[0m01:36:37.777635 [debug] [Thread-3 (]: SQL status: SUCCESS 1 in 0.822 seconds
[0m01:36:37.781709 [debug] [Thread-3 (]: Writing runtime sql for node "model.Healthcare_360.stg_doctors"
[0m01:36:37.784985 [debug] [Thread-3 (]: Using snowflake connection "model.Healthcare_360.stg_doctors"
[0m01:36:37.787007 [debug] [Thread-3 (]: On model.Healthcare_360.stg_doctors: create or replace   view HEALTH360_PROJECT.RAW_STAGING.stg_doctors
  
  
  
  
  as (
    with source as (
    select * from HEALTH360_PROJECT.RAW.doctors
),

cleaned as (
    select
        doctor_id                             as provider_id,
        npi,
        first_name,
        last_name,
        first_name || ' ' || last_name        as full_name,
        specialty,
        department,
        facility_id
    from source
)

select * from cleaned
  )
/* {"app": "dbt", "dbt_version": "1.12.4", "profile_name": "health360_dbt", "target_name": "dev", "node_id": "model.Healthcare_360.stg_doctors"} */;
[0m01:36:38.216469 [debug] [Thread-3 (]: Snowflake adapter: Snowflake query id: 01c72e96-030b-8fa2-0032-36730030e112
[0m01:36:38.216469 [debug] [Thread-3 (]: Snowflake adapter: Snowflake error: 002003 (42S02): SQL compilation error:
Object 'HEALTH360_PROJECT.RAW.DOCTORS' does not exist or not authorized.
[0m01:36:38.263598 [debug] [Thread-3 (]: Database Error in model stg_doctors (models\staging\stg_doctors.sql)
  002003 (42S02): SQL compilation error:
  Object 'HEALTH360_PROJECT.RAW.DOCTORS' does not exist or not authorized.
  compiled code at target\run\Healthcare_360\models\staging\stg_doctors.sql
[0m01:36:38.263598 [debug] [Thread-3 (]: Sending event: {'category': 'dbt', 'action': 'run_model', 'label': 'db440a1a-5248-4f55-889d-82db3b96f8fa', 'context': [<snowplow_tracker.self_describing_json.SelfDescribingJson object at 0x0000029648E0EF00>]}
[0m01:36:38.263598 [error] [Thread-3 (]: 3 of 21 ERROR creating sql view model RAW_STAGING.stg_doctors .................. [[31mERROR[0m in 1.34s]
[0m01:36:38.263598 [debug] [Thread-3 (]: Finished running node model.Healthcare_360.stg_doctors
[0m01:36:38.263598 [debug] [Thread-3 (]: Began running node model.Healthcare_360.stg_encounters
[0m01:36:38.263598 [debug] [Thread-6 (]: Marking all children of 'model.Healthcare_360.stg_doctors' to be skipped because of status 'error'.  Reason: Database Error in model stg_doctors (models\staging\stg_doctors.sql)
  002003 (42S02): SQL compilation error:
  Object 'HEALTH360_PROJECT.RAW.DOCTORS' does not exist or not authorized.
  compiled code at target\run\Healthcare_360\models\staging\stg_doctors.sql.
[0m01:36:38.263598 [info ] [Thread-3 (]: 4 of 21 START sql view model RAW_STAGING.stg_encounters ........................ [RUN]
[0m01:36:38.263598 [debug] [Thread-3 (]: Re-using an available connection from the pool (formerly model.Healthcare_360.stg_doctors, now model.Healthcare_360.stg_encounters)
[0m01:36:38.279336 [debug] [Thread-3 (]: Began compiling node model.Healthcare_360.stg_encounters
[0m01:36:38.286135 [debug] [Thread-3 (]: Writing injected SQL for node "model.Healthcare_360.stg_encounters"
[0m01:36:38.290700 [debug] [Thread-3 (]: Began executing node model.Healthcare_360.stg_encounters
[0m01:36:38.290700 [debug] [Thread-3 (]: Dropping relation "HEALTH360_PROJECT"."RAW_STAGING"."STG_ENCOUNTERS" because it is of type table
[0m01:36:38.298913 [debug] [Thread-3 (]: Applying DROP to: "HEALTH360_PROJECT"."RAW_STAGING"."STG_ENCOUNTERS"
[0m01:36:38.302458 [debug] [Thread-3 (]: Using snowflake connection "model.Healthcare_360.stg_encounters"
[0m01:36:38.303512 [debug] [Thread-3 (]: On model.Healthcare_360.stg_encounters: drop table if exists "HEALTH360_PROJECT"."RAW_STAGING"."STG_ENCOUNTERS" cascade
/* {"app": "dbt", "dbt_version": "1.12.4", "profile_name": "health360_dbt", "target_name": "dev", "node_id": "model.Healthcare_360.stg_encounters"} */
[0m01:36:38.792037 [debug] [Thread-3 (]: SQL status: SUCCESS 1 in 0.499 seconds
[0m01:36:38.809279 [debug] [Thread-3 (]: Writing runtime sql for node "model.Healthcare_360.stg_encounters"
[0m01:36:38.823883 [debug] [Thread-3 (]: Using snowflake connection "model.Healthcare_360.stg_encounters"
[0m01:36:38.825205 [debug] [Thread-3 (]: On model.Healthcare_360.stg_encounters: create or replace   view HEALTH360_PROJECT.RAW_STAGING.stg_encounters
  
  
  
  
  as (
    with source as (
    select * from HEALTH360_PROJECT.RAW.encounters
),

cleaned as (
    select
        encounter_id,
        patient_id,
        provider_id                           as doctor_id,
        facility_id,
        encounter_type                        as visit_type,
        encounter_date::timestamp_ntz         as admission_date,
        discharge_date::timestamp_ntz         as discharge_date,
        created_ts::timestamp_ntz             as created_at
    from source
)

select * from cleaned
  )
/* {"app": "dbt", "dbt_version": "1.12.4", "profile_name": "health360_dbt", "target_name": "dev", "node_id": "model.Healthcare_360.stg_encounters"} */;
[0m01:36:38.875339 [debug] [Thread-2 (]: SQL status: SUCCESS 7669 in 1.312 seconds
[0m01:36:38.883890 [debug] [Thread-2 (]: Sending event: {'category': 'dbt', 'action': 'run_model', 'label': 'db440a1a-5248-4f55-889d-82db3b96f8fa', 'context': [<snowplow_tracker.self_describing_json.SelfDescribingJson object at 0x0000029648CB2C30>]}
[0m01:36:38.887180 [info ] [Thread-2 (]: 1 of 21 OK created sql table model RAW_DW.dim_date ............................. [[32mSUCCESS 7669[0m in 3.68s]
[0m01:36:38.887180 [debug] [Thread-2 (]: Finished running node model.Healthcare_360.dim_date
[0m01:36:38.887180 [debug] [Thread-2 (]: Began running node model.Healthcare_360.stg_facilities
[0m01:36:38.887180 [info ] [Thread-2 (]: 5 of 21 START sql view model RAW_STAGING.stg_facilities ........................ [RUN]
[0m01:36:38.887180 [debug] [Thread-2 (]: Re-using an available connection from the pool (formerly model.Healthcare_360.dim_date, now model.Healthcare_360.stg_facilities)
[0m01:36:38.887180 [debug] [Thread-2 (]: Began compiling node model.Healthcare_360.stg_facilities
[0m01:36:38.887180 [debug] [Thread-2 (]: Writing injected SQL for node "model.Healthcare_360.stg_facilities"
[0m01:36:38.887180 [debug] [Thread-2 (]: Began executing node model.Healthcare_360.stg_facilities
[0m01:36:38.908031 [debug] [Thread-2 (]: Writing runtime sql for node "model.Healthcare_360.stg_facilities"
[0m01:36:38.915020 [debug] [Thread-2 (]: Using snowflake connection "model.Healthcare_360.stg_facilities"
[0m01:36:38.915020 [debug] [Thread-2 (]: On model.Healthcare_360.stg_facilities: create or replace   view HEALTH360_PROJECT.RAW_STAGING.stg_facilities
  
  
  
  
  as (
    with source as (
    select * from HEALTH360_PROJECT.RAW.facilities
),

cleaned as (
    select
        facility_id,
        facility_name,
        address,
        city,
        state
    from source
)

select * from cleaned
  )
/* {"app": "dbt", "dbt_version": "1.12.4", "profile_name": "health360_dbt", "target_name": "dev", "node_id": "model.Healthcare_360.stg_facilities"} */;
[0m01:36:39.555463 [debug] [Thread-2 (]: SQL status: SUCCESS 1 in 0.637 seconds
[0m01:36:39.565568 [debug] [Thread-2 (]: Sending event: {'category': 'dbt', 'action': 'run_model', 'label': 'db440a1a-5248-4f55-889d-82db3b96f8fa', 'context': [<snowplow_tracker.self_describing_json.SelfDescribingJson object at 0x00000296413F4BF0>]}
[0m01:36:39.567592 [info ] [Thread-2 (]: 5 of 21 OK created sql view model RAW_STAGING.stg_facilities ................... [[32mSUCCESS 1[0m in 0.68s]
[0m01:36:39.569361 [debug] [Thread-2 (]: Finished running node model.Healthcare_360.stg_facilities
[0m01:36:39.571384 [debug] [Thread-2 (]: Began running node model.Healthcare_360.stg_lab_results
[0m01:36:39.573402 [info ] [Thread-2 (]: 6 of 21 START sql view model RAW_STAGING.stg_lab_results ....................... [RUN]
[0m01:36:39.576000 [debug] [Thread-2 (]: Re-using an available connection from the pool (formerly model.Healthcare_360.stg_facilities, now model.Healthcare_360.stg_lab_results)
[0m01:36:39.578026 [debug] [Thread-2 (]: Began compiling node model.Healthcare_360.stg_lab_results
[0m01:36:39.585592 [debug] [Thread-2 (]: Writing injected SQL for node "model.Healthcare_360.stg_lab_results"
[0m01:36:39.590656 [debug] [Thread-2 (]: Began executing node model.Healthcare_360.stg_lab_results
[0m01:36:39.599302 [debug] [Thread-2 (]: Dropping relation "HEALTH360_PROJECT"."RAW_STAGING"."STG_LAB_RESULTS" because it is of type table
[0m01:36:39.607012 [debug] [Thread-2 (]: Applying DROP to: "HEALTH360_PROJECT"."RAW_STAGING"."STG_LAB_RESULTS"
[0m01:36:39.607012 [debug] [Thread-3 (]: SQL status: SUCCESS 1 in 0.783 seconds
[0m01:36:39.615094 [debug] [Thread-2 (]: Using snowflake connection "model.Healthcare_360.stg_lab_results"
[0m01:36:39.623432 [debug] [Thread-3 (]: Sending event: {'category': 'dbt', 'action': 'run_model', 'label': 'db440a1a-5248-4f55-889d-82db3b96f8fa', 'context': [<snowplow_tracker.self_describing_json.SelfDescribingJson object at 0x0000029648E52CF0>]}
[0m01:36:39.623432 [debug] [Thread-2 (]: On model.Healthcare_360.stg_lab_results: drop table if exists "HEALTH360_PROJECT"."RAW_STAGING"."STG_LAB_RESULTS" cascade
/* {"app": "dbt", "dbt_version": "1.12.4", "profile_name": "health360_dbt", "target_name": "dev", "node_id": "model.Healthcare_360.stg_lab_results"} */
[0m01:36:39.625448 [info ] [Thread-3 (]: 4 of 21 OK created sql view model RAW_STAGING.stg_encounters ................... [[32mSUCCESS 1[0m in 1.36s]
[0m01:36:39.629834 [debug] [Thread-3 (]: Finished running node model.Healthcare_360.stg_encounters
[0m01:36:39.631660 [debug] [Thread-3 (]: Began running node model.Healthcare_360.stg_patient_bills
[0m01:36:39.631660 [info ] [Thread-3 (]: 7 of 21 START sql view model RAW_STAGING.stg_patient_bills ..................... [RUN]
[0m01:36:39.631660 [debug] [Thread-3 (]: Re-using an available connection from the pool (formerly model.Healthcare_360.stg_encounters, now model.Healthcare_360.stg_patient_bills)
[0m01:36:39.631660 [debug] [Thread-3 (]: Began compiling node model.Healthcare_360.stg_patient_bills
[0m01:36:39.637998 [debug] [Thread-3 (]: Writing injected SQL for node "model.Healthcare_360.stg_patient_bills"
[0m01:36:39.643549 [debug] [Thread-3 (]: Began executing node model.Healthcare_360.stg_patient_bills
[0m01:36:39.654662 [debug] [Thread-3 (]: Dropping relation "HEALTH360_PROJECT"."RAW_STAGING"."STG_PATIENT_BILLS" because it is of type table
[0m01:36:39.663787 [debug] [Thread-3 (]: Applying DROP to: "HEALTH360_PROJECT"."RAW_STAGING"."STG_PATIENT_BILLS"
[0m01:36:39.666548 [debug] [Thread-3 (]: Using snowflake connection "model.Healthcare_360.stg_patient_bills"
[0m01:36:39.666548 [debug] [Thread-3 (]: On model.Healthcare_360.stg_patient_bills: drop table if exists "HEALTH360_PROJECT"."RAW_STAGING"."STG_PATIENT_BILLS" cascade
/* {"app": "dbt", "dbt_version": "1.12.4", "profile_name": "health360_dbt", "target_name": "dev", "node_id": "model.Healthcare_360.stg_patient_bills"} */
[0m01:36:40.056252 [debug] [Thread-3 (]: SQL status: SUCCESS 1 in 0.387 seconds
[0m01:36:40.060307 [debug] [Thread-3 (]: Writing runtime sql for node "model.Healthcare_360.stg_patient_bills"
[0m01:36:40.066593 [debug] [Thread-2 (]: SQL status: SUCCESS 1 in 0.439 seconds
[0m01:36:40.072273 [debug] [Thread-2 (]: Writing runtime sql for node "model.Healthcare_360.stg_lab_results"
[0m01:36:40.077706 [debug] [Thread-3 (]: Using snowflake connection "model.Healthcare_360.stg_patient_bills"
[0m01:36:40.079732 [debug] [Thread-3 (]: On model.Healthcare_360.stg_patient_bills: create or replace   view HEALTH360_PROJECT.RAW_STAGING.stg_patient_bills
  
  
  
  
  as (
    with source as (
    select * from HEALTH360_PROJECT.RAW.patient_bills
),

cleaned as (
    select
        claim_id,
        encounter_id,
        billed_amount,
        allowed_amount,
        paid_amount,
        insurer,
        claim_status,
        claim_date::date as claim_date
    from source
)

select * from cleaned
  )
/* {"app": "dbt", "dbt_version": "1.12.4", "profile_name": "health360_dbt", "target_name": "dev", "node_id": "model.Healthcare_360.stg_patient_bills"} */;
[0m01:36:40.079732 [debug] [Thread-2 (]: Using snowflake connection "model.Healthcare_360.stg_lab_results"
[0m01:36:40.085958 [debug] [Thread-2 (]: On model.Healthcare_360.stg_lab_results: create or replace   view HEALTH360_PROJECT.RAW_STAGING.stg_lab_results
  
  
  
  
  as (
    with source as (
    select * from HEALTH360_PROJECT.RAW.lab_results
),

cleaned as (
    select
        encounter_id,
        test_name,
        test_value,
        test_unit,
        reference_range,
        result_flag,
        lab_date::date as lab_date
    from source
)

select * from cleaned
  )
/* {"app": "dbt", "dbt_version": "1.12.4", "profile_name": "health360_dbt", "target_name": "dev", "node_id": "model.Healthcare_360.stg_lab_results"} */;
[0m01:36:40.406037 [debug] [Thread-2 (]: Snowflake adapter: Snowflake query id: 01c72e96-030b-8854-0032-3673003060fe
[0m01:36:40.413399 [debug] [Thread-2 (]: Snowflake adapter: Snowflake error: 002003 (42S02): SQL compilation error:
Object 'HEALTH360_PROJECT.RAW.LAB_RESULTS' does not exist or not authorized.
[0m01:36:40.427297 [debug] [Thread-2 (]: Database Error in model stg_lab_results (models\staging\stg_lab_results.sql)
  002003 (42S02): SQL compilation error:
  Object 'HEALTH360_PROJECT.RAW.LAB_RESULTS' does not exist or not authorized.
  compiled code at target\run\Healthcare_360\models\staging\stg_lab_results.sql
[0m01:36:40.428313 [debug] [Thread-2 (]: Sending event: {'category': 'dbt', 'action': 'run_model', 'label': 'db440a1a-5248-4f55-889d-82db3b96f8fa', 'context': [<snowplow_tracker.self_describing_json.SelfDescribingJson object at 0x0000029648D87470>]}
[0m01:36:40.430081 [error] [Thread-2 (]: 6 of 21 ERROR creating sql view model RAW_STAGING.stg_lab_results .............. [[31mERROR[0m in 0.85s]
[0m01:36:40.434475 [debug] [Thread-2 (]: Finished running node model.Healthcare_360.stg_lab_results
[0m01:36:40.436493 [debug] [Thread-2 (]: Began running node model.Healthcare_360.stg_patients
[0m01:36:40.438511 [debug] [Thread-6 (]: Marking all children of 'model.Healthcare_360.stg_lab_results' to be skipped because of status 'error'.  Reason: Database Error in model stg_lab_results (models\staging\stg_lab_results.sql)
  002003 (42S02): SQL compilation error:
  Object 'HEALTH360_PROJECT.RAW.LAB_RESULTS' does not exist or not authorized.
  compiled code at target\run\Healthcare_360\models\staging\stg_lab_results.sql.
[0m01:36:40.438511 [info ] [Thread-2 (]: 8 of 21 START sql view model RAW_STAGING.stg_patients .......................... [RUN]
[0m01:36:40.441794 [debug] [Thread-2 (]: Re-using an available connection from the pool (formerly model.Healthcare_360.stg_lab_results, now model.Healthcare_360.stg_patients)
[0m01:36:40.441794 [debug] [Thread-2 (]: Began compiling node model.Healthcare_360.stg_patients
[0m01:36:40.449283 [debug] [Thread-2 (]: Writing injected SQL for node "model.Healthcare_360.stg_patients"
[0m01:36:40.452848 [debug] [Thread-2 (]: Began executing node model.Healthcare_360.stg_patients
[0m01:36:40.459956 [debug] [Thread-2 (]: Dropping relation "HEALTH360_PROJECT"."RAW_STAGING"."STG_PATIENTS" because it is of type table
[0m01:36:40.467519 [debug] [Thread-2 (]: Applying DROP to: "HEALTH360_PROJECT"."RAW_STAGING"."STG_PATIENTS"
[0m01:36:40.467519 [debug] [Thread-2 (]: Using snowflake connection "model.Healthcare_360.stg_patients"
[0m01:36:40.467519 [debug] [Thread-2 (]: On model.Healthcare_360.stg_patients: drop table if exists "HEALTH360_PROJECT"."RAW_STAGING"."STG_PATIENTS" cascade
/* {"app": "dbt", "dbt_version": "1.12.4", "profile_name": "health360_dbt", "target_name": "dev", "node_id": "model.Healthcare_360.stg_patients"} */
[0m01:36:40.889224 [debug] [Thread-2 (]: SQL status: SUCCESS 1 in 0.418 seconds
[0m01:36:40.898501 [debug] [Thread-2 (]: Writing runtime sql for node "model.Healthcare_360.stg_patients"
[0m01:36:40.905176 [debug] [Thread-2 (]: Using snowflake connection "model.Healthcare_360.stg_patients"
[0m01:36:40.907201 [debug] [Thread-2 (]: On model.Healthcare_360.stg_patients: create or replace   view HEALTH360_PROJECT.RAW_STAGING.stg_patients
  
  
  
  
  as (
    with source as (
    select * from HEALTH360_PROJECT.RAW.patients
),

cleaned as (
    select
        patient_id,
        first_name,
        last_name,
        first_name || ' ' || last_name   as full_name,
        dob::date                         as dob,
        gender,
        race,
        address,
        city,
        state,
        zip,
        created_ts::timestamp_ntz         as created_at
    from source
)

select * from cleaned
  )
/* {"app": "dbt", "dbt_version": "1.12.4", "profile_name": "health360_dbt", "target_name": "dev", "node_id": "model.Healthcare_360.stg_patients"} */;
[0m01:36:40.917307 [debug] [Thread-3 (]: SQL status: SUCCESS 1 in 0.835 seconds
[0m01:36:40.924381 [debug] [Thread-3 (]: Sending event: {'category': 'dbt', 'action': 'run_model', 'label': 'db440a1a-5248-4f55-889d-82db3b96f8fa', 'context': [<snowplow_tracker.self_describing_json.SelfDescribingJson object at 0x00000296477DD7C0>]}
[0m01:36:40.926400 [info ] [Thread-3 (]: 7 of 21 OK created sql view model RAW_STAGING.stg_patient_bills ................ [[32mSUCCESS 1[0m in 1.29s]
[0m01:36:40.930438 [debug] [Thread-3 (]: Finished running node model.Healthcare_360.stg_patient_bills
[0m01:36:40.930438 [debug] [Thread-3 (]: Began running node model.Healthcare_360.stg_procedures
[0m01:36:40.932456 [info ] [Thread-3 (]: 9 of 21 START sql view model RAW_STAGING.stg_procedures ........................ [RUN]
[0m01:36:40.934473 [debug] [Thread-3 (]: Re-using an available connection from the pool (formerly model.Healthcare_360.stg_patient_bills, now model.Healthcare_360.stg_procedures)
[0m01:36:40.936492 [debug] [Thread-3 (]: Began compiling node model.Healthcare_360.stg_procedures
[0m01:36:40.942188 [debug] [Thread-3 (]: Writing injected SQL for node "model.Healthcare_360.stg_procedures"
[0m01:36:40.945475 [debug] [Thread-3 (]: Began executing node model.Healthcare_360.stg_procedures
[0m01:36:40.953591 [debug] [Thread-3 (]: Dropping relation "HEALTH360_PROJECT"."RAW_STAGING"."STG_PROCEDURES" because it is of type table
[0m01:36:40.953591 [debug] [Thread-3 (]: Applying DROP to: "HEALTH360_PROJECT"."RAW_STAGING"."STG_PROCEDURES"
[0m01:36:40.953591 [debug] [Thread-3 (]: Using snowflake connection "model.Healthcare_360.stg_procedures"
[0m01:36:40.953591 [debug] [Thread-3 (]: On model.Healthcare_360.stg_procedures: drop table if exists "HEALTH360_PROJECT"."RAW_STAGING"."STG_PROCEDURES" cascade
/* {"app": "dbt", "dbt_version": "1.12.4", "profile_name": "health360_dbt", "target_name": "dev", "node_id": "model.Healthcare_360.stg_procedures"} */
[0m01:36:41.357268 [debug] [Thread-3 (]: SQL status: SUCCESS 1 in 0.397 seconds
[0m01:36:41.363101 [debug] [Thread-3 (]: Writing runtime sql for node "model.Healthcare_360.stg_procedures"
[0m01:36:41.373400 [debug] [Thread-3 (]: Using snowflake connection "model.Healthcare_360.stg_procedures"
[0m01:36:41.375423 [debug] [Thread-3 (]: On model.Healthcare_360.stg_procedures: create or replace   view HEALTH360_PROJECT.RAW_STAGING.stg_procedures
  
  
  
  
  as (
    with source as (
    select * from HEALTH360_PROJECT.RAW.procedures
),

cleaned as (
    select
        encounter_id,
        procedure_code,
        procedure_description,
        procedure_date::date as procedure_date
    from source
)

select * from cleaned
  )
/* {"app": "dbt", "dbt_version": "1.12.4", "profile_name": "health360_dbt", "target_name": "dev", "node_id": "model.Healthcare_360.stg_procedures"} */;
[0m01:36:41.476950 [debug] [Thread-2 (]: SQL status: SUCCESS 1 in 0.569 seconds
[0m01:36:41.487339 [debug] [Thread-2 (]: Sending event: {'category': 'dbt', 'action': 'run_model', 'label': 'db440a1a-5248-4f55-889d-82db3b96f8fa', 'context': [<snowplow_tracker.self_describing_json.SelfDescribingJson object at 0x0000029648E519D0>]}
[0m01:36:41.487339 [info ] [Thread-2 (]: 8 of 21 OK created sql view model RAW_STAGING.stg_patients ..................... [[32mSUCCESS 1[0m in 1.04s]
[0m01:36:41.487339 [debug] [Thread-2 (]: Finished running node model.Healthcare_360.stg_patients
[0m01:36:41.487339 [debug] [Thread-2 (]: Began running node model.Healthcare_360.dim_diagnosis
[0m01:36:41.500610 [info ] [Thread-2 (]: 10 of 21 START sql table model RAW_DW.dim_diagnosis ............................ [RUN]
[0m01:36:41.503386 [debug] [Thread-2 (]: Re-using an available connection from the pool (formerly model.Healthcare_360.stg_patients, now model.Healthcare_360.dim_diagnosis)
[0m01:36:41.503386 [debug] [Thread-2 (]: Began compiling node model.Healthcare_360.dim_diagnosis
[0m01:36:41.521146 [debug] [Thread-2 (]: Writing injected SQL for node "model.Healthcare_360.dim_diagnosis"
[0m01:36:41.527433 [debug] [Thread-2 (]: Began executing node model.Healthcare_360.dim_diagnosis
[0m01:36:41.532617 [debug] [Thread-2 (]: Writing runtime sql for node "model.Healthcare_360.dim_diagnosis"
[0m01:36:41.543210 [debug] [Thread-2 (]: Using snowflake connection "model.Healthcare_360.dim_diagnosis"
[0m01:36:41.543210 [debug] [Thread-2 (]: On model.Healthcare_360.dim_diagnosis: create or replace transient table HEALTH360_PROJECT.RAW_DW.dim_diagnosis
    
    
    
    
    

    as (with stg as (
    select distinct
        diagnosis_code,
        diagnosis_description
    from HEALTH360_PROJECT.RAW_STAGING.stg_diagnosis
)

select
    md5(cast(coalesce(cast(diagnosis_code as TEXT), '_dbt_utils_surrogate_key_null_') as TEXT)) as diagnosis_sk,
    diagnosis_code,
    diagnosis_description                                       as description,
    'ICD-10'                                                    as icd_version
from stg
    )

/* {"app": "dbt", "dbt_version": "1.12.4", "profile_name": "health360_dbt", "target_name": "dev", "node_id": "model.Healthcare_360.dim_diagnosis"} */;
[0m01:36:42.169868 [debug] [Thread-3 (]: SQL status: SUCCESS 1 in 0.796 seconds
[0m01:36:42.180333 [debug] [Thread-3 (]: Sending event: {'category': 'dbt', 'action': 'run_model', 'label': 'db440a1a-5248-4f55-889d-82db3b96f8fa', 'context': [<snowplow_tracker.self_describing_json.SelfDescribingJson object at 0x0000029648E31CD0>]}
[0m01:36:42.180333 [info ] [Thread-3 (]: 9 of 21 OK created sql view model RAW_STAGING.stg_procedures ................... [[32mSUCCESS 1[0m in 1.25s]
[0m01:36:42.185306 [debug] [Thread-3 (]: Finished running node model.Healthcare_360.stg_procedures
[0m01:36:42.185306 [debug] [Thread-3 (]: Began running node model.Healthcare_360.dim_facility
[0m01:36:42.185306 [info ] [Thread-3 (]: 11 of 21 START sql table model RAW_DW.dim_facility ............................. [RUN]
[0m01:36:42.189611 [debug] [Thread-3 (]: Re-using an available connection from the pool (formerly model.Healthcare_360.stg_procedures, now model.Healthcare_360.dim_facility)
[0m01:36:42.189611 [debug] [Thread-3 (]: Began compiling node model.Healthcare_360.dim_facility
[0m01:36:42.196685 [debug] [Thread-3 (]: Writing injected SQL for node "model.Healthcare_360.dim_facility"
[0m01:36:42.202764 [debug] [Thread-3 (]: Began executing node model.Healthcare_360.dim_facility
[0m01:36:42.209563 [debug] [Thread-3 (]: Writing runtime sql for node "model.Healthcare_360.dim_facility"
[0m01:36:42.215600 [debug] [Thread-3 (]: Using snowflake connection "model.Healthcare_360.dim_facility"
[0m01:36:42.217615 [debug] [Thread-3 (]: On model.Healthcare_360.dim_facility: create or replace transient table HEALTH360_PROJECT.RAW_DW.dim_facility
    
    
    
    
    

    as (with stg as (
    select * from HEALTH360_PROJECT.RAW_STAGING.stg_facilities
)

select
    md5(cast(coalesce(cast(facility_id as TEXT), '_dbt_utils_surrogate_key_null_') as TEXT)) as facility_sk,
    facility_id,
    facility_name,
    address,
    city,
    state
from stg
    )

/* {"app": "dbt", "dbt_version": "1.12.4", "profile_name": "health360_dbt", "target_name": "dev", "node_id": "model.Healthcare_360.dim_facility"} */;
[0m01:36:43.094632 [debug] [Thread-2 (]: SQL status: SUCCESS 7 in 1.554 seconds
[0m01:36:43.110671 [debug] [Thread-2 (]: Sending event: {'category': 'dbt', 'action': 'run_model', 'label': 'db440a1a-5248-4f55-889d-82db3b96f8fa', 'context': [<snowplow_tracker.self_describing_json.SelfDescribingJson object at 0x0000029648CA8BC0>]}
[0m01:36:43.112698 [info ] [Thread-2 (]: 10 of 21 OK created sql table model RAW_DW.dim_diagnosis ....................... [[32mSUCCESS 7[0m in 1.61s]
[0m01:36:43.117255 [debug] [Thread-2 (]: Finished running node model.Healthcare_360.dim_diagnosis
[0m01:36:43.118678 [debug] [Thread-2 (]: Began running node model.Healthcare_360.dim_patient
[0m01:36:43.119944 [info ] [Thread-2 (]: 12 of 21 START sql table model RAW_DW.dim_patient .............................. [RUN]
[0m01:36:43.119944 [debug] [Thread-2 (]: Re-using an available connection from the pool (formerly model.Healthcare_360.dim_diagnosis, now model.Healthcare_360.dim_patient)
[0m01:36:43.122914 [debug] [Thread-2 (]: Began compiling node model.Healthcare_360.dim_patient
[0m01:36:43.131268 [debug] [Thread-2 (]: Writing injected SQL for node "model.Healthcare_360.dim_patient"
[0m01:36:43.133284 [debug] [Thread-2 (]: Began executing node model.Healthcare_360.dim_patient
[0m01:36:43.141024 [debug] [Thread-2 (]: Writing runtime sql for node "model.Healthcare_360.dim_patient"
[0m01:36:43.144749 [debug] [Thread-2 (]: Using snowflake connection "model.Healthcare_360.dim_patient"
[0m01:36:43.144749 [debug] [Thread-2 (]: On model.Healthcare_360.dim_patient: create or replace transient table HEALTH360_PROJECT.RAW_DW.dim_patient
    
    
    
    
    

    as (with stg as (
    select * from HEALTH360_PROJECT.RAW_STAGING.stg_patients
)

select
    md5(cast(coalesce(cast(patient_id as TEXT), '_dbt_utils_surrogate_key_null_') as TEXT)) as patient_sk,
    patient_id,
    full_name,
    dob,
    gender,
    race,
    city,
    state,
    zip,
    current_date()              as effective_start_dt,
    null::date                  as effective_end_dt,
    true                        as is_current
from stg
    )

/* {"app": "dbt", "dbt_version": "1.12.4", "profile_name": "health360_dbt", "target_name": "dev", "node_id": "model.Healthcare_360.dim_patient"} */;
[0m01:36:43.784361 [debug] [Thread-3 (]: SQL status: SUCCESS 100 in 1.567 seconds
[0m01:36:43.787708 [debug] [Thread-3 (]: Sending event: {'category': 'dbt', 'action': 'run_model', 'label': 'db440a1a-5248-4f55-889d-82db3b96f8fa', 'context': [<snowplow_tracker.self_describing_json.SelfDescribingJson object at 0x0000029648E0F5C0>]}
[0m01:36:43.787708 [info ] [Thread-3 (]: 11 of 21 OK created sql table model RAW_DW.dim_facility ........................ [[32mSUCCESS 100[0m in 1.60s]
[0m01:36:43.799332 [debug] [Thread-3 (]: Finished running node model.Healthcare_360.dim_facility
[0m01:36:43.799332 [debug] [Thread-3 (]: Began running node model.Healthcare_360.dim_procedure
[0m01:36:43.802540 [info ] [Thread-3 (]: 13 of 21 START sql table model RAW_DW.dim_procedure ............................ [RUN]
[0m01:36:43.804144 [debug] [Thread-3 (]: Re-using an available connection from the pool (formerly model.Healthcare_360.dim_facility, now model.Healthcare_360.dim_procedure)
[0m01:36:43.806604 [debug] [Thread-3 (]: Began compiling node model.Healthcare_360.dim_procedure
[0m01:36:43.817215 [debug] [Thread-3 (]: Writing injected SQL for node "model.Healthcare_360.dim_procedure"
[0m01:36:43.822263 [debug] [Thread-3 (]: Began executing node model.Healthcare_360.dim_procedure
[0m01:36:43.834959 [debug] [Thread-3 (]: Writing runtime sql for node "model.Healthcare_360.dim_procedure"
[0m01:36:43.834959 [debug] [Thread-3 (]: Using snowflake connection "model.Healthcare_360.dim_procedure"
[0m01:36:43.834959 [debug] [Thread-3 (]: On model.Healthcare_360.dim_procedure: create or replace transient table HEALTH360_PROJECT.RAW_DW.dim_procedure
    
    
    
    
    

    as (with stg as (
    select distinct
        procedure_code,
        procedure_description
    from HEALTH360_PROJECT.RAW_STAGING.stg_procedures
)

select
    md5(cast(coalesce(cast(procedure_code as TEXT), '_dbt_utils_surrogate_key_null_') as TEXT)) as procedure_sk,
    procedure_code,
    procedure_description                                       as description
from stg
    )

/* {"app": "dbt", "dbt_version": "1.12.4", "profile_name": "health360_dbt", "target_name": "dev", "node_id": "model.Healthcare_360.dim_procedure"} */;
[0m01:36:44.646327 [debug] [Thread-2 (]: SQL status: SUCCESS 20000 in 1.500 seconds
[0m01:36:44.654838 [debug] [Thread-2 (]: Sending event: {'category': 'dbt', 'action': 'run_model', 'label': 'db440a1a-5248-4f55-889d-82db3b96f8fa', 'context': [<snowplow_tracker.self_describing_json.SelfDescribingJson object at 0x0000029648ECC050>]}
[0m01:36:44.659147 [info ] [Thread-2 (]: 12 of 21 OK created sql table model RAW_DW.dim_patient ......................... [[32mSUCCESS 20000[0m in 1.53s]
[0m01:36:44.659147 [debug] [Thread-2 (]: Finished running node model.Healthcare_360.dim_patient
[0m01:36:44.664934 [debug] [Thread-2 (]: Began running node model.Healthcare_360.dim_provider
[0m01:36:44.666841 [info ] [Thread-2 (]: 14 of 21 SKIP relation RAW_DW.dim_provider ..................................... [[33mSKIP[0m]
[0m01:36:44.668735 [debug] [Thread-2 (]: Finished running node model.Healthcare_360.dim_provider
[0m01:36:44.670762 [debug] [Thread-2 (]: Began running node model.Healthcare_360.fact_encounter
[0m01:36:44.673444 [info ] [Thread-2 (]: 15 of 21 SKIP relation RAW_DW.fact_encounter ................................... [[33mSKIP[0m]
[0m01:36:44.675206 [debug] [Thread-2 (]: Finished running node model.Healthcare_360.fact_encounter
[0m01:36:44.677227 [debug] [Thread-2 (]: Began running node model.Healthcare_360.fact_claim
[0m01:36:44.677227 [info ] [Thread-2 (]: 16 of 21 SKIP relation RAW_DW.fact_claim ....................................... [[33mSKIP[0m]
[0m01:36:44.682544 [debug] [Thread-2 (]: Finished running node model.Healthcare_360.fact_claim
[0m01:36:44.683673 [debug] [Thread-2 (]: Began running node model.Healthcare_360.fact_diagnosis
[0m01:36:44.685164 [info ] [Thread-2 (]: 17 of 21 SKIP relation RAW_DW.fact_diagnosis ................................... [[33mSKIP[0m]
[0m01:36:44.687877 [debug] [Thread-2 (]: Finished running node model.Healthcare_360.fact_diagnosis
[0m01:36:44.689763 [debug] [Thread-2 (]: Began running node model.Healthcare_360.readmission_dashboard
[0m01:36:44.691781 [info ] [Thread-2 (]: 18 of 21 SKIP relation RAW_MARTS.readmission_dashboard ......................... [[33mSKIP[0m]
[0m01:36:44.694214 [debug] [Thread-2 (]: Finished running node model.Healthcare_360.readmission_dashboard
[0m01:36:44.695433 [debug] [Thread-2 (]: Began running node model.Healthcare_360.cost_metrics
[0m01:36:44.698031 [info ] [Thread-2 (]: 19 of 21 SKIP relation RAW_MARTS.cost_metrics .................................. [[33mSKIP[0m]
[0m01:36:44.700059 [debug] [Thread-2 (]: Finished running node model.Healthcare_360.cost_metrics
[0m01:36:44.702157 [debug] [Thread-2 (]: Began running node model.Healthcare_360.clinical_overview
[0m01:36:44.702157 [info ] [Thread-2 (]: 20 of 21 SKIP relation RAW_MARTS.clinical_overview ............................. [[33mSKIP[0m]
[0m01:36:44.702157 [debug] [Thread-2 (]: Finished running node model.Healthcare_360.clinical_overview
[0m01:36:45.662034 [debug] [Thread-3 (]: SQL status: SUCCESS 5 in 1.821 seconds
[0m01:36:45.669677 [debug] [Thread-3 (]: Sending event: {'category': 'dbt', 'action': 'run_model', 'label': 'db440a1a-5248-4f55-889d-82db3b96f8fa', 'context': [<snowplow_tracker.self_describing_json.SelfDescribingJson object at 0x0000029648CAAED0>]}
[0m01:36:45.669677 [info ] [Thread-3 (]: 13 of 21 OK created sql table model RAW_DW.dim_procedure ....................... [[32mSUCCESS 5[0m in 1.87s]
[0m01:36:45.674095 [debug] [Thread-3 (]: Finished running node model.Healthcare_360.dim_procedure
[0m01:36:45.674095 [debug] [Thread-2 (]: Began running node model.Healthcare_360.fact_procedure
[0m01:36:45.678196 [info ] [Thread-2 (]: 21 of 21 SKIP relation RAW_DW.fact_procedure ................................... [[33mSKIP[0m]
[0m01:36:45.679822 [debug] [Thread-2 (]: Finished running node model.Healthcare_360.fact_procedure
[0m01:36:45.682613 [debug] [MainThread]: Connection 'master' was properly closed.
[0m01:36:45.682613 [debug] [MainThread]: Connection 'create_HEALTH360_PROJECT_RAW_MARTS' was left open.
[0m01:36:45.688242 [debug] [MainThread]: On create_HEALTH360_PROJECT_RAW_MARTS: Close
[0m01:36:46.391835 [debug] [MainThread]: Connection 'create_HEALTH360_PROJECT_RAW_DW' was left open.
[0m01:36:46.393860 [debug] [MainThread]: On create_HEALTH360_PROJECT_RAW_DW: Close
[0m01:36:46.986366 [debug] [MainThread]: Connection 'list_HEALTH360_PROJECT_RAW_DW' was left open.
[0m01:36:46.986366 [debug] [MainThread]: On list_HEALTH360_PROJECT_RAW_DW: Close
[0m01:36:47.598038 [debug] [MainThread]: Connection 'list_HEALTH360_PROJECT_RAW_STAGING' was left open.
[0m01:36:47.598038 [debug] [MainThread]: On list_HEALTH360_PROJECT_RAW_STAGING: Close
[0m01:36:48.226465 [debug] [MainThread]: Connection 'model.Healthcare_360.dim_patient' was left open.
[0m01:36:48.228500 [debug] [MainThread]: On model.Healthcare_360.dim_patient: Close
[0m01:36:48.840356 [debug] [MainThread]: Connection 'model.Healthcare_360.dim_procedure' was left open.
[0m01:36:48.840356 [debug] [MainThread]: On model.Healthcare_360.dim_procedure: Close
[0m01:36:49.444474 [info ] [MainThread]: 
[0m01:36:49.448312 [info ] [MainThread]: Finished running 13 table models, 8 view models in 0 hours 0 minutes and 20.59 seconds (20.59s).
[0m01:36:49.460423 [debug] [MainThread]: Command end result
[0m01:36:49.580842 [debug] [MainThread]: Wrote artifact WritableManifest to C:\Learning\DBT\Healthcare_360\target\manifest.json
[0m01:36:49.585978 [debug] [MainThread]: Wrote artifact SemanticManifest to C:\Learning\DBT\Healthcare_360\target\semantic_manifest.json
[0m01:36:49.585978 [debug] [MainThread]: Wrote artifact OsiDocument to C:\Learning\DBT\Healthcare_360\target\osi_document.json
[0m01:36:49.602132 [debug] [MainThread]: Wrote artifact RunExecutionResult to C:\Learning\DBT\Healthcare_360\target\run_results.json
[0m01:36:49.602132 [info ] [MainThread]: 
[0m01:36:49.614487 [info ] [MainThread]: [31mCompleted with 2 errors, 0 partial successes, and 0 warnings:[0m
[0m01:36:49.615061 [info ] [MainThread]: 
[0m01:36:49.616123 [error] [MainThread]: [[31mERROR[0m]: in model stg_doctors (models\staging\stg_doctors.sql)
[0m01:36:49.616123 [error] [MainThread]:   Database Error in model stg_doctors (models\staging\stg_doctors.sql)
  002003 (42S02): SQL compilation error:
  Object 'HEALTH360_PROJECT.RAW.DOCTORS' does not exist or not authorized.
  compiled code at target\run\Healthcare_360\models\staging\stg_doctors.sql
[0m01:36:49.616123 [info ] [MainThread]: 
[0m01:36:49.617929 [info ] [MainThread]:   compiled code at target\compiled\Healthcare_360\models\staging\stg_doctors.sql
[0m01:36:49.617929 [info ] [MainThread]: 
[0m01:36:49.617929 [error] [MainThread]: [[31mERROR[0m]: in model stg_lab_results (models\staging\stg_lab_results.sql)
[0m01:36:49.617929 [error] [MainThread]:   Database Error in model stg_lab_results (models\staging\stg_lab_results.sql)
  002003 (42S02): SQL compilation error:
  Object 'HEALTH360_PROJECT.RAW.LAB_RESULTS' does not exist or not authorized.
  compiled code at target\run\Healthcare_360\models\staging\stg_lab_results.sql
[0m01:36:49.622933 [info ] [MainThread]: 
[0m01:36:49.622933 [info ] [MainThread]:   compiled code at target\compiled\Healthcare_360\models\staging\stg_lab_results.sql
[0m01:36:49.624790 [info ] [MainThread]: 
[0m01:36:49.624790 [info ] [MainThread]: Done. PASS=11 WARN=0 ERROR=2 SKIP=8 NO-OP=0 REUSED=0 TOTAL=21
[0m01:36:49.626530 [debug] [MainThread]: Command `dbt run` failed at 01:36:49.626530 after 25.44 seconds
[0m01:36:49.626530 [debug] [MainThread]: Sending event: {'category': 'dbt', 'action': 'invocation', 'label': 'end', 'context': [<snowplow_tracker.self_describing_json.SelfDescribingJson object at 0x000002963F0069C0>, <snowplow_tracker.self_describing_json.SelfDescribingJson object at 0x00000296413384A0>, <snowplow_tracker.self_describing_json.SelfDescribingJson object at 0x000002963F02A9C0>]}
[0m01:36:49.631240 [debug] [MainThread]: Flushing usage events
[0m01:36:51.088506 [debug] [MainThread]: An error was encountered while trying to flush usage events
[0m01:43:37.810929 [debug] [MainThread]: Sending event: {'category': 'dbt', 'action': 'invocation', 'label': 'start', 'context': [<snowplow_tracker.self_describing_json.SelfDescribingJson object at 0x000001F7DE06F020>, <snowplow_tracker.self_describing_json.SelfDescribingJson object at 0x000001F7DEB9CA40>, <snowplow_tracker.self_describing_json.SelfDescribingJson object at 0x000001F7DDE8C350>]}


============================== 01:43:37.820513 | 49d70652-01d1-4eda-8ba2-6977314e12ad ==============================
[0m01:43:37.820513 [info ] [MainThread]: Running with dbt=1.12.4
[0m01:43:37.822524 [debug] [MainThread]: running dbt with arguments {'static_parser': 'True', 'no_print': 'None', 'maximum_seed_size_mib': '1', 'target_path': 'None', 'version_check': 'True', 'warn_error_options': 'WarnErrorOptionsV2(error=[], warn=[], silence=[])', 'printer_width': '80', 'write_json': 'True', 'empty': 'False', 'log_cache_events': 'False', 'introspect': 'True', 'cache_selected_only': 'False', 'log_format': 'default', 'debug': 'False', 'fail_fast': 'False', 'profiles_dir': 'C:\\Users\\SAIPRASANTHR\\.dbt', 'send_anonymous_usage_stats': 'True', 'quiet': 'False', 'warn_error': 'None', 'partial_parse': 'True', 'invocation_command': 'dbt run', 'hints_enabled': 'True', 'indirect_selection': 'eager', 'use_experimental_parser': 'False', 'use_colors': 'True', 'log_path': 'C:\\Learning\\DBT\\Healthcare_360\\logs'}
[0m01:43:38.921265 [debug] [MainThread]: Snowflake adapter: Setting snowflake.connector to ERROR (file logging only)
[0m01:43:38.923282 [debug] [MainThread]: Snowflake adapter: Setting botocore to ERROR (file logging only)
[0m01:43:38.923282 [debug] [MainThread]: Snowflake adapter: Setting boto3 to ERROR (file logging only)
[0m01:43:39.315634 [debug] [MainThread]: Sending event: {'category': 'dbt', 'action': 'project_id', 'label': '49d70652-01d1-4eda-8ba2-6977314e12ad', 'context': [<snowplow_tracker.self_describing_json.SelfDescribingJson object at 0x000001F7E6006810>]}
[0m01:43:39.376269 [debug] [MainThread]: Sending event: {'category': 'dbt', 'action': 'adapter_info', 'label': '49d70652-01d1-4eda-8ba2-6977314e12ad', 'context': [<snowplow_tracker.self_describing_json.SelfDescribingJson object at 0x000001F7E5C19640>]}
[0m01:43:39.376269 [info ] [MainThread]: Registered adapter: snowflake=1.12.0
[0m01:43:39.859577 [debug] [MainThread]: checksum: 43c1271578ffc3f5e4620ff56cb8f61de61442f145dd894dfbd4e3c7f22810bf, vars: {}, profile: health360_dbt, target: dev, version: 1.12.4
[0m01:43:40.063124 [debug] [MainThread]: Partial parsing enabled: 0 files deleted, 1 files added, 3 files changed.
[0m01:43:40.063124 [debug] [MainThread]: Partial parsing: added file: Healthcare_360://macros\generate_schema_name.sql
[0m01:43:40.063124 [debug] [MainThread]: Partial parsing: updated file: Healthcare_360://models\staging\_sources.yml
[0m01:43:40.063124 [debug] [MainThread]: Partial parsing: updated file: Healthcare_360://models\staging\stg_doctors.sql
[0m01:43:40.063124 [debug] [MainThread]: Partial parsing: updated file: Healthcare_360://models\staging\stg_lab_results.sql
[0m01:43:40.079541 [info ] [MainThread]: Unable to do partial parsing because change detected to override macro. Starting full parse.
[0m01:43:42.559312 [debug] [MainThread]: Sending event: {'category': 'dbt', 'action': 'load_project', 'label': '49d70652-01d1-4eda-8ba2-6977314e12ad', 'context': [<snowplow_tracker.self_describing_json.SelfDescribingJson object at 0x000001F7E6E300B0>]}
[0m01:43:42.733597 [debug] [MainThread]: Wrote artifact WritableManifest to C:\Learning\DBT\Healthcare_360\target\manifest.json
[0m01:43:42.735617 [debug] [MainThread]: Wrote artifact SemanticManifest to C:\Learning\DBT\Healthcare_360\target\semantic_manifest.json
[0m01:43:42.777048 [debug] [MainThread]: Wrote artifact OsiDocument to C:\Learning\DBT\Healthcare_360\target\osi_document.json
[0m01:43:42.798208 [debug] [MainThread]: Sending event: {'category': 'dbt', 'action': 'resource_counts', 'label': '49d70652-01d1-4eda-8ba2-6977314e12ad', 'context': [<snowplow_tracker.self_describing_json.SelfDescribingJson object at 0x000001F7E6B024E0>]}
[0m01:43:42.798208 [info ] [MainThread]: Found 21 models, 1 snapshot, 10 data tests, 8 sources, 662 macros
[0m01:43:42.798208 [debug] [MainThread]: Sending event: {'category': 'dbt', 'action': 'runnable_timing', 'label': '49d70652-01d1-4eda-8ba2-6977314e12ad', 'context': [<snowplow_tracker.self_describing_json.SelfDescribingJson object at 0x000001F7E6DFEC90>]}
[0m01:43:42.802789 [info ] [MainThread]: 
[0m01:43:42.802789 [info ] [MainThread]: Concurrency: 2 threads (target='dev')
[0m01:43:42.802789 [info ] [MainThread]: 
[0m01:43:42.804806 [debug] [MainThread]: Acquiring new snowflake connection 'master'
[0m01:43:42.812604 [debug] [ThreadPool]: Acquiring new snowflake connection 'list_HEALTH360_PROJECT'
[0m01:43:42.823557 [debug] [ThreadPool]: Acquiring new snowflake connection 'list_HEALTH360_PROJECT'
[0m01:43:42.832507 [debug] [ThreadPool]: Using snowflake connection "list_HEALTH360_PROJECT"
[0m01:43:42.832507 [debug] [ThreadPool]: On list_HEALTH360_PROJECT: show terse schemas in database HEALTH360_PROJECT
    limit 10000
/* {"app": "dbt", "dbt_version": "1.12.4", "profile_name": "health360_dbt", "target_name": "dev", "connection_name": "list_HEALTH360_PROJECT"} */
[0m01:43:42.832507 [debug] [ThreadPool]: Opening a new connection, currently in state init
[0m01:43:42.832507 [debug] [ThreadPool]: Using snowflake connection "list_HEALTH360_PROJECT"
[0m01:43:42.832507 [debug] [ThreadPool]: On list_HEALTH360_PROJECT: show terse schemas in database HEALTH360_PROJECT
    limit 10000
/* {"app": "dbt", "dbt_version": "1.12.4", "profile_name": "health360_dbt", "target_name": "dev", "connection_name": "list_HEALTH360_PROJECT"} */
[0m01:43:42.832507 [debug] [ThreadPool]: Opening a new connection, currently in state init
[0m01:43:44.953943 [debug] [ThreadPool]: SQL status: SUCCESS 9 in 2.120 seconds
[0m01:43:44.953943 [debug] [ThreadPool]: Using snowflake connection "list_HEALTH360_PROJECT"
[0m01:43:44.953943 [debug] [ThreadPool]: On list_HEALTH360_PROJECT: show terse schemas in database HEALTH360_PROJECT
    limit 10000
/* {"app": "dbt", "dbt_version": "1.12.4", "profile_name": "health360_dbt", "target_name": "dev", "connection_name": "list_HEALTH360_PROJECT"} */
[0m01:43:45.136683 [debug] [ThreadPool]: SQL status: SUCCESS 9 in 2.302 seconds
[0m01:43:45.398157 [debug] [ThreadPool]: SQL status: SUCCESS 9 in 0.433 seconds
[0m01:43:45.403089 [debug] [ThreadPool]: Re-using an available connection from the pool (formerly list_HEALTH360_PROJECT, now create_HEALTH360_PROJECT_DW)
[0m01:43:45.406479 [debug] [ThreadPool]: Creating schema "database: "HEALTH360_PROJECT"
schema: "DW"
"
[0m01:43:45.410271 [debug] [ThreadPool]: Using snowflake connection "create_HEALTH360_PROJECT_DW"
[0m01:43:45.410271 [debug] [ThreadPool]: On create_HEALTH360_PROJECT_DW: create schema if not exists HEALTH360_PROJECT.DW
/* {"app": "dbt", "dbt_version": "1.12.4", "profile_name": "health360_dbt", "target_name": "dev", "connection_name": "create_HEALTH360_PROJECT_DW"} */
[0m01:43:45.779779 [debug] [ThreadPool]: SQL status: SUCCESS 1 in 0.362 seconds
[0m01:43:45.784994 [debug] [ThreadPool]: Acquiring new snowflake connection 'list_HEALTH360_PROJECT_STAGING'
[0m01:43:45.792898 [debug] [ThreadPool]: Acquiring new snowflake connection 'list_HEALTH360_PROJECT_MARTS'
[0m01:43:45.844017 [debug] [ThreadPool]: Using snowflake connection "list_HEALTH360_PROJECT_MARTS"
[0m01:43:45.855658 [debug] [ThreadPool]: On list_HEALTH360_PROJECT_MARTS: show objects in HEALTH360_PROJECT.MARTS
    limit 10000
    

/* {"app": "dbt", "dbt_version": "1.12.4", "profile_name": "health360_dbt", "target_name": "dev", "connection_name": "list_HEALTH360_PROJECT_MARTS"} */;
[0m01:43:45.851583 [debug] [ThreadPool]: Using snowflake connection "list_HEALTH360_PROJECT_STAGING"
[0m01:43:45.856674 [debug] [ThreadPool]: Opening a new connection, currently in state init
[0m01:43:45.856674 [debug] [ThreadPool]: On list_HEALTH360_PROJECT_STAGING: show objects in HEALTH360_PROJECT.STAGING
    limit 10000
    

/* {"app": "dbt", "dbt_version": "1.12.4", "profile_name": "health360_dbt", "target_name": "dev", "connection_name": "list_HEALTH360_PROJECT_STAGING"} */;
[0m01:43:45.858482 [debug] [ThreadPool]: Opening a new connection, currently in state init
[0m01:43:48.677816 [debug] [ThreadPool]: SQL status: SUCCESS 4 in 2.819 seconds
[0m01:43:48.700513 [debug] [ThreadPool]: Using snowflake connection "list_HEALTH360_PROJECT_STAGING"
[0m01:43:48.700513 [debug] [ThreadPool]: On list_HEALTH360_PROJECT_STAGING: show user functions in HEALTH360_PROJECT.STAGING
/* {"app": "dbt", "dbt_version": "1.12.4", "profile_name": "health360_dbt", "target_name": "dev", "connection_name": "list_HEALTH360_PROJECT_STAGING"} */
[0m01:43:48.710114 [debug] [ThreadPool]: SQL status: SUCCESS 0 in 2.854 seconds
[0m01:43:48.720863 [debug] [ThreadPool]: Using snowflake connection "list_HEALTH360_PROJECT_MARTS"
[0m01:43:48.722913 [debug] [ThreadPool]: On list_HEALTH360_PROJECT_MARTS: show user functions in HEALTH360_PROJECT.MARTS
/* {"app": "dbt", "dbt_version": "1.12.4", "profile_name": "health360_dbt", "target_name": "dev", "connection_name": "list_HEALTH360_PROJECT_MARTS"} */
[0m01:43:49.083562 [debug] [ThreadPool]: SQL status: SUCCESS 0 in 0.359 seconds
[0m01:43:49.091230 [debug] [ThreadPool]: Re-using an available connection from the pool (formerly list_HEALTH360_PROJECT_MARTS, now list_HEALTH360_PROJECT_DW)
[0m01:43:49.098447 [debug] [ThreadPool]: Using snowflake connection "list_HEALTH360_PROJECT_DW"
[0m01:43:49.100483 [debug] [ThreadPool]: On list_HEALTH360_PROJECT_DW: show objects in HEALTH360_PROJECT.DW
    limit 10000
    

/* {"app": "dbt", "dbt_version": "1.12.4", "profile_name": "health360_dbt", "target_name": "dev", "connection_name": "list_HEALTH360_PROJECT_DW"} */;
[0m01:43:49.161641 [debug] [ThreadPool]: SQL status: SUCCESS 0 in 0.461 seconds
[0m01:43:49.169801 [debug] [ThreadPool]: Re-using an available connection from the pool (formerly list_HEALTH360_PROJECT_STAGING, now list_HEALTH360_PROJECT_SNAPSHOTS)
[0m01:43:49.181659 [debug] [ThreadPool]: Using snowflake connection "list_HEALTH360_PROJECT_SNAPSHOTS"
[0m01:43:49.185745 [debug] [ThreadPool]: On list_HEALTH360_PROJECT_SNAPSHOTS: show objects in HEALTH360_PROJECT.SNAPSHOTS
    limit 10000
    

/* {"app": "dbt", "dbt_version": "1.12.4", "profile_name": "health360_dbt", "target_name": "dev", "connection_name": "list_HEALTH360_PROJECT_SNAPSHOTS"} */;
[0m01:43:49.479999 [debug] [ThreadPool]: SQL status: SUCCESS 0 in 0.389 seconds
[0m01:43:49.495922 [debug] [ThreadPool]: Using snowflake connection "list_HEALTH360_PROJECT_DW"
[0m01:43:49.495922 [debug] [ThreadPool]: On list_HEALTH360_PROJECT_DW: show user functions in HEALTH360_PROJECT.DW
/* {"app": "dbt", "dbt_version": "1.12.4", "profile_name": "health360_dbt", "target_name": "dev", "connection_name": "list_HEALTH360_PROJECT_DW"} */
[0m01:43:49.537868 [debug] [ThreadPool]: Snowflake adapter: Snowflake query id: 01c72e9d-030b-8901-0032-3673002ffc52
[0m01:43:49.537868 [debug] [ThreadPool]: Snowflake adapter: Snowflake error: 002043 (02000): SQL compilation error:
Object does not exist, or operation cannot be performed.
[0m01:43:49.537868 [debug] [ThreadPool]: Snowflake adapter: Error running SQL: macro list_relations_without_caching
[0m01:43:49.537868 [debug] [ThreadPool]: Snowflake adapter: Rolling back transaction.
[0m01:43:49.860138 [debug] [ThreadPool]: SQL status: SUCCESS 0 in 0.354 seconds
[0m01:43:49.869252 [debug] [MainThread]: Sending event: {'category': 'dbt', 'action': 'runnable_timing', 'label': '49d70652-01d1-4eda-8ba2-6977314e12ad', 'context': [<snowplow_tracker.self_describing_json.SelfDescribingJson object at 0x000001F7E6A3D970>]}
[0m01:43:49.891247 [debug] [Thread-2 (]: Began running node model.Healthcare_360.dim_date
[0m01:43:49.891247 [debug] [Thread-3 (]: Began running node model.Healthcare_360.stg_diagnosis
[0m01:43:49.891247 [info ] [Thread-2 (]: 1 of 21 START sql table model DW.dim_date ...................................... [RUN]
[0m01:43:49.908666 [debug] [Thread-2 (]: Acquiring new snowflake connection 'model.Healthcare_360.dim_date'
[0m01:43:49.904585 [info ] [Thread-3 (]: 2 of 21 START sql view model STAGING.stg_diagnosis ............................. [RUN]
[0m01:43:49.910719 [debug] [Thread-2 (]: Began compiling node model.Healthcare_360.dim_date
[0m01:43:49.915080 [debug] [Thread-3 (]: Acquiring new snowflake connection 'model.Healthcare_360.stg_diagnosis'
[0m01:43:49.928172 [debug] [Thread-3 (]: Began compiling node model.Healthcare_360.stg_diagnosis
[0m01:43:49.944835 [debug] [Thread-3 (]: Writing injected SQL for node "model.Healthcare_360.stg_diagnosis"
[0m01:43:49.966455 [debug] [Thread-2 (]: Using snowflake connection "model.Healthcare_360.dim_date"
[0m01:43:49.967972 [debug] [Thread-2 (]: On model.Healthcare_360.dim_date: select datediff(
        day,
        cast('2015-01-01' as date),
        cast('2035-12-31' as date)
        )
/* {"app": "dbt", "dbt_version": "1.12.4", "profile_name": "health360_dbt", "target_name": "dev", "node_id": "model.Healthcare_360.dim_date"} */
[0m01:43:49.972015 [debug] [Thread-2 (]: Opening a new connection, currently in state init
[0m01:43:49.972015 [debug] [Thread-3 (]: Began executing node model.Healthcare_360.stg_diagnosis
[0m01:43:50.024777 [debug] [Thread-3 (]: Writing runtime sql for node "model.Healthcare_360.stg_diagnosis"
[0m01:43:50.040744 [debug] [Thread-3 (]: Using snowflake connection "model.Healthcare_360.stg_diagnosis"
[0m01:43:50.040744 [debug] [Thread-3 (]: On model.Healthcare_360.stg_diagnosis: create or replace   view HEALTH360_PROJECT.STAGING.stg_diagnosis
  
  
  
  
  as (
    with source as (
    select * from HEALTH360_PROJECT.RAW.diagnosis_records
),

cleaned as (
    select
        encounter_id,
        diagnosis_code,
        diagnosis_description,
        diagnosis_rank
    from source
)

select * from cleaned
  )
/* {"app": "dbt", "dbt_version": "1.12.4", "profile_name": "health360_dbt", "target_name": "dev", "node_id": "model.Healthcare_360.stg_diagnosis"} */;
[0m01:43:50.040744 [debug] [Thread-3 (]: Opening a new connection, currently in state init
[0m01:43:51.394783 [debug] [Thread-2 (]: SQL status: SUCCESS 1 in 1.432 seconds
[0m01:43:51.394783 [debug] [Thread-2 (]: Writing injected SQL for node "model.Healthcare_360.dim_date"
[0m01:43:51.394783 [debug] [Thread-2 (]: Began executing node model.Healthcare_360.dim_date
[0m01:43:51.426669 [debug] [Thread-2 (]: Writing runtime sql for node "model.Healthcare_360.dim_date"
[0m01:43:51.442662 [debug] [Thread-2 (]: Using snowflake connection "model.Healthcare_360.dim_date"
[0m01:43:51.442662 [debug] [Thread-2 (]: On model.Healthcare_360.dim_date: create or replace transient table HEALTH360_PROJECT.DW.dim_date
    
    
    
    
    

    as (

with date_spine as (
    





with rawdata as (

    

    

    with p as (
        select 0 as generated_number union all select 1
    ), unioned as (

    select

    
    p0.generated_number * power(2, 0)
     + 
    
    p1.generated_number * power(2, 1)
     + 
    
    p2.generated_number * power(2, 2)
     + 
    
    p3.generated_number * power(2, 3)
     + 
    
    p4.generated_number * power(2, 4)
     + 
    
    p5.generated_number * power(2, 5)
     + 
    
    p6.generated_number * power(2, 6)
     + 
    
    p7.generated_number * power(2, 7)
     + 
    
    p8.generated_number * power(2, 8)
     + 
    
    p9.generated_number * power(2, 9)
     + 
    
    p10.generated_number * power(2, 10)
     + 
    
    p11.generated_number * power(2, 11)
     + 
    
    p12.generated_number * power(2, 12)
    
    
    + 1
    as generated_number

    from

    
    p as p0
     cross join 
    
    p as p1
     cross join 
    
    p as p2
     cross join 
    
    p as p3
     cross join 
    
    p as p4
     cross join 
    
    p as p5
     cross join 
    
    p as p6
     cross join 
    
    p as p7
     cross join 
    
    p as p8
     cross join 
    
    p as p9
     cross join 
    
    p as p10
     cross join 
    
    p as p11
     cross join 
    
    p as p12
    
    

    )

    select *
    from unioned
    where generated_number <= 7669
    order by generated_number



),

all_periods as (

    select (
        

    dateadd(
        day,
        row_number() over (order by generated_number) - 1,
        cast('2015-01-01' as date)
        )


    ) as date_day
    from rawdata

),

filtered as (

    select *
    from all_periods
    where date_day <= cast('2035-12-31' as date)

)

select * from filtered


)

select
    to_number(to_char(date_day, 'YYYYMMDD'))                        as date_sk,
    date_day                                                         as full_date,
    day(date_day)                                                    as day,
    month(date_day)                                                  as month,
    monthname(date_day)                                              as month_name,
    quarter(date_day)                                                as quarter,
    year(date_day)                                                   as year,
    dayofweekiso(date_day)                                           as day_of_week,
    dayname(date_day)                                                as day_name,
    iff(dayofweek(date_day) in (0, 6), true, false)                  as is_weekend
from date_spine
    )

/* {"app": "dbt", "dbt_version": "1.12.4", "profile_name": "health360_dbt", "target_name": "dev", "node_id": "model.Healthcare_360.dim_date"} */;
[0m01:43:51.956191 [debug] [Thread-3 (]: SQL status: SUCCESS 1 in 1.906 seconds
[0m01:43:52.019496 [debug] [Thread-3 (]: Sending event: {'category': 'dbt', 'action': 'run_model', 'label': '49d70652-01d1-4eda-8ba2-6977314e12ad', 'context': [<snowplow_tracker.self_describing_json.SelfDescribingJson object at 0x000001F7E8083860>]}
[0m01:43:52.019496 [info ] [Thread-3 (]: 2 of 21 OK created sql view model STAGING.stg_diagnosis ........................ [[32mSUCCESS 1[0m in 2.09s]
[0m01:43:52.019496 [debug] [Thread-3 (]: Finished running node model.Healthcare_360.stg_diagnosis
[0m01:43:52.019496 [debug] [Thread-3 (]: Began running node model.Healthcare_360.stg_doctors
[0m01:43:52.019496 [info ] [Thread-3 (]: 3 of 21 START sql view model STAGING.stg_doctors ............................... [RUN]
[0m01:43:52.019496 [debug] [Thread-3 (]: Re-using an available connection from the pool (formerly model.Healthcare_360.stg_diagnosis, now model.Healthcare_360.stg_doctors)
[0m01:43:52.032676 [debug] [Thread-3 (]: Began compiling node model.Healthcare_360.stg_doctors
[0m01:43:52.037776 [debug] [Thread-3 (]: Writing injected SQL for node "model.Healthcare_360.stg_doctors"
[0m01:43:52.043878 [debug] [Thread-3 (]: Began executing node model.Healthcare_360.stg_doctors
[0m01:43:52.049885 [debug] [Thread-3 (]: Writing runtime sql for node "model.Healthcare_360.stg_doctors"
[0m01:43:52.059206 [debug] [Thread-3 (]: Using snowflake connection "model.Healthcare_360.stg_doctors"
[0m01:43:52.060839 [debug] [Thread-3 (]: On model.Healthcare_360.stg_doctors: create or replace   view HEALTH360_PROJECT.STAGING.stg_doctors
  
  
  
  
  as (
    -- STG_DOCTORS in RAW currently holds facility columns.
-- Replace source table once actual doctor/provider data is loaded.
with source as (
    select * from HEALTH360_PROJECT.RAW.stg_doctors
),

cleaned as (
    select
        facility_id   as provider_id,
        facility_name as full_name,
        null::varchar as npi,
        null::varchar as specialty,
        null::varchar as department,
        facility_id
    from source
)

select * from cleaned
  )
/* {"app": "dbt", "dbt_version": "1.12.4", "profile_name": "health360_dbt", "target_name": "dev", "node_id": "model.Healthcare_360.stg_doctors"} */;
[0m01:43:52.595001 [debug] [Thread-3 (]: SQL status: SUCCESS 1 in 0.532 seconds
[0m01:43:52.599313 [debug] [Thread-3 (]: Sending event: {'category': 'dbt', 'action': 'run_model', 'label': '49d70652-01d1-4eda-8ba2-6977314e12ad', 'context': [<snowplow_tracker.self_describing_json.SelfDescribingJson object at 0x000001F7E6BE5820>]}
[0m01:43:52.599313 [info ] [Thread-3 (]: 3 of 21 OK created sql view model STAGING.stg_doctors .......................... [[32mSUCCESS 1[0m in 0.58s]
[0m01:43:52.599313 [debug] [Thread-3 (]: Finished running node model.Healthcare_360.stg_doctors
[0m01:43:52.599313 [debug] [Thread-3 (]: Began running node model.Healthcare_360.stg_encounters
[0m01:43:52.603538 [info ] [Thread-3 (]: 4 of 21 START sql view model STAGING.stg_encounters ............................ [RUN]
[0m01:43:52.603538 [debug] [Thread-3 (]: Re-using an available connection from the pool (formerly model.Healthcare_360.stg_doctors, now model.Healthcare_360.stg_encounters)
[0m01:43:52.603538 [debug] [Thread-3 (]: Began compiling node model.Healthcare_360.stg_encounters
[0m01:43:52.605546 [debug] [Thread-3 (]: Writing injected SQL for node "model.Healthcare_360.stg_encounters"
[0m01:43:52.607556 [debug] [Thread-3 (]: Began executing node model.Healthcare_360.stg_encounters
[0m01:43:52.611079 [debug] [Thread-3 (]: Writing runtime sql for node "model.Healthcare_360.stg_encounters"
[0m01:43:52.613877 [debug] [Thread-3 (]: Using snowflake connection "model.Healthcare_360.stg_encounters"
[0m01:43:52.613877 [debug] [Thread-3 (]: On model.Healthcare_360.stg_encounters: create or replace   view HEALTH360_PROJECT.STAGING.stg_encounters
  
  
  
  
  as (
    with source as (
    select * from HEALTH360_PROJECT.RAW.encounters
),

cleaned as (
    select
        encounter_id,
        patient_id,
        provider_id                           as doctor_id,
        facility_id,
        encounter_type                        as visit_type,
        encounter_date::timestamp_ntz         as admission_date,
        discharge_date::timestamp_ntz         as discharge_date,
        created_ts::timestamp_ntz             as created_at
    from source
)

select * from cleaned
  )
/* {"app": "dbt", "dbt_version": "1.12.4", "profile_name": "health360_dbt", "target_name": "dev", "node_id": "model.Healthcare_360.stg_encounters"} */;
[0m01:43:53.096630 [debug] [Thread-2 (]: SQL status: SUCCESS 7669 in 1.662 seconds
[0m01:43:53.112471 [debug] [Thread-2 (]: Sending event: {'category': 'dbt', 'action': 'run_model', 'label': '49d70652-01d1-4eda-8ba2-6977314e12ad', 'context': [<snowplow_tracker.self_describing_json.SelfDescribingJson object at 0x000001F7E80BB8C0>]}
[0m01:43:53.112471 [info ] [Thread-2 (]: 1 of 21 OK created sql table model DW.dim_date ................................. [[32mSUCCESS 7669[0m in 3.21s]
[0m01:43:53.112471 [debug] [Thread-2 (]: Finished running node model.Healthcare_360.dim_date
[0m01:43:53.112471 [debug] [Thread-2 (]: Began running node model.Healthcare_360.stg_facilities
[0m01:43:53.112471 [info ] [Thread-2 (]: 5 of 21 START sql view model STAGING.stg_facilities ............................ [RUN]
[0m01:43:53.112471 [debug] [Thread-2 (]: Re-using an available connection from the pool (formerly model.Healthcare_360.dim_date, now model.Healthcare_360.stg_facilities)
[0m01:43:53.112471 [debug] [Thread-2 (]: Began compiling node model.Healthcare_360.stg_facilities
[0m01:43:53.112471 [debug] [Thread-2 (]: Writing injected SQL for node "model.Healthcare_360.stg_facilities"
[0m01:43:53.128295 [debug] [Thread-2 (]: Began executing node model.Healthcare_360.stg_facilities
[0m01:43:53.133833 [debug] [Thread-2 (]: Writing runtime sql for node "model.Healthcare_360.stg_facilities"
[0m01:43:53.136571 [debug] [Thread-2 (]: Using snowflake connection "model.Healthcare_360.stg_facilities"
[0m01:43:53.136571 [debug] [Thread-2 (]: On model.Healthcare_360.stg_facilities: create or replace   view HEALTH360_PROJECT.STAGING.stg_facilities
  
  
  
  
  as (
    with source as (
    select * from HEALTH360_PROJECT.RAW.facilities
),

cleaned as (
    select
        facility_id,
        facility_name,
        address,
        city,
        state
    from source
)

select * from cleaned
  )
/* {"app": "dbt", "dbt_version": "1.12.4", "profile_name": "health360_dbt", "target_name": "dev", "node_id": "model.Healthcare_360.stg_facilities"} */;
[0m01:43:53.136571 [debug] [Thread-3 (]: SQL status: SUCCESS 1 in 0.527 seconds
[0m01:43:53.146086 [debug] [Thread-3 (]: Sending event: {'category': 'dbt', 'action': 'run_model', 'label': '49d70652-01d1-4eda-8ba2-6977314e12ad', 'context': [<snowplow_tracker.self_describing_json.SelfDescribingJson object at 0x000001F7E6A0B740>]}
[0m01:43:53.146086 [info ] [Thread-3 (]: 4 of 21 OK created sql view model STAGING.stg_encounters ....................... [[32mSUCCESS 1[0m in 0.54s]
[0m01:43:53.154130 [debug] [Thread-3 (]: Finished running node model.Healthcare_360.stg_encounters
[0m01:43:53.154130 [debug] [Thread-3 (]: Began running node model.Healthcare_360.stg_lab_results
[0m01:43:53.155861 [info ] [Thread-3 (]: 6 of 21 START sql view model STAGING.stg_lab_results ........................... [RUN]
[0m01:43:53.155861 [debug] [Thread-3 (]: Re-using an available connection from the pool (formerly model.Healthcare_360.stg_encounters, now model.Healthcare_360.stg_lab_results)
[0m01:43:53.155861 [debug] [Thread-3 (]: Began compiling node model.Healthcare_360.stg_lab_results
[0m01:43:53.158444 [debug] [Thread-3 (]: Writing injected SQL for node "model.Healthcare_360.stg_lab_results"
[0m01:43:53.160424 [debug] [Thread-3 (]: Began executing node model.Healthcare_360.stg_lab_results
[0m01:43:53.163359 [debug] [Thread-3 (]: Writing runtime sql for node "model.Healthcare_360.stg_lab_results"
[0m01:43:53.165065 [debug] [Thread-3 (]: Using snowflake connection "model.Healthcare_360.stg_lab_results"
[0m01:43:53.166623 [debug] [Thread-3 (]: On model.Healthcare_360.stg_lab_results: create or replace   view HEALTH360_PROJECT.STAGING.stg_lab_results
  
  
  
  
  as (
    -- STG_LAB_RESULTS in RAW currently holds diagnosis columns.
-- Replace source table once actual lab results data is loaded.
with source as (
    select * from HEALTH360_PROJECT.RAW.stg_lab_results
),

cleaned as (
    select
        encounter_id,
        diagnosis_code      as test_name,
        diagnosis_description as test_result,
        null::varchar       as test_unit,
        null::varchar       as reference_range,
        null::varchar       as result_flag,
        null::date          as lab_date
    from source
)

select * from cleaned
  )
/* {"app": "dbt", "dbt_version": "1.12.4", "profile_name": "health360_dbt", "target_name": "dev", "node_id": "model.Healthcare_360.stg_lab_results"} */;
[0m01:43:53.669933 [debug] [Thread-3 (]: SQL status: SUCCESS 1 in 0.503 seconds
[0m01:43:53.678749 [debug] [Thread-3 (]: Sending event: {'category': 'dbt', 'action': 'run_model', 'label': '49d70652-01d1-4eda-8ba2-6977314e12ad', 'context': [<snowplow_tracker.self_describing_json.SelfDescribingJson object at 0x000001F7E8080920>]}
[0m01:43:53.680763 [info ] [Thread-3 (]: 6 of 21 OK created sql view model STAGING.stg_lab_results ...................... [[32mSUCCESS 1[0m in 0.52s]
[0m01:43:53.682773 [debug] [Thread-3 (]: Finished running node model.Healthcare_360.stg_lab_results
[0m01:43:53.682773 [debug] [Thread-3 (]: Began running node model.Healthcare_360.stg_patient_bills
[0m01:43:53.682773 [info ] [Thread-3 (]: 7 of 21 START sql view model STAGING.stg_patient_bills ......................... [RUN]
[0m01:43:53.682773 [debug] [Thread-3 (]: Re-using an available connection from the pool (formerly model.Healthcare_360.stg_lab_results, now model.Healthcare_360.stg_patient_bills)
[0m01:43:53.689863 [debug] [Thread-3 (]: Began compiling node model.Healthcare_360.stg_patient_bills
[0m01:43:53.696113 [debug] [Thread-3 (]: Writing injected SQL for node "model.Healthcare_360.stg_patient_bills"
[0m01:43:53.700507 [debug] [Thread-3 (]: Began executing node model.Healthcare_360.stg_patient_bills
[0m01:43:53.707748 [debug] [Thread-3 (]: Writing runtime sql for node "model.Healthcare_360.stg_patient_bills"
[0m01:43:53.715346 [debug] [Thread-3 (]: Using snowflake connection "model.Healthcare_360.stg_patient_bills"
[0m01:43:53.717363 [debug] [Thread-3 (]: On model.Healthcare_360.stg_patient_bills: create or replace   view HEALTH360_PROJECT.STAGING.stg_patient_bills
  
  
  
  
  as (
    with source as (
    select * from HEALTH360_PROJECT.RAW.patient_bills
),

cleaned as (
    select
        claim_id,
        encounter_id,
        billed_amount,
        allowed_amount,
        paid_amount,
        insurer,
        claim_status,
        claim_date::date as claim_date
    from source
)

select * from cleaned
  )
/* {"app": "dbt", "dbt_version": "1.12.4", "profile_name": "health360_dbt", "target_name": "dev", "node_id": "model.Healthcare_360.stg_patient_bills"} */;
[0m01:43:53.748713 [debug] [Thread-2 (]: SQL status: SUCCESS 1 in 0.609 seconds
[0m01:43:53.752730 [debug] [Thread-2 (]: Sending event: {'category': 'dbt', 'action': 'run_model', 'label': '49d70652-01d1-4eda-8ba2-6977314e12ad', 'context': [<snowplow_tracker.self_describing_json.SelfDescribingJson object at 0x000001F7E8080C50>]}
[0m01:43:53.754739 [info ] [Thread-2 (]: 5 of 21 OK created sql view model STAGING.stg_facilities ....................... [[32mSUCCESS 1[0m in 0.64s]
[0m01:43:53.756753 [debug] [Thread-2 (]: Finished running node model.Healthcare_360.stg_facilities
[0m01:43:53.756753 [debug] [Thread-2 (]: Began running node model.Healthcare_360.stg_patients
[0m01:43:53.758769 [info ] [Thread-2 (]: 8 of 21 START sql view model STAGING.stg_patients .............................. [RUN]
[0m01:43:53.758769 [debug] [Thread-2 (]: Re-using an available connection from the pool (formerly model.Healthcare_360.stg_facilities, now model.Healthcare_360.stg_patients)
[0m01:43:53.758769 [debug] [Thread-2 (]: Began compiling node model.Healthcare_360.stg_patients
[0m01:43:53.762900 [debug] [Thread-2 (]: Writing injected SQL for node "model.Healthcare_360.stg_patients"
[0m01:43:53.768106 [debug] [Thread-2 (]: Began executing node model.Healthcare_360.stg_patients
[0m01:43:53.768106 [debug] [Thread-2 (]: Writing runtime sql for node "model.Healthcare_360.stg_patients"
[0m01:43:53.776754 [debug] [Thread-2 (]: Using snowflake connection "model.Healthcare_360.stg_patients"
[0m01:43:53.779915 [debug] [Thread-2 (]: On model.Healthcare_360.stg_patients: create or replace   view HEALTH360_PROJECT.STAGING.stg_patients
  
  
  
  
  as (
    with source as (
    select * from HEALTH360_PROJECT.RAW.patients
),

cleaned as (
    select
        patient_id,
        first_name,
        last_name,
        first_name || ' ' || last_name   as full_name,
        dob::date                         as dob,
        gender,
        race,
        address,
        city,
        state,
        zip,
        created_ts::timestamp_ntz         as created_at
    from source
)

select * from cleaned
  )
/* {"app": "dbt", "dbt_version": "1.12.4", "profile_name": "health360_dbt", "target_name": "dev", "node_id": "model.Healthcare_360.stg_patients"} */;
[0m01:43:54.307429 [debug] [Thread-3 (]: SQL status: SUCCESS 1 in 0.589 seconds
[0m01:43:54.307429 [debug] [Thread-3 (]: Sending event: {'category': 'dbt', 'action': 'run_model', 'label': '49d70652-01d1-4eda-8ba2-6977314e12ad', 'context': [<snowplow_tracker.self_describing_json.SelfDescribingJson object at 0x000001F7E6B56A80>]}
[0m01:43:54.307429 [info ] [Thread-3 (]: 7 of 21 OK created sql view model STAGING.stg_patient_bills .................... [[32mSUCCESS 1[0m in 0.62s]
[0m01:43:54.307429 [debug] [Thread-3 (]: Finished running node model.Healthcare_360.stg_patient_bills
[0m01:43:54.313275 [debug] [Thread-3 (]: Began running node model.Healthcare_360.stg_procedures
[0m01:43:54.313880 [info ] [Thread-3 (]: 9 of 21 START sql view model STAGING.stg_procedures ............................ [RUN]
[0m01:43:54.315891 [debug] [Thread-3 (]: Re-using an available connection from the pool (formerly model.Healthcare_360.stg_patient_bills, now model.Healthcare_360.stg_procedures)
[0m01:43:54.315891 [debug] [Thread-3 (]: Began compiling node model.Healthcare_360.stg_procedures
[0m01:43:54.319064 [debug] [Thread-3 (]: Writing injected SQL for node "model.Healthcare_360.stg_procedures"
[0m01:43:54.320346 [debug] [Thread-3 (]: Began executing node model.Healthcare_360.stg_procedures
[0m01:43:54.324801 [debug] [Thread-3 (]: Writing runtime sql for node "model.Healthcare_360.stg_procedures"
[0m01:43:54.327497 [debug] [Thread-3 (]: Using snowflake connection "model.Healthcare_360.stg_procedures"
[0m01:43:54.327497 [debug] [Thread-3 (]: On model.Healthcare_360.stg_procedures: create or replace   view HEALTH360_PROJECT.STAGING.stg_procedures
  
  
  
  
  as (
    with source as (
    select * from HEALTH360_PROJECT.RAW.procedures
),

cleaned as (
    select
        encounter_id,
        procedure_code,
        procedure_description,
        procedure_date::date as procedure_date
    from source
)

select * from cleaned
  )
/* {"app": "dbt", "dbt_version": "1.12.4", "profile_name": "health360_dbt", "target_name": "dev", "node_id": "model.Healthcare_360.stg_procedures"} */;
[0m01:43:54.344735 [debug] [Thread-2 (]: SQL status: SUCCESS 1 in 0.566 seconds
[0m01:43:54.351766 [debug] [Thread-2 (]: Sending event: {'category': 'dbt', 'action': 'run_model', 'label': '49d70652-01d1-4eda-8ba2-6977314e12ad', 'context': [<snowplow_tracker.self_describing_json.SelfDescribingJson object at 0x000001F7E6BFBAD0>]}
[0m01:43:54.351766 [info ] [Thread-2 (]: 8 of 21 OK created sql view model STAGING.stg_patients ......................... [[32mSUCCESS 1[0m in 0.59s]
[0m01:43:54.351766 [debug] [Thread-2 (]: Finished running node model.Healthcare_360.stg_patients
[0m01:43:54.351766 [debug] [Thread-2 (]: Began running node model.Healthcare_360.dim_diagnosis
[0m01:43:54.351766 [info ] [Thread-2 (]: 10 of 21 START sql table model DW.dim_diagnosis ................................ [RUN]
[0m01:43:54.351766 [debug] [Thread-2 (]: Re-using an available connection from the pool (formerly model.Healthcare_360.stg_patients, now model.Healthcare_360.dim_diagnosis)
[0m01:43:54.360582 [debug] [Thread-2 (]: Began compiling node model.Healthcare_360.dim_diagnosis
[0m01:43:54.360988 [debug] [Thread-2 (]: Writing injected SQL for node "model.Healthcare_360.dim_diagnosis"
[0m01:43:54.368099 [debug] [Thread-2 (]: Began executing node model.Healthcare_360.dim_diagnosis
[0m01:43:54.371169 [debug] [Thread-2 (]: Writing runtime sql for node "model.Healthcare_360.dim_diagnosis"
[0m01:43:54.377197 [debug] [Thread-2 (]: Using snowflake connection "model.Healthcare_360.dim_diagnosis"
[0m01:43:54.377923 [debug] [Thread-2 (]: On model.Healthcare_360.dim_diagnosis: create or replace transient table HEALTH360_PROJECT.DW.dim_diagnosis
    
    
    
    
    

    as (with stg as (
    select distinct
        diagnosis_code,
        diagnosis_description
    from HEALTH360_PROJECT.STAGING.stg_diagnosis
)

select
    md5(cast(coalesce(cast(diagnosis_code as TEXT), '_dbt_utils_surrogate_key_null_') as TEXT)) as diagnosis_sk,
    diagnosis_code,
    diagnosis_description                                       as description,
    'ICD-10'                                                    as icd_version
from stg
    )

/* {"app": "dbt", "dbt_version": "1.12.4", "profile_name": "health360_dbt", "target_name": "dev", "node_id": "model.Healthcare_360.dim_diagnosis"} */;
[0m01:43:54.915700 [debug] [Thread-3 (]: SQL status: SUCCESS 1 in 0.591 seconds
[0m01:43:54.915700 [debug] [Thread-3 (]: Sending event: {'category': 'dbt', 'action': 'run_model', 'label': '49d70652-01d1-4eda-8ba2-6977314e12ad', 'context': [<snowplow_tracker.self_describing_json.SelfDescribingJson object at 0x000001F7E82B1A60>]}
[0m01:43:54.915700 [info ] [Thread-3 (]: 9 of 21 OK created sql view model STAGING.stg_procedures ....................... [[32mSUCCESS 1[0m in 0.60s]
[0m01:43:54.915700 [debug] [Thread-3 (]: Finished running node model.Healthcare_360.stg_procedures
[0m01:43:54.915700 [debug] [Thread-3 (]: Began running node model.Healthcare_360.dim_facility
[0m01:43:54.915700 [info ] [Thread-3 (]: 11 of 21 START sql table model DW.dim_facility ................................. [RUN]
[0m01:43:54.915700 [debug] [Thread-3 (]: Re-using an available connection from the pool (formerly model.Healthcare_360.stg_procedures, now model.Healthcare_360.dim_facility)
[0m01:43:54.915700 [debug] [Thread-3 (]: Began compiling node model.Healthcare_360.dim_facility
[0m01:43:54.931512 [debug] [Thread-3 (]: Writing injected SQL for node "model.Healthcare_360.dim_facility"
[0m01:43:54.933720 [debug] [Thread-3 (]: Began executing node model.Healthcare_360.dim_facility
[0m01:43:54.934264 [debug] [Thread-3 (]: Writing runtime sql for node "model.Healthcare_360.dim_facility"
[0m01:43:54.934264 [debug] [Thread-3 (]: Using snowflake connection "model.Healthcare_360.dim_facility"
[0m01:43:54.934264 [debug] [Thread-3 (]: On model.Healthcare_360.dim_facility: create or replace transient table HEALTH360_PROJECT.DW.dim_facility
    
    
    
    
    

    as (with stg as (
    select * from HEALTH360_PROJECT.STAGING.stg_facilities
)

select
    md5(cast(coalesce(cast(facility_id as TEXT), '_dbt_utils_surrogate_key_null_') as TEXT)) as facility_sk,
    facility_id,
    facility_name,
    address,
    city,
    state
from stg
    )

/* {"app": "dbt", "dbt_version": "1.12.4", "profile_name": "health360_dbt", "target_name": "dev", "node_id": "model.Healthcare_360.dim_facility"} */;
[0m01:43:55.630209 [debug] [Thread-2 (]: SQL status: SUCCESS 7 in 1.258 seconds
[0m01:43:55.645064 [debug] [Thread-2 (]: Sending event: {'category': 'dbt', 'action': 'run_model', 'label': '49d70652-01d1-4eda-8ba2-6977314e12ad', 'context': [<snowplow_tracker.self_describing_json.SelfDescribingJson object at 0x000001F7E829ACF0>]}
[0m01:43:55.647087 [info ] [Thread-2 (]: 10 of 21 OK created sql table model DW.dim_diagnosis ........................... [[32mSUCCESS 7[0m in 1.29s]
[0m01:43:55.651136 [debug] [Thread-2 (]: Finished running node model.Healthcare_360.dim_diagnosis
[0m01:43:55.653155 [debug] [Thread-2 (]: Began running node model.Healthcare_360.dim_patient
[0m01:43:55.653155 [info ] [Thread-2 (]: 12 of 21 START sql table model DW.dim_patient .................................. [RUN]
[0m01:43:55.656136 [debug] [Thread-2 (]: Re-using an available connection from the pool (formerly model.Healthcare_360.dim_diagnosis, now model.Healthcare_360.dim_patient)
[0m01:43:55.658157 [debug] [Thread-2 (]: Began compiling node model.Healthcare_360.dim_patient
[0m01:43:55.668376 [debug] [Thread-2 (]: Writing injected SQL for node "model.Healthcare_360.dim_patient"
[0m01:43:55.670492 [debug] [Thread-2 (]: Began executing node model.Healthcare_360.dim_patient
[0m01:43:55.677054 [debug] [Thread-2 (]: Writing runtime sql for node "model.Healthcare_360.dim_patient"
[0m01:43:55.679529 [debug] [Thread-2 (]: Using snowflake connection "model.Healthcare_360.dim_patient"
[0m01:43:55.679529 [debug] [Thread-2 (]: On model.Healthcare_360.dim_patient: create or replace transient table HEALTH360_PROJECT.DW.dim_patient
    
    
    
    
    

    as (with stg as (
    select * from HEALTH360_PROJECT.STAGING.stg_patients
)

select
    md5(cast(coalesce(cast(patient_id as TEXT), '_dbt_utils_surrogate_key_null_') as TEXT)) as patient_sk,
    patient_id,
    full_name,
    dob,
    gender,
    race,
    city,
    state,
    zip,
    current_date()              as effective_start_dt,
    null::date                  as effective_end_dt,
    true                        as is_current
from stg
    )

/* {"app": "dbt", "dbt_version": "1.12.4", "profile_name": "health360_dbt", "target_name": "dev", "node_id": "model.Healthcare_360.dim_patient"} */;
[0m01:43:56.223409 [debug] [Thread-3 (]: SQL status: SUCCESS 100 in 1.284 seconds
[0m01:43:56.229996 [debug] [Thread-3 (]: Sending event: {'category': 'dbt', 'action': 'run_model', 'label': '49d70652-01d1-4eda-8ba2-6977314e12ad', 'context': [<snowplow_tracker.self_describing_json.SelfDescribingJson object at 0x000001F7E8298BF0>]}
[0m01:43:56.233458 [info ] [Thread-3 (]: 11 of 21 OK created sql table model DW.dim_facility ............................ [[32mSUCCESS 100[0m in 1.31s]
[0m01:43:56.236789 [debug] [Thread-3 (]: Finished running node model.Healthcare_360.dim_facility
[0m01:43:56.236789 [debug] [Thread-3 (]: Began running node model.Healthcare_360.dim_procedure
[0m01:43:56.236789 [info ] [Thread-3 (]: 13 of 21 START sql table model DW.dim_procedure ................................ [RUN]
[0m01:43:56.236789 [debug] [Thread-3 (]: Re-using an available connection from the pool (formerly model.Healthcare_360.dim_facility, now model.Healthcare_360.dim_procedure)
[0m01:43:56.244306 [debug] [Thread-3 (]: Began compiling node model.Healthcare_360.dim_procedure
[0m01:43:56.252219 [debug] [Thread-3 (]: Writing injected SQL for node "model.Healthcare_360.dim_procedure"
[0m01:43:56.258813 [debug] [Thread-3 (]: Began executing node model.Healthcare_360.dim_procedure
[0m01:43:56.264755 [debug] [Thread-3 (]: Writing runtime sql for node "model.Healthcare_360.dim_procedure"
[0m01:43:56.271460 [debug] [Thread-3 (]: Using snowflake connection "model.Healthcare_360.dim_procedure"
[0m01:43:56.272099 [debug] [Thread-3 (]: On model.Healthcare_360.dim_procedure: create or replace transient table HEALTH360_PROJECT.DW.dim_procedure
    
    
    
    
    

    as (with stg as (
    select distinct
        procedure_code,
        procedure_description
    from HEALTH360_PROJECT.STAGING.stg_procedures
)

select
    md5(cast(coalesce(cast(procedure_code as TEXT), '_dbt_utils_surrogate_key_null_') as TEXT)) as procedure_sk,
    procedure_code,
    procedure_description                                       as description
from stg
    )

/* {"app": "dbt", "dbt_version": "1.12.4", "profile_name": "health360_dbt", "target_name": "dev", "node_id": "model.Healthcare_360.dim_procedure"} */;
[0m01:43:57.256827 [debug] [Thread-2 (]: SQL status: SUCCESS 20000 in 1.571 seconds
[0m01:43:57.264074 [debug] [Thread-2 (]: Sending event: {'category': 'dbt', 'action': 'run_model', 'label': '49d70652-01d1-4eda-8ba2-6977314e12ad', 'context': [<snowplow_tracker.self_describing_json.SelfDescribingJson object at 0x000001F7E829A3F0>]}
[0m01:43:57.266105 [info ] [Thread-2 (]: 12 of 21 OK created sql table model DW.dim_patient ............................. [[32mSUCCESS 20000[0m in 1.61s]
[0m01:43:57.268128 [debug] [Thread-2 (]: Finished running node model.Healthcare_360.dim_patient
[0m01:43:57.270154 [debug] [Thread-2 (]: Began running node model.Healthcare_360.dim_provider
[0m01:43:57.272179 [info ] [Thread-2 (]: 14 of 21 START sql table model DW.dim_provider ................................. [RUN]
[0m01:43:57.274279 [debug] [Thread-2 (]: Re-using an available connection from the pool (formerly model.Healthcare_360.dim_patient, now model.Healthcare_360.dim_provider)
[0m01:43:57.276299 [debug] [Thread-2 (]: Began compiling node model.Healthcare_360.dim_provider
[0m01:43:57.289100 [debug] [Thread-2 (]: Writing injected SQL for node "model.Healthcare_360.dim_provider"
[0m01:43:57.294098 [debug] [Thread-2 (]: Began executing node model.Healthcare_360.dim_provider
[0m01:43:57.302755 [debug] [Thread-2 (]: Writing runtime sql for node "model.Healthcare_360.dim_provider"
[0m01:43:57.308616 [debug] [Thread-2 (]: Using snowflake connection "model.Healthcare_360.dim_provider"
[0m01:43:57.310163 [debug] [Thread-2 (]: On model.Healthcare_360.dim_provider: create or replace transient table HEALTH360_PROJECT.DW.dim_provider
    
    
    
    
    

    as (with stg as (
    select * from HEALTH360_PROJECT.STAGING.stg_doctors
),

fac as (
    select facility_sk, facility_id
    from HEALTH360_PROJECT.DW.dim_facility
)

select
    md5(cast(coalesce(cast(s.provider_id as TEXT), '_dbt_utils_surrogate_key_null_') as TEXT)) as provider_sk,
    s.provider_id,
    s.npi,
    s.full_name,
    s.specialty,
    s.department,
    f.facility_sk
from stg s
left join fac f on s.facility_id = f.facility_id
    )

/* {"app": "dbt", "dbt_version": "1.12.4", "profile_name": "health360_dbt", "target_name": "dev", "node_id": "model.Healthcare_360.dim_provider"} */;
[0m01:43:57.385021 [debug] [Thread-3 (]: SQL status: SUCCESS 5 in 1.112 seconds
[0m01:43:57.393579 [debug] [Thread-3 (]: Sending event: {'category': 'dbt', 'action': 'run_model', 'label': '49d70652-01d1-4eda-8ba2-6977314e12ad', 'context': [<snowplow_tracker.self_describing_json.SelfDescribingJson object at 0x000001F7DB6689E0>]}
[0m01:43:57.397349 [info ] [Thread-3 (]: 13 of 21 OK created sql table model DW.dim_procedure ........................... [[32mSUCCESS 5[0m in 1.16s]
[0m01:43:57.399540 [debug] [Thread-3 (]: Finished running node model.Healthcare_360.dim_procedure
[0m01:43:58.871999 [debug] [Thread-2 (]: SQL status: SUCCESS 100 in 1.561 seconds
[0m01:43:58.873632 [debug] [Thread-2 (]: Sending event: {'category': 'dbt', 'action': 'run_model', 'label': '49d70652-01d1-4eda-8ba2-6977314e12ad', 'context': [<snowplow_tracker.self_describing_json.SelfDescribingJson object at 0x000001F7E8299AC0>]}
[0m01:43:58.873632 [info ] [Thread-2 (]: 14 of 21 OK created sql table model DW.dim_provider ............................ [[32mSUCCESS 100[0m in 1.60s]
[0m01:43:58.882043 [debug] [Thread-2 (]: Finished running node model.Healthcare_360.dim_provider
[0m01:43:58.884070 [debug] [Thread-3 (]: Began running node model.Healthcare_360.fact_encounter
[0m01:43:58.884070 [info ] [Thread-3 (]: 15 of 21 START sql table model DW.fact_encounter ............................... [RUN]
[0m01:43:58.887811 [debug] [Thread-3 (]: Re-using an available connection from the pool (formerly model.Healthcare_360.dim_procedure, now model.Healthcare_360.fact_encounter)
[0m01:43:58.887811 [debug] [Thread-3 (]: Began compiling node model.Healthcare_360.fact_encounter
[0m01:43:58.902310 [debug] [Thread-3 (]: Writing injected SQL for node "model.Healthcare_360.fact_encounter"
[0m01:43:58.909132 [debug] [Thread-3 (]: Began executing node model.Healthcare_360.fact_encounter
[0m01:43:58.914878 [debug] [Thread-3 (]: Writing runtime sql for node "model.Healthcare_360.fact_encounter"
[0m01:43:58.923815 [debug] [Thread-3 (]: Using snowflake connection "model.Healthcare_360.fact_encounter"
[0m01:43:58.923815 [debug] [Thread-3 (]: On model.Healthcare_360.fact_encounter: create or replace transient table HEALTH360_PROJECT.DW.fact_encounter
    
    
    
    
    

    as (with enc as (
    select * from HEALTH360_PROJECT.STAGING.stg_encounters
),

dim_pat  as (select patient_sk,  patient_id  from HEALTH360_PROJECT.DW.dim_patient),
dim_prov as (select provider_sk, provider_id from HEALTH360_PROJECT.DW.dim_provider),
dim_fac  as (select facility_sk, facility_id from HEALTH360_PROJECT.DW.dim_facility),
dim_d    as (select date_sk,     full_date   from HEALTH360_PROJECT.DW.dim_date)

select
    md5(cast(coalesce(cast(enc.encounter_id as TEXT), '_dbt_utils_surrogate_key_null_') as TEXT))  as encounter_sk,
    enc.encounter_id,
    dp.patient_sk,
    dpr.provider_sk,
    df.facility_sk,
    dd_adm.date_sk                                                as encounter_date_sk,
    dd_dis.date_sk                                                as discharge_date_sk,
    enc.visit_type                                                as encounter_type,
    datediff('day',
        enc.admission_date::date,
        enc.discharge_date::date)                                 as length_of_stay
from enc
left join dim_pat  dp  on enc.patient_id   = dp.patient_id
left join dim_prov dpr on enc.doctor_id    = dpr.provider_id
left join dim_fac  df  on enc.facility_id  = df.facility_id
left join dim_d    dd_adm on enc.admission_date::date  = dd_adm.full_date
left join dim_d    dd_dis on enc.discharge_date::date  = dd_dis.full_date
    )

/* {"app": "dbt", "dbt_version": "1.12.4", "profile_name": "health360_dbt", "target_name": "dev", "node_id": "model.Healthcare_360.fact_encounter"} */;
[0m01:44:01.063928 [debug] [Thread-3 (]: Snowflake adapter: Snowflake query id: 01c72e9d-030b-8854-0032-367300306166
[0m01:44:01.063928 [debug] [Thread-3 (]: Snowflake adapter: Snowflake error: 100038 (22018): Numeric value '8bbaf246-2216-414b-b560-e6a885a32363' is not recognized
[0m01:44:01.084136 [debug] [Thread-3 (]: Database Error in model fact_encounter (models\facts\fact_encounter.sql)
  100038 (22018): Numeric value '8bbaf246-2216-414b-b560-e6a885a32363' is not recognized
  compiled code at target\run\Healthcare_360\models\facts\fact_encounter.sql
[0m01:44:01.084136 [debug] [Thread-3 (]: Sending event: {'category': 'dbt', 'action': 'run_model', 'label': '49d70652-01d1-4eda-8ba2-6977314e12ad', 'context': [<snowplow_tracker.self_describing_json.SelfDescribingJson object at 0x000001F7E8081760>]}
[0m01:44:01.092053 [error] [Thread-3 (]: 15 of 21 ERROR creating sql table model DW.fact_encounter ...................... [[31mERROR[0m in 2.20s]
[0m01:44:01.094402 [debug] [Thread-3 (]: Finished running node model.Healthcare_360.fact_encounter
[0m01:44:01.095420 [debug] [Thread-6 (]: Marking all children of 'model.Healthcare_360.fact_encounter' to be skipped because of status 'error'.  Reason: Database Error in model fact_encounter (models\facts\fact_encounter.sql)
  100038 (22018): Numeric value '8bbaf246-2216-414b-b560-e6a885a32363' is not recognized
  compiled code at target\run\Healthcare_360\models\facts\fact_encounter.sql.
[0m01:44:01.098771 [debug] [Thread-2 (]: Began running node model.Healthcare_360.fact_claim
[0m01:44:01.100688 [debug] [Thread-3 (]: Began running node model.Healthcare_360.fact_diagnosis
[0m01:44:01.100688 [info ] [Thread-2 (]: 16 of 21 SKIP relation DW.fact_claim ........................................... [[33mSKIP[0m]
[0m01:44:01.105189 [debug] [Thread-2 (]: Finished running node model.Healthcare_360.fact_claim
[0m01:44:01.107672 [debug] [Thread-2 (]: Began running node model.Healthcare_360.fact_procedure
[0m01:44:01.100688 [info ] [Thread-3 (]: 17 of 21 SKIP relation DW.fact_diagnosis ....................................... [[33mSKIP[0m]
[0m01:44:01.111386 [debug] [Thread-3 (]: Finished running node model.Healthcare_360.fact_diagnosis
[0m01:44:01.112876 [debug] [Thread-3 (]: Began running node model.Healthcare_360.readmission_dashboard
[0m01:44:01.109264 [info ] [Thread-2 (]: 18 of 21 SKIP relation DW.fact_procedure ....................................... [[33mSKIP[0m]
[0m01:44:01.119010 [debug] [Thread-2 (]: Finished running node model.Healthcare_360.fact_procedure
[0m01:44:01.119010 [debug] [Thread-2 (]: Began running node model.Healthcare_360.clinical_overview
[0m01:44:01.117303 [info ] [Thread-3 (]: 19 of 21 SKIP relation MARTS.readmission_dashboard ............................. [[33mSKIP[0m]
[0m01:44:01.122718 [debug] [Thread-3 (]: Finished running node model.Healthcare_360.readmission_dashboard
[0m01:44:01.122718 [debug] [Thread-3 (]: Began running node model.Healthcare_360.cost_metrics
[0m01:44:01.121026 [info ] [Thread-2 (]: 20 of 21 SKIP relation MARTS.clinical_overview ................................. [[33mSKIP[0m]
[0m01:44:01.122718 [debug] [Thread-2 (]: Finished running node model.Healthcare_360.clinical_overview
[0m01:44:01.122718 [info ] [Thread-3 (]: 21 of 21 SKIP relation MARTS.cost_metrics ...................................... [[33mSKIP[0m]
[0m01:44:01.129964 [debug] [Thread-3 (]: Finished running node model.Healthcare_360.cost_metrics
[0m01:44:01.134298 [debug] [MainThread]: Connection 'master' was properly closed.
[0m01:44:01.134298 [debug] [MainThread]: Connection 'list_HEALTH360_PROJECT' was left open.
[0m01:44:01.134298 [debug] [MainThread]: On list_HEALTH360_PROJECT: Close
[0m01:44:01.754691 [debug] [MainThread]: Connection 'create_HEALTH360_PROJECT_DW' was left open.
[0m01:44:01.754691 [debug] [MainThread]: On create_HEALTH360_PROJECT_DW: Close
[0m01:44:02.328625 [debug] [MainThread]: Connection 'list_HEALTH360_PROJECT_SNAPSHOTS' was left open.
[0m01:44:02.330647 [debug] [MainThread]: On list_HEALTH360_PROJECT_SNAPSHOTS: Close
[0m01:44:03.033353 [debug] [MainThread]: Connection 'list_HEALTH360_PROJECT_DW' was left open.
[0m01:44:03.033353 [debug] [MainThread]: On list_HEALTH360_PROJECT_DW: Close
[0m01:44:03.796092 [debug] [MainThread]: Connection 'model.Healthcare_360.dim_provider' was left open.
[0m01:44:03.809933 [debug] [MainThread]: On model.Healthcare_360.dim_provider: Close
[0m01:44:04.444201 [debug] [MainThread]: Connection 'model.Healthcare_360.fact_encounter' was left open.
[0m01:44:04.444201 [debug] [MainThread]: On model.Healthcare_360.fact_encounter: Close
[0m01:44:05.077833 [info ] [MainThread]: 
[0m01:44:05.077833 [info ] [MainThread]: Finished running 13 table models, 8 view models in 0 hours 0 minutes and 22.27 seconds (22.27s).
[0m01:44:05.093451 [debug] [MainThread]: Command end result
[0m01:44:05.195178 [debug] [MainThread]: Wrote artifact WritableManifest to C:\Learning\DBT\Healthcare_360\target\manifest.json
[0m01:44:05.215698 [debug] [MainThread]: Wrote artifact SemanticManifest to C:\Learning\DBT\Healthcare_360\target\semantic_manifest.json
[0m01:44:05.215698 [debug] [MainThread]: Wrote artifact OsiDocument to C:\Learning\DBT\Healthcare_360\target\osi_document.json
[0m01:44:05.233025 [debug] [MainThread]: Wrote artifact RunExecutionResult to C:\Learning\DBT\Healthcare_360\target\run_results.json
[0m01:44:05.235042 [info ] [MainThread]: 
[0m01:44:05.235042 [info ] [MainThread]: [31mCompleted with 1 error, 0 partial successes, and 0 warnings:[0m
[0m01:44:05.235042 [info ] [MainThread]: 
[0m01:44:05.237063 [error] [MainThread]: [[31mERROR[0m]: in model fact_encounter (models\facts\fact_encounter.sql)
[0m01:44:05.237063 [error] [MainThread]:   Database Error in model fact_encounter (models\facts\fact_encounter.sql)
  100038 (22018): Numeric value '8bbaf246-2216-414b-b560-e6a885a32363' is not recognized
  compiled code at target\run\Healthcare_360\models\facts\fact_encounter.sql
[0m01:44:05.237063 [info ] [MainThread]: 
[0m01:44:05.237063 [info ] [MainThread]:   compiled code at target\compiled\Healthcare_360\models\facts\fact_encounter.sql
[0m01:44:05.237063 [info ] [MainThread]: 
[0m01:44:05.237063 [info ] [MainThread]: Done. PASS=14 WARN=0 ERROR=1 SKIP=6 NO-OP=0 REUSED=0 TOTAL=21
[0m01:44:05.242365 [debug] [MainThread]: Command `dbt run` failed at 01:44:05.242365 after 27.70 seconds
[0m01:44:05.243091 [debug] [MainThread]: Sending event: {'category': 'dbt', 'action': 'invocation', 'label': 'end', 'context': [<snowplow_tracker.self_describing_json.SelfDescribingJson object at 0x000001F7DB7ABA70>, <snowplow_tracker.self_describing_json.SelfDescribingJson object at 0x000001F7DE06F020>, <snowplow_tracker.self_describing_json.SelfDescribingJson object at 0x000001F7E075AD20>]}
[0m01:44:05.243091 [debug] [MainThread]: Flushing usage events
[0m01:44:06.612666 [debug] [MainThread]: An error was encountered while trying to flush usage events
[0m01:45:38.136028 [debug] [MainThread]: Sending event: {'category': 'dbt', 'action': 'invocation', 'label': 'start', 'context': [<snowplow_tracker.self_describing_json.SelfDescribingJson object at 0x00000275B7C74680>, <snowplow_tracker.self_describing_json.SelfDescribingJson object at 0x00000275BAE5C740>, <snowplow_tracker.self_describing_json.SelfDescribingJson object at 0x00000275BA89E1E0>]}


============================== 01:45:38.142120 | bb990ce8-4f8c-41f0-ae94-8ad14029e064 ==============================
[0m01:45:38.142120 [info ] [MainThread]: Running with dbt=1.12.4
[0m01:45:38.142120 [debug] [MainThread]: running dbt with arguments {'version_check': 'True', 'no_print': 'None', 'maximum_seed_size_mib': '1', 'target_path': 'None', 'warn_error_options': 'WarnErrorOptionsV2(error=[], warn=[], silence=[])', 'static_parser': 'True', 'printer_width': '80', 'write_json': 'True', 'introspect': 'True', 'log_cache_events': 'False', 'empty': 'False', 'cache_selected_only': 'False', 'fail_fast': 'False', 'debug': 'False', 'log_format': 'default', 'profiles_dir': 'C:\\Users\\SAIPRASANTHR\\.dbt', 'send_anonymous_usage_stats': 'True', 'quiet': 'False', 'warn_error': 'None', 'partial_parse': 'True', 'indirect_selection': 'eager', 'hints_enabled': 'True', 'use_colors': 'True', 'use_experimental_parser': 'False', 'invocation_command': 'dbt run', 'log_path': 'C:\\Learning\\DBT\\Healthcare_360\\logs'}
[0m01:45:39.136851 [debug] [MainThread]: Snowflake adapter: Setting snowflake.connector to ERROR (file logging only)
[0m01:45:39.136851 [debug] [MainThread]: Snowflake adapter: Setting botocore to ERROR (file logging only)
[0m01:45:39.136851 [debug] [MainThread]: Snowflake adapter: Setting boto3 to ERROR (file logging only)
[0m01:45:39.493392 [debug] [MainThread]: Sending event: {'category': 'dbt', 'action': 'project_id', 'label': 'bb990ce8-4f8c-41f0-ae94-8ad14029e064', 'context': [<snowplow_tracker.self_describing_json.SelfDescribingJson object at 0x00000275C2036EA0>]}
[0m01:45:39.572238 [debug] [MainThread]: Sending event: {'category': 'dbt', 'action': 'adapter_info', 'label': 'bb990ce8-4f8c-41f0-ae94-8ad14029e064', 'context': [<snowplow_tracker.self_describing_json.SelfDescribingJson object at 0x00000275C24B4560>]}
[0m01:45:39.572238 [info ] [MainThread]: Registered adapter: snowflake=1.12.0
[0m01:45:40.058985 [debug] [MainThread]: checksum: 43c1271578ffc3f5e4620ff56cb8f61de61442f145dd894dfbd4e3c7f22810bf, vars: {}, profile: health360_dbt, target: dev, version: 1.12.4
[0m01:45:40.274602 [debug] [MainThread]: Partial parsing enabled: 0 files deleted, 0 files added, 1 files changed.
[0m01:45:40.274602 [debug] [MainThread]: Partial parsing: updated file: Healthcare_360://models\staging\stg_doctors.sql
[0m01:45:40.632854 [debug] [MainThread]: Sending event: {'category': 'dbt', 'action': 'load_project', 'label': 'bb990ce8-4f8c-41f0-ae94-8ad14029e064', 'context': [<snowplow_tracker.self_describing_json.SelfDescribingJson object at 0x00000275C416D3D0>]}
[0m01:45:41.079032 [debug] [MainThread]: Wrote artifact WritableManifest to C:\Learning\DBT\Healthcare_360\target\manifest.json
[0m01:45:41.095278 [debug] [MainThread]: Wrote artifact SemanticManifest to C:\Learning\DBT\Healthcare_360\target\semantic_manifest.json
[0m01:45:41.176534 [debug] [MainThread]: Wrote artifact OsiDocument to C:\Learning\DBT\Healthcare_360\target\osi_document.json
[0m01:45:41.226229 [debug] [MainThread]: Sending event: {'category': 'dbt', 'action': 'resource_counts', 'label': 'bb990ce8-4f8c-41f0-ae94-8ad14029e064', 'context': [<snowplow_tracker.self_describing_json.SelfDescribingJson object at 0x00000275C2E15250>]}
[0m01:45:41.226823 [info ] [MainThread]: Found 21 models, 1 snapshot, 10 data tests, 8 sources, 662 macros
[0m01:45:41.229182 [debug] [MainThread]: Sending event: {'category': 'dbt', 'action': 'runnable_timing', 'label': 'bb990ce8-4f8c-41f0-ae94-8ad14029e064', 'context': [<snowplow_tracker.self_describing_json.SelfDescribingJson object at 0x00000275C2D85C10>]}
[0m01:45:41.230198 [info ] [MainThread]: 
[0m01:45:41.230198 [info ] [MainThread]: Concurrency: 2 threads (target='dev')
[0m01:45:41.230198 [info ] [MainThread]: 
[0m01:45:41.239759 [debug] [MainThread]: Acquiring new snowflake connection 'master'
[0m01:45:41.280854 [debug] [ThreadPool]: Acquiring new snowflake connection 'list_HEALTH360_PROJECT'
[0m01:45:41.292247 [debug] [ThreadPool]: Acquiring new snowflake connection 'list_HEALTH360_PROJECT'
[0m01:45:41.345150 [debug] [ThreadPool]: Using snowflake connection "list_HEALTH360_PROJECT"
[0m01:45:41.349166 [debug] [ThreadPool]: Using snowflake connection "list_HEALTH360_PROJECT"
[0m01:45:41.351185 [debug] [ThreadPool]: On list_HEALTH360_PROJECT: show terse schemas in database HEALTH360_PROJECT
    limit 10000
/* {"app": "dbt", "dbt_version": "1.12.4", "profile_name": "health360_dbt", "target_name": "dev", "connection_name": "list_HEALTH360_PROJECT"} */
[0m01:45:41.353201 [debug] [ThreadPool]: On list_HEALTH360_PROJECT: show terse schemas in database HEALTH360_PROJECT
    limit 10000
/* {"app": "dbt", "dbt_version": "1.12.4", "profile_name": "health360_dbt", "target_name": "dev", "connection_name": "list_HEALTH360_PROJECT"} */
[0m01:45:41.353201 [debug] [ThreadPool]: Opening a new connection, currently in state init
[0m01:45:41.353201 [debug] [ThreadPool]: Opening a new connection, currently in state init
[0m01:45:44.163084 [debug] [ThreadPool]: SQL status: SUCCESS 10 in 2.812 seconds
[0m01:45:44.176769 [debug] [ThreadPool]: Using snowflake connection "list_HEALTH360_PROJECT"
[0m01:45:44.178792 [debug] [ThreadPool]: On list_HEALTH360_PROJECT: show terse schemas in database HEALTH360_PROJECT
    limit 10000
/* {"app": "dbt", "dbt_version": "1.12.4", "profile_name": "health360_dbt", "target_name": "dev", "connection_name": "list_HEALTH360_PROJECT"} */
[0m01:45:44.572086 [debug] [ThreadPool]: SQL status: SUCCESS 10 in 0.396 seconds
[0m01:45:44.598803 [debug] [ThreadPool]: SQL status: SUCCESS 10 in 3.245 seconds
[0m01:45:44.611046 [debug] [ThreadPool]: Acquiring new snowflake connection 'list_HEALTH360_PROJECT_DW'
[0m01:45:44.632342 [debug] [ThreadPool]: Acquiring new snowflake connection 'list_HEALTH360_PROJECT_MARTS'
[0m01:45:44.648204 [debug] [ThreadPool]: Using snowflake connection "list_HEALTH360_PROJECT_MARTS"
[0m01:45:44.653330 [debug] [ThreadPool]: On list_HEALTH360_PROJECT_MARTS: show objects in HEALTH360_PROJECT.MARTS
    limit 10000
    

/* {"app": "dbt", "dbt_version": "1.12.4", "profile_name": "health360_dbt", "target_name": "dev", "connection_name": "list_HEALTH360_PROJECT_MARTS"} */;
[0m01:45:44.653330 [debug] [ThreadPool]: Using snowflake connection "list_HEALTH360_PROJECT_DW"
[0m01:45:44.653330 [debug] [ThreadPool]: Opening a new connection, currently in state init
[0m01:45:44.656284 [debug] [ThreadPool]: On list_HEALTH360_PROJECT_DW: show objects in HEALTH360_PROJECT.DW
    limit 10000
    

/* {"app": "dbt", "dbt_version": "1.12.4", "profile_name": "health360_dbt", "target_name": "dev", "connection_name": "list_HEALTH360_PROJECT_DW"} */;
[0m01:45:44.656284 [debug] [ThreadPool]: Opening a new connection, currently in state init
[0m01:45:46.437518 [debug] [ThreadPool]: SQL status: SUCCESS 0 in 1.784 seconds
[0m01:45:46.459005 [debug] [ThreadPool]: Using snowflake connection "list_HEALTH360_PROJECT_MARTS"
[0m01:45:46.459005 [debug] [ThreadPool]: On list_HEALTH360_PROJECT_MARTS: show user functions in HEALTH360_PROJECT.MARTS
/* {"app": "dbt", "dbt_version": "1.12.4", "profile_name": "health360_dbt", "target_name": "dev", "connection_name": "list_HEALTH360_PROJECT_MARTS"} */
[0m01:45:46.468539 [debug] [ThreadPool]: SQL status: SUCCESS 6 in 1.822 seconds
[0m01:45:46.496798 [debug] [ThreadPool]: Using snowflake connection "list_HEALTH360_PROJECT_DW"
[0m01:45:46.500313 [debug] [ThreadPool]: On list_HEALTH360_PROJECT_DW: show user functions in HEALTH360_PROJECT.DW
/* {"app": "dbt", "dbt_version": "1.12.4", "profile_name": "health360_dbt", "target_name": "dev", "connection_name": "list_HEALTH360_PROJECT_DW"} */
[0m01:45:46.825993 [debug] [ThreadPool]: SQL status: SUCCESS 0 in 0.360 seconds
[0m01:45:46.835310 [debug] [ThreadPool]: Re-using an available connection from the pool (formerly list_HEALTH360_PROJECT_MARTS, now list_HEALTH360_PROJECT_STAGING)
[0m01:45:46.836211 [debug] [ThreadPool]: Using snowflake connection "list_HEALTH360_PROJECT_STAGING"
[0m01:45:46.843745 [debug] [ThreadPool]: On list_HEALTH360_PROJECT_STAGING: show objects in HEALTH360_PROJECT.STAGING
    limit 10000
    

/* {"app": "dbt", "dbt_version": "1.12.4", "profile_name": "health360_dbt", "target_name": "dev", "connection_name": "list_HEALTH360_PROJECT_STAGING"} */;
[0m01:45:46.859972 [debug] [ThreadPool]: SQL status: SUCCESS 0 in 0.368 seconds
[0m01:45:46.876459 [debug] [ThreadPool]: Re-using an available connection from the pool (formerly list_HEALTH360_PROJECT_DW, now list_HEALTH360_PROJECT_SNAPSHOTS)
[0m01:45:46.884891 [debug] [ThreadPool]: Using snowflake connection "list_HEALTH360_PROJECT_SNAPSHOTS"
[0m01:45:46.892674 [debug] [ThreadPool]: On list_HEALTH360_PROJECT_SNAPSHOTS: show objects in HEALTH360_PROJECT.SNAPSHOTS
    limit 10000
    

/* {"app": "dbt", "dbt_version": "1.12.4", "profile_name": "health360_dbt", "target_name": "dev", "connection_name": "list_HEALTH360_PROJECT_SNAPSHOTS"} */;
[0m01:45:47.214088 [debug] [ThreadPool]: SQL status: SUCCESS 10 in 0.377 seconds
[0m01:45:47.231885 [debug] [ThreadPool]: Using snowflake connection "list_HEALTH360_PROJECT_STAGING"
[0m01:45:47.231885 [debug] [ThreadPool]: On list_HEALTH360_PROJECT_STAGING: show user functions in HEALTH360_PROJECT.STAGING
/* {"app": "dbt", "dbt_version": "1.12.4", "profile_name": "health360_dbt", "target_name": "dev", "connection_name": "list_HEALTH360_PROJECT_STAGING"} */
[0m01:45:47.282247 [debug] [ThreadPool]: Snowflake adapter: Snowflake query id: 01c72e9f-030b-8aae-0032-36730030016a
[0m01:45:47.291980 [debug] [ThreadPool]: Snowflake adapter: Snowflake error: 002043 (02000): SQL compilation error:
Object does not exist, or operation cannot be performed.
[0m01:45:47.293498 [debug] [ThreadPool]: Snowflake adapter: Error running SQL: macro list_relations_without_caching
[0m01:45:47.293498 [debug] [ThreadPool]: Snowflake adapter: Rolling back transaction.
[0m01:45:47.575846 [debug] [ThreadPool]: SQL status: SUCCESS 0 in 0.341 seconds
[0m01:45:47.589304 [debug] [MainThread]: Sending event: {'category': 'dbt', 'action': 'runnable_timing', 'label': 'bb990ce8-4f8c-41f0-ae94-8ad14029e064', 'context': [<snowplow_tracker.self_describing_json.SelfDescribingJson object at 0x00000275C4289FA0>]}
[0m01:45:47.605360 [debug] [Thread-2 (]: Began running node model.Healthcare_360.dim_date
[0m01:45:47.609569 [debug] [Thread-3 (]: Began running node model.Healthcare_360.stg_diagnosis
[0m01:45:47.607738 [info ] [Thread-2 (]: 1 of 21 START sql table model DW.dim_date ...................................... [RUN]
[0m01:45:47.611316 [info ] [Thread-3 (]: 2 of 21 START sql view model STAGING.stg_diagnosis ............................. [RUN]
[0m01:45:47.611316 [debug] [Thread-2 (]: Acquiring new snowflake connection 'model.Healthcare_360.dim_date'
[0m01:45:47.611316 [debug] [Thread-3 (]: Acquiring new snowflake connection 'model.Healthcare_360.stg_diagnosis'
[0m01:45:47.611316 [debug] [Thread-2 (]: Began compiling node model.Healthcare_360.dim_date
[0m01:45:47.618454 [debug] [Thread-3 (]: Began compiling node model.Healthcare_360.stg_diagnosis
[0m01:45:47.661167 [debug] [Thread-3 (]: Writing injected SQL for node "model.Healthcare_360.stg_diagnosis"
[0m01:45:47.676178 [debug] [Thread-2 (]: Using snowflake connection "model.Healthcare_360.dim_date"
[0m01:45:47.676687 [debug] [Thread-2 (]: On model.Healthcare_360.dim_date: select datediff(
        day,
        cast('2015-01-01' as date),
        cast('2035-12-31' as date)
        )
/* {"app": "dbt", "dbt_version": "1.12.4", "profile_name": "health360_dbt", "target_name": "dev", "node_id": "model.Healthcare_360.dim_date"} */
[0m01:45:47.676687 [debug] [Thread-2 (]: Opening a new connection, currently in state init
[0m01:45:47.676687 [debug] [Thread-3 (]: Began executing node model.Healthcare_360.stg_diagnosis
[0m01:45:47.777411 [debug] [Thread-3 (]: Writing runtime sql for node "model.Healthcare_360.stg_diagnosis"
[0m01:45:47.777411 [debug] [Thread-3 (]: Using snowflake connection "model.Healthcare_360.stg_diagnosis"
[0m01:45:47.777411 [debug] [Thread-3 (]: On model.Healthcare_360.stg_diagnosis: create or replace   view HEALTH360_PROJECT.STAGING.stg_diagnosis
  
  
  
  
  as (
    with source as (
    select * from HEALTH360_PROJECT.RAW.diagnosis_records
),

cleaned as (
    select
        encounter_id,
        diagnosis_code,
        diagnosis_description,
        diagnosis_rank
    from source
)

select * from cleaned
  )
/* {"app": "dbt", "dbt_version": "1.12.4", "profile_name": "health360_dbt", "target_name": "dev", "node_id": "model.Healthcare_360.stg_diagnosis"} */;
[0m01:45:47.777411 [debug] [Thread-3 (]: Opening a new connection, currently in state init
[0m01:45:49.222472 [debug] [Thread-2 (]: SQL status: SUCCESS 1 in 1.543 seconds
[0m01:45:49.283244 [debug] [Thread-2 (]: Writing injected SQL for node "model.Healthcare_360.dim_date"
[0m01:45:49.292117 [debug] [Thread-2 (]: Began executing node model.Healthcare_360.dim_date
[0m01:45:49.392647 [debug] [Thread-2 (]: Writing runtime sql for node "model.Healthcare_360.dim_date"
[0m01:45:49.402126 [debug] [Thread-2 (]: Using snowflake connection "model.Healthcare_360.dim_date"
[0m01:45:49.404772 [debug] [Thread-2 (]: On model.Healthcare_360.dim_date: create or replace transient table HEALTH360_PROJECT.DW.dim_date
    
    
    
    
    

    as (

with date_spine as (
    





with rawdata as (

    

    

    with p as (
        select 0 as generated_number union all select 1
    ), unioned as (

    select

    
    p0.generated_number * power(2, 0)
     + 
    
    p1.generated_number * power(2, 1)
     + 
    
    p2.generated_number * power(2, 2)
     + 
    
    p3.generated_number * power(2, 3)
     + 
    
    p4.generated_number * power(2, 4)
     + 
    
    p5.generated_number * power(2, 5)
     + 
    
    p6.generated_number * power(2, 6)
     + 
    
    p7.generated_number * power(2, 7)
     + 
    
    p8.generated_number * power(2, 8)
     + 
    
    p9.generated_number * power(2, 9)
     + 
    
    p10.generated_number * power(2, 10)
     + 
    
    p11.generated_number * power(2, 11)
     + 
    
    p12.generated_number * power(2, 12)
    
    
    + 1
    as generated_number

    from

    
    p as p0
     cross join 
    
    p as p1
     cross join 
    
    p as p2
     cross join 
    
    p as p3
     cross join 
    
    p as p4
     cross join 
    
    p as p5
     cross join 
    
    p as p6
     cross join 
    
    p as p7
     cross join 
    
    p as p8
     cross join 
    
    p as p9
     cross join 
    
    p as p10
     cross join 
    
    p as p11
     cross join 
    
    p as p12
    
    

    )

    select *
    from unioned
    where generated_number <= 7669
    order by generated_number



),

all_periods as (

    select (
        

    dateadd(
        day,
        row_number() over (order by generated_number) - 1,
        cast('2015-01-01' as date)
        )


    ) as date_day
    from rawdata

),

filtered as (

    select *
    from all_periods
    where date_day <= cast('2035-12-31' as date)

)

select * from filtered


)

select
    to_number(to_char(date_day, 'YYYYMMDD'))                        as date_sk,
    date_day                                                         as full_date,
    day(date_day)                                                    as day,
    month(date_day)                                                  as month,
    monthname(date_day)                                              as month_name,
    quarter(date_day)                                                as quarter,
    year(date_day)                                                   as year,
    dayofweekiso(date_day)                                           as day_of_week,
    dayname(date_day)                                                as day_name,
    iff(dayofweek(date_day) in (0, 6), true, false)                  as is_weekend
from date_spine
    )

/* {"app": "dbt", "dbt_version": "1.12.4", "profile_name": "health360_dbt", "target_name": "dev", "node_id": "model.Healthcare_360.dim_date"} */;
[0m01:45:49.476575 [debug] [Thread-3 (]: SQL status: SUCCESS 1 in 1.693 seconds
[0m01:45:49.561211 [debug] [Thread-3 (]: Sending event: {'category': 'dbt', 'action': 'run_model', 'label': 'bb990ce8-4f8c-41f0-ae94-8ad14029e064', 'context': [<snowplow_tracker.self_describing_json.SelfDescribingJson object at 0x00000275BCC64B90>]}
[0m01:45:49.563343 [info ] [Thread-3 (]: 2 of 21 OK created sql view model STAGING.stg_diagnosis ........................ [[32mSUCCESS 1[0m in 1.94s]
[0m01:45:49.565870 [debug] [Thread-3 (]: Finished running node model.Healthcare_360.stg_diagnosis
[0m01:45:49.565870 [debug] [Thread-3 (]: Began running node model.Healthcare_360.stg_doctors
[0m01:45:49.571550 [info ] [Thread-3 (]: 3 of 21 START sql view model STAGING.stg_doctors ............................... [RUN]
[0m01:45:49.571550 [debug] [Thread-3 (]: Re-using an available connection from the pool (formerly model.Healthcare_360.stg_diagnosis, now model.Healthcare_360.stg_doctors)
[0m01:45:49.575687 [debug] [Thread-3 (]: Began compiling node model.Healthcare_360.stg_doctors
[0m01:45:49.575687 [debug] [Thread-3 (]: Writing injected SQL for node "model.Healthcare_360.stg_doctors"
[0m01:45:49.575687 [debug] [Thread-3 (]: Began executing node model.Healthcare_360.stg_doctors
[0m01:45:49.594336 [debug] [Thread-3 (]: Writing runtime sql for node "model.Healthcare_360.stg_doctors"
[0m01:45:49.594336 [debug] [Thread-3 (]: Using snowflake connection "model.Healthcare_360.stg_doctors"
[0m01:45:49.594336 [debug] [Thread-3 (]: On model.Healthcare_360.stg_doctors: create or replace   view HEALTH360_PROJECT.STAGING.stg_doctors
  
  
  
  
  as (
    -- STG_DOCTORS in RAW currently holds facility columns.
-- Replace source table once actual doctor/provider data is loaded.
with source as (
    select * from HEALTH360_PROJECT.RAW.stg_doctors
),

cleaned as (
    select
        facility_id::varchar  as provider_id,
        facility_name         as full_name,
        null::varchar         as npi,
        null::varchar         as specialty,
        null::varchar         as department,
        facility_id::varchar  as facility_id
    from source
)

select * from cleaned
  )
/* {"app": "dbt", "dbt_version": "1.12.4", "profile_name": "health360_dbt", "target_name": "dev", "node_id": "model.Healthcare_360.stg_doctors"} */;
[0m01:45:50.223507 [debug] [Thread-3 (]: SQL status: SUCCESS 1 in 0.620 seconds
[0m01:45:50.235304 [debug] [Thread-3 (]: Sending event: {'category': 'dbt', 'action': 'run_model', 'label': 'bb990ce8-4f8c-41f0-ae94-8ad14029e064', 'context': [<snowplow_tracker.self_describing_json.SelfDescribingJson object at 0x00000275C42B2C90>]}
[0m01:45:50.235304 [info ] [Thread-3 (]: 3 of 21 OK created sql view model STAGING.stg_doctors .......................... [[32mSUCCESS 1[0m in 0.66s]
[0m01:45:50.242249 [debug] [Thread-3 (]: Finished running node model.Healthcare_360.stg_doctors
[0m01:45:50.245797 [debug] [Thread-3 (]: Began running node model.Healthcare_360.stg_encounters
[0m01:45:50.248470 [info ] [Thread-3 (]: 4 of 21 START sql view model STAGING.stg_encounters ............................ [RUN]
[0m01:45:50.252516 [debug] [Thread-3 (]: Re-using an available connection from the pool (formerly model.Healthcare_360.stg_doctors, now model.Healthcare_360.stg_encounters)
[0m01:45:50.252516 [debug] [Thread-3 (]: Began compiling node model.Healthcare_360.stg_encounters
[0m01:45:50.262626 [debug] [Thread-3 (]: Writing injected SQL for node "model.Healthcare_360.stg_encounters"
[0m01:45:50.270536 [debug] [Thread-3 (]: Began executing node model.Healthcare_360.stg_encounters
[0m01:45:50.282107 [debug] [Thread-3 (]: Writing runtime sql for node "model.Healthcare_360.stg_encounters"
[0m01:45:50.282107 [debug] [Thread-3 (]: Using snowflake connection "model.Healthcare_360.stg_encounters"
[0m01:45:50.291682 [debug] [Thread-3 (]: On model.Healthcare_360.stg_encounters: create or replace   view HEALTH360_PROJECT.STAGING.stg_encounters
  
  
  
  
  as (
    with source as (
    select * from HEALTH360_PROJECT.RAW.encounters
),

cleaned as (
    select
        encounter_id,
        patient_id,
        provider_id                           as doctor_id,
        facility_id,
        encounter_type                        as visit_type,
        encounter_date::timestamp_ntz         as admission_date,
        discharge_date::timestamp_ntz         as discharge_date,
        created_ts::timestamp_ntz             as created_at
    from source
)

select * from cleaned
  )
/* {"app": "dbt", "dbt_version": "1.12.4", "profile_name": "health360_dbt", "target_name": "dev", "node_id": "model.Healthcare_360.stg_encounters"} */;
[0m01:45:50.640196 [debug] [Thread-2 (]: SQL status: SUCCESS 7669 in 1.236 seconds
[0m01:45:50.640196 [debug] [Thread-2 (]: Sending event: {'category': 'dbt', 'action': 'run_model', 'label': 'bb990ce8-4f8c-41f0-ae94-8ad14029e064', 'context': [<snowplow_tracker.self_describing_json.SelfDescribingJson object at 0x00000275C43A9640>]}
[0m01:45:50.640196 [info ] [Thread-2 (]: 1 of 21 OK created sql table model DW.dim_date ................................. [[32mSUCCESS 7669[0m in 3.03s]
[0m01:45:50.656284 [debug] [Thread-2 (]: Finished running node model.Healthcare_360.dim_date
[0m01:45:50.656284 [debug] [Thread-2 (]: Began running node model.Healthcare_360.stg_facilities
[0m01:45:50.656284 [info ] [Thread-2 (]: 5 of 21 START sql view model STAGING.stg_facilities ............................ [RUN]
[0m01:45:50.661602 [debug] [Thread-2 (]: Re-using an available connection from the pool (formerly model.Healthcare_360.dim_date, now model.Healthcare_360.stg_facilities)
[0m01:45:50.663623 [debug] [Thread-2 (]: Began compiling node model.Healthcare_360.stg_facilities
[0m01:45:50.678367 [debug] [Thread-2 (]: Writing injected SQL for node "model.Healthcare_360.stg_facilities"
[0m01:45:50.684940 [debug] [Thread-2 (]: Began executing node model.Healthcare_360.stg_facilities
[0m01:45:50.692933 [debug] [Thread-2 (]: Writing runtime sql for node "model.Healthcare_360.stg_facilities"
[0m01:45:50.696082 [debug] [Thread-2 (]: Using snowflake connection "model.Healthcare_360.stg_facilities"
[0m01:45:50.696082 [debug] [Thread-2 (]: On model.Healthcare_360.stg_facilities: create or replace   view HEALTH360_PROJECT.STAGING.stg_facilities
  
  
  
  
  as (
    with source as (
    select * from HEALTH360_PROJECT.RAW.facilities
),

cleaned as (
    select
        facility_id,
        facility_name,
        address,
        city,
        state
    from source
)

select * from cleaned
  )
/* {"app": "dbt", "dbt_version": "1.12.4", "profile_name": "health360_dbt", "target_name": "dev", "node_id": "model.Healthcare_360.stg_facilities"} */;
[0m01:45:51.032106 [debug] [Thread-3 (]: SQL status: SUCCESS 1 in 0.752 seconds
[0m01:45:51.051221 [debug] [Thread-3 (]: Sending event: {'category': 'dbt', 'action': 'run_model', 'label': 'bb990ce8-4f8c-41f0-ae94-8ad14029e064', 'context': [<snowplow_tracker.self_describing_json.SelfDescribingJson object at 0x00000275C44A00B0>]}
[0m01:45:51.051221 [info ] [Thread-3 (]: 4 of 21 OK created sql view model STAGING.stg_encounters ....................... [[32mSUCCESS 1[0m in 0.80s]
[0m01:45:51.051221 [debug] [Thread-3 (]: Finished running node model.Healthcare_360.stg_encounters
[0m01:45:51.064372 [debug] [Thread-3 (]: Began running node model.Healthcare_360.stg_lab_results
[0m01:45:51.066407 [info ] [Thread-3 (]: 6 of 21 START sql view model STAGING.stg_lab_results ........................... [RUN]
[0m01:45:51.068433 [debug] [Thread-3 (]: Re-using an available connection from the pool (formerly model.Healthcare_360.stg_encounters, now model.Healthcare_360.stg_lab_results)
[0m01:45:51.068433 [debug] [Thread-3 (]: Began compiling node model.Healthcare_360.stg_lab_results
[0m01:45:51.080109 [debug] [Thread-3 (]: Writing injected SQL for node "model.Healthcare_360.stg_lab_results"
[0m01:45:51.080109 [debug] [Thread-3 (]: Began executing node model.Healthcare_360.stg_lab_results
[0m01:45:51.085966 [debug] [Thread-3 (]: Writing runtime sql for node "model.Healthcare_360.stg_lab_results"
[0m01:45:51.100019 [debug] [Thread-3 (]: Using snowflake connection "model.Healthcare_360.stg_lab_results"
[0m01:45:51.102037 [debug] [Thread-3 (]: On model.Healthcare_360.stg_lab_results: create or replace   view HEALTH360_PROJECT.STAGING.stg_lab_results
  
  
  
  
  as (
    -- STG_LAB_RESULTS in RAW currently holds diagnosis columns.
-- Replace source table once actual lab results data is loaded.
with source as (
    select * from HEALTH360_PROJECT.RAW.stg_lab_results
),

cleaned as (
    select
        encounter_id,
        diagnosis_code      as test_name,
        diagnosis_description as test_result,
        null::varchar       as test_unit,
        null::varchar       as reference_range,
        null::varchar       as result_flag,
        null::date          as lab_date
    from source
)

select * from cleaned
  )
/* {"app": "dbt", "dbt_version": "1.12.4", "profile_name": "health360_dbt", "target_name": "dev", "node_id": "model.Healthcare_360.stg_lab_results"} */;
[0m01:45:51.249818 [debug] [Thread-2 (]: SQL status: SUCCESS 1 in 0.550 seconds
[0m01:45:51.262087 [debug] [Thread-2 (]: Sending event: {'category': 'dbt', 'action': 'run_model', 'label': 'bb990ce8-4f8c-41f0-ae94-8ad14029e064', 'context': [<snowplow_tracker.self_describing_json.SelfDescribingJson object at 0x00000275C45D8D70>]}
[0m01:45:51.264111 [info ] [Thread-2 (]: 5 of 21 OK created sql view model STAGING.stg_facilities ....................... [[32mSUCCESS 1[0m in 0.60s]
[0m01:45:51.266136 [debug] [Thread-2 (]: Finished running node model.Healthcare_360.stg_facilities
[0m01:45:51.270057 [debug] [Thread-2 (]: Began running node model.Healthcare_360.stg_patient_bills
[0m01:45:51.272945 [info ] [Thread-2 (]: 7 of 21 START sql view model STAGING.stg_patient_bills ......................... [RUN]
[0m01:45:51.273522 [debug] [Thread-2 (]: Re-using an available connection from the pool (formerly model.Healthcare_360.stg_facilities, now model.Healthcare_360.stg_patient_bills)
[0m01:45:51.273522 [debug] [Thread-2 (]: Began compiling node model.Healthcare_360.stg_patient_bills
[0m01:45:51.273522 [debug] [Thread-2 (]: Writing injected SQL for node "model.Healthcare_360.stg_patient_bills"
[0m01:45:51.289035 [debug] [Thread-2 (]: Began executing node model.Healthcare_360.stg_patient_bills
[0m01:45:51.289035 [debug] [Thread-2 (]: Writing runtime sql for node "model.Healthcare_360.stg_patient_bills"
[0m01:45:51.303802 [debug] [Thread-2 (]: Using snowflake connection "model.Healthcare_360.stg_patient_bills"
[0m01:45:51.309422 [debug] [Thread-2 (]: On model.Healthcare_360.stg_patient_bills: create or replace   view HEALTH360_PROJECT.STAGING.stg_patient_bills
  
  
  
  
  as (
    with source as (
    select * from HEALTH360_PROJECT.RAW.patient_bills
),

cleaned as (
    select
        claim_id,
        encounter_id,
        billed_amount,
        allowed_amount,
        paid_amount,
        insurer,
        claim_status,
        claim_date::date as claim_date
    from source
)

select * from cleaned
  )
/* {"app": "dbt", "dbt_version": "1.12.4", "profile_name": "health360_dbt", "target_name": "dev", "node_id": "model.Healthcare_360.stg_patient_bills"} */;
[0m01:45:51.660731 [debug] [Thread-3 (]: SQL status: SUCCESS 1 in 0.556 seconds
[0m01:45:51.669879 [debug] [Thread-3 (]: Sending event: {'category': 'dbt', 'action': 'run_model', 'label': 'bb990ce8-4f8c-41f0-ae94-8ad14029e064', 'context': [<snowplow_tracker.self_describing_json.SelfDescribingJson object at 0x00000275C44CDB50>]}
[0m01:45:51.671899 [info ] [Thread-3 (]: 6 of 21 OK created sql view model STAGING.stg_lab_results ...................... [[32mSUCCESS 1[0m in 0.60s]
[0m01:45:51.676421 [debug] [Thread-3 (]: Finished running node model.Healthcare_360.stg_lab_results
[0m01:45:51.676421 [debug] [Thread-3 (]: Began running node model.Healthcare_360.stg_patients
[0m01:45:51.680571 [info ] [Thread-3 (]: 8 of 21 START sql view model STAGING.stg_patients .............................. [RUN]
[0m01:45:51.682695 [debug] [Thread-3 (]: Re-using an available connection from the pool (formerly model.Healthcare_360.stg_lab_results, now model.Healthcare_360.stg_patients)
[0m01:45:51.684711 [debug] [Thread-3 (]: Began compiling node model.Healthcare_360.stg_patients
[0m01:45:51.695147 [debug] [Thread-3 (]: Writing injected SQL for node "model.Healthcare_360.stg_patients"
[0m01:45:51.698554 [debug] [Thread-3 (]: Began executing node model.Healthcare_360.stg_patients
[0m01:45:51.992850 [debug] [Thread-3 (]: Writing runtime sql for node "model.Healthcare_360.stg_patients"
[0m01:45:51.994867 [debug] [Thread-2 (]: SQL status: SUCCESS 1 in 0.684 seconds
[0m01:45:52.002269 [debug] [Thread-2 (]: Sending event: {'category': 'dbt', 'action': 'run_model', 'label': 'bb990ce8-4f8c-41f0-ae94-8ad14029e064', 'context': [<snowplow_tracker.self_describing_json.SelfDescribingJson object at 0x00000275C428BC20>]}
[0m01:45:52.012429 [debug] [Thread-3 (]: Using snowflake connection "model.Healthcare_360.stg_patients"
[0m01:45:52.010402 [info ] [Thread-2 (]: 7 of 21 OK created sql view model STAGING.stg_patient_bills .................... [[32mSUCCESS 1[0m in 0.73s]
[0m01:45:52.012429 [debug] [Thread-3 (]: On model.Healthcare_360.stg_patients: create or replace   view HEALTH360_PROJECT.STAGING.stg_patients
  
  
  
  
  as (
    with source as (
    select * from HEALTH360_PROJECT.RAW.patients
),

cleaned as (
    select
        patient_id,
        first_name,
        last_name,
        first_name || ' ' || last_name   as full_name,
        dob::date                         as dob,
        gender,
        race,
        address,
        city,
        state,
        zip,
        created_ts::timestamp_ntz         as created_at
    from source
)

select * from cleaned
  )
/* {"app": "dbt", "dbt_version": "1.12.4", "profile_name": "health360_dbt", "target_name": "dev", "node_id": "model.Healthcare_360.stg_patients"} */;
[0m01:45:52.020053 [debug] [Thread-2 (]: Finished running node model.Healthcare_360.stg_patient_bills
[0m01:45:52.027883 [debug] [Thread-2 (]: Began running node model.Healthcare_360.stg_procedures
[0m01:45:52.033793 [info ] [Thread-2 (]: 9 of 21 START sql view model STAGING.stg_procedures ............................ [RUN]
[0m01:45:52.033793 [debug] [Thread-2 (]: Re-using an available connection from the pool (formerly model.Healthcare_360.stg_patient_bills, now model.Healthcare_360.stg_procedures)
[0m01:45:52.033793 [debug] [Thread-2 (]: Began compiling node model.Healthcare_360.stg_procedures
[0m01:45:52.045404 [debug] [Thread-2 (]: Writing injected SQL for node "model.Healthcare_360.stg_procedures"
[0m01:45:52.045404 [debug] [Thread-2 (]: Began executing node model.Healthcare_360.stg_procedures
[0m01:45:52.062781 [debug] [Thread-2 (]: Writing runtime sql for node "model.Healthcare_360.stg_procedures"
[0m01:45:52.069559 [debug] [Thread-2 (]: Using snowflake connection "model.Healthcare_360.stg_procedures"
[0m01:45:52.071589 [debug] [Thread-2 (]: On model.Healthcare_360.stg_procedures: create or replace   view HEALTH360_PROJECT.STAGING.stg_procedures
  
  
  
  
  as (
    with source as (
    select * from HEALTH360_PROJECT.RAW.procedures
),

cleaned as (
    select
        encounter_id,
        procedure_code,
        procedure_description,
        procedure_date::date as procedure_date
    from source
)

select * from cleaned
  )
/* {"app": "dbt", "dbt_version": "1.12.4", "profile_name": "health360_dbt", "target_name": "dev", "node_id": "model.Healthcare_360.stg_procedures"} */;
[0m01:45:52.577398 [debug] [Thread-3 (]: SQL status: SUCCESS 1 in 0.553 seconds
[0m01:45:52.587308 [debug] [Thread-3 (]: Sending event: {'category': 'dbt', 'action': 'run_model', 'label': 'bb990ce8-4f8c-41f0-ae94-8ad14029e064', 'context': [<snowplow_tracker.self_describing_json.SelfDescribingJson object at 0x00000275C41276B0>]}
[0m01:45:52.593964 [info ] [Thread-3 (]: 8 of 21 OK created sql view model STAGING.stg_patients ......................... [[32mSUCCESS 1[0m in 0.90s]
[0m01:45:52.599178 [debug] [Thread-3 (]: Finished running node model.Healthcare_360.stg_patients
[0m01:45:52.599178 [debug] [Thread-3 (]: Began running node model.Healthcare_360.dim_diagnosis
[0m01:45:52.604078 [info ] [Thread-3 (]: 10 of 21 START sql table model DW.dim_diagnosis ................................ [RUN]
[0m01:45:52.606105 [debug] [Thread-3 (]: Re-using an available connection from the pool (formerly model.Healthcare_360.stg_patients, now model.Healthcare_360.dim_diagnosis)
[0m01:45:52.609081 [debug] [Thread-3 (]: Began compiling node model.Healthcare_360.dim_diagnosis
[0m01:45:52.665586 [debug] [Thread-3 (]: Writing injected SQL for node "model.Healthcare_360.dim_diagnosis"
[0m01:45:52.667994 [debug] [Thread-2 (]: SQL status: SUCCESS 1 in 0.595 seconds
[0m01:45:52.676847 [debug] [Thread-2 (]: Sending event: {'category': 'dbt', 'action': 'run_model', 'label': 'bb990ce8-4f8c-41f0-ae94-8ad14029e064', 'context': [<snowplow_tracker.self_describing_json.SelfDescribingJson object at 0x00000275BA8E7B30>]}
[0m01:45:52.679542 [info ] [Thread-2 (]: 9 of 21 OK created sql view model STAGING.stg_procedures ....................... [[32mSUCCESS 1[0m in 0.64s]
[0m01:45:52.681559 [debug] [Thread-2 (]: Finished running node model.Healthcare_360.stg_procedures
[0m01:45:52.681559 [debug] [Thread-3 (]: Began executing node model.Healthcare_360.dim_diagnosis
[0m01:45:52.681559 [debug] [Thread-2 (]: Began running node model.Healthcare_360.dim_facility
[0m01:45:52.693098 [debug] [Thread-3 (]: Writing runtime sql for node "model.Healthcare_360.dim_diagnosis"
[0m01:45:52.693098 [info ] [Thread-2 (]: 11 of 21 START sql table model DW.dim_facility ................................. [RUN]
[0m01:45:52.693098 [debug] [Thread-2 (]: Re-using an available connection from the pool (formerly model.Healthcare_360.stg_procedures, now model.Healthcare_360.dim_facility)
[0m01:45:52.701993 [debug] [Thread-2 (]: Began compiling node model.Healthcare_360.dim_facility
[0m01:45:52.712223 [debug] [Thread-2 (]: Writing injected SQL for node "model.Healthcare_360.dim_facility"
[0m01:45:52.716611 [debug] [Thread-3 (]: Using snowflake connection "model.Healthcare_360.dim_diagnosis"
[0m01:45:52.716611 [debug] [Thread-3 (]: On model.Healthcare_360.dim_diagnosis: create or replace transient table HEALTH360_PROJECT.DW.dim_diagnosis
    
    
    
    
    

    as (with stg as (
    select distinct
        diagnosis_code,
        diagnosis_description
    from HEALTH360_PROJECT.STAGING.stg_diagnosis
)

select
    md5(cast(coalesce(cast(diagnosis_code as TEXT), '_dbt_utils_surrogate_key_null_') as TEXT)) as diagnosis_sk,
    diagnosis_code,
    diagnosis_description                                       as description,
    'ICD-10'                                                    as icd_version
from stg
    )

/* {"app": "dbt", "dbt_version": "1.12.4", "profile_name": "health360_dbt", "target_name": "dev", "node_id": "model.Healthcare_360.dim_diagnosis"} */;
[0m01:45:52.723205 [debug] [Thread-2 (]: Began executing node model.Healthcare_360.dim_facility
[0m01:45:52.728054 [debug] [Thread-2 (]: Writing runtime sql for node "model.Healthcare_360.dim_facility"
[0m01:45:52.737121 [debug] [Thread-2 (]: Using snowflake connection "model.Healthcare_360.dim_facility"
[0m01:45:52.737121 [debug] [Thread-2 (]: On model.Healthcare_360.dim_facility: create or replace transient table HEALTH360_PROJECT.DW.dim_facility
    
    
    
    
    

    as (with stg as (
    select * from HEALTH360_PROJECT.STAGING.stg_facilities
)

select
    md5(cast(coalesce(cast(facility_id as TEXT), '_dbt_utils_surrogate_key_null_') as TEXT)) as facility_sk,
    facility_id,
    facility_name,
    address,
    city,
    state
from stg
    )

/* {"app": "dbt", "dbt_version": "1.12.4", "profile_name": "health360_dbt", "target_name": "dev", "node_id": "model.Healthcare_360.dim_facility"} */;
[0m01:45:53.759803 [debug] [Thread-3 (]: SQL status: SUCCESS 7 in 1.046 seconds
[0m01:45:53.774649 [debug] [Thread-3 (]: Sending event: {'category': 'dbt', 'action': 'run_model', 'label': 'bb990ce8-4f8c-41f0-ae94-8ad14029e064', 'context': [<snowplow_tracker.self_describing_json.SelfDescribingJson object at 0x00000275B8CB9FD0>]}
[0m01:45:53.778342 [info ] [Thread-3 (]: 10 of 21 OK created sql table model DW.dim_diagnosis ........................... [[32mSUCCESS 7[0m in 1.17s]
[0m01:45:53.781383 [debug] [Thread-3 (]: Finished running node model.Healthcare_360.dim_diagnosis
[0m01:45:53.781383 [debug] [Thread-3 (]: Began running node model.Healthcare_360.dim_patient
[0m01:45:53.781383 [info ] [Thread-3 (]: 12 of 21 START sql table model DW.dim_patient .................................. [RUN]
[0m01:45:53.788631 [debug] [Thread-3 (]: Re-using an available connection from the pool (formerly model.Healthcare_360.dim_diagnosis, now model.Healthcare_360.dim_patient)
[0m01:45:53.788631 [debug] [Thread-3 (]: Began compiling node model.Healthcare_360.dim_patient
[0m01:45:53.802363 [debug] [Thread-3 (]: Writing injected SQL for node "model.Healthcare_360.dim_patient"
[0m01:45:53.817612 [debug] [Thread-3 (]: Began executing node model.Healthcare_360.dim_patient
[0m01:45:53.826273 [debug] [Thread-3 (]: Writing runtime sql for node "model.Healthcare_360.dim_patient"
[0m01:45:53.836361 [debug] [Thread-3 (]: Using snowflake connection "model.Healthcare_360.dim_patient"
[0m01:45:53.838378 [debug] [Thread-3 (]: On model.Healthcare_360.dim_patient: create or replace transient table HEALTH360_PROJECT.DW.dim_patient
    
    
    
    
    

    as (with stg as (
    select * from HEALTH360_PROJECT.STAGING.stg_patients
)

select
    md5(cast(coalesce(cast(patient_id as TEXT), '_dbt_utils_surrogate_key_null_') as TEXT)) as patient_sk,
    patient_id,
    full_name,
    dob,
    gender,
    race,
    city,
    state,
    zip,
    current_date()              as effective_start_dt,
    null::date                  as effective_end_dt,
    true                        as is_current
from stg
    )

/* {"app": "dbt", "dbt_version": "1.12.4", "profile_name": "health360_dbt", "target_name": "dev", "node_id": "model.Healthcare_360.dim_patient"} */;
[0m01:45:53.956713 [debug] [Thread-2 (]: SQL status: SUCCESS 100 in 1.215 seconds
[0m01:45:53.966626 [debug] [Thread-2 (]: Sending event: {'category': 'dbt', 'action': 'run_model', 'label': 'bb990ce8-4f8c-41f0-ae94-8ad14029e064', 'context': [<snowplow_tracker.self_describing_json.SelfDescribingJson object at 0x00000275C416C1D0>]}
[0m01:45:53.966626 [info ] [Thread-2 (]: 11 of 21 OK created sql table model DW.dim_facility ............................ [[32mSUCCESS 100[0m in 1.27s]
[0m01:45:53.966626 [debug] [Thread-2 (]: Finished running node model.Healthcare_360.dim_facility
[0m01:45:53.971932 [debug] [Thread-2 (]: Began running node model.Healthcare_360.dim_procedure
[0m01:45:53.976418 [info ] [Thread-2 (]: 13 of 21 START sql table model DW.dim_procedure ................................ [RUN]
[0m01:45:53.976418 [debug] [Thread-2 (]: Re-using an available connection from the pool (formerly model.Healthcare_360.dim_facility, now model.Healthcare_360.dim_procedure)
[0m01:45:53.981546 [debug] [Thread-2 (]: Began compiling node model.Healthcare_360.dim_procedure
[0m01:45:53.992478 [debug] [Thread-2 (]: Writing injected SQL for node "model.Healthcare_360.dim_procedure"
[0m01:45:53.994579 [debug] [Thread-2 (]: Began executing node model.Healthcare_360.dim_procedure
[0m01:45:54.005432 [debug] [Thread-2 (]: Writing runtime sql for node "model.Healthcare_360.dim_procedure"
[0m01:45:54.011760 [debug] [Thread-2 (]: Using snowflake connection "model.Healthcare_360.dim_procedure"
[0m01:45:54.011760 [debug] [Thread-2 (]: On model.Healthcare_360.dim_procedure: create or replace transient table HEALTH360_PROJECT.DW.dim_procedure
    
    
    
    
    

    as (with stg as (
    select distinct
        procedure_code,
        procedure_description
    from HEALTH360_PROJECT.STAGING.stg_procedures
)

select
    md5(cast(coalesce(cast(procedure_code as TEXT), '_dbt_utils_surrogate_key_null_') as TEXT)) as procedure_sk,
    procedure_code,
    procedure_description                                       as description
from stg
    )

/* {"app": "dbt", "dbt_version": "1.12.4", "profile_name": "health360_dbt", "target_name": "dev", "node_id": "model.Healthcare_360.dim_procedure"} */;
[0m01:45:55.111412 [debug] [Thread-3 (]: SQL status: SUCCESS 20000 in 1.277 seconds
[0m01:45:55.124668 [debug] [Thread-3 (]: Sending event: {'category': 'dbt', 'action': 'run_model', 'label': 'bb990ce8-4f8c-41f0-ae94-8ad14029e064', 'context': [<snowplow_tracker.self_describing_json.SelfDescribingJson object at 0x00000275C44CE1E0>]}
[0m01:45:55.126994 [info ] [Thread-3 (]: 12 of 21 OK created sql table model DW.dim_patient ............................. [[32mSUCCESS 20000[0m in 1.32s]
[0m01:45:55.126994 [debug] [Thread-3 (]: Finished running node model.Healthcare_360.dim_patient
[0m01:45:55.126994 [debug] [Thread-3 (]: Began running node model.Healthcare_360.dim_provider
[0m01:45:55.137980 [info ] [Thread-3 (]: 14 of 21 START sql table model DW.dim_provider ................................. [RUN]
[0m01:45:55.143166 [debug] [Thread-3 (]: Re-using an available connection from the pool (formerly model.Healthcare_360.dim_patient, now model.Healthcare_360.dim_provider)
[0m01:45:55.143166 [debug] [Thread-3 (]: Began compiling node model.Healthcare_360.dim_provider
[0m01:45:55.159434 [debug] [Thread-3 (]: Writing injected SQL for node "model.Healthcare_360.dim_provider"
[0m01:45:55.166614 [debug] [Thread-3 (]: Began executing node model.Healthcare_360.dim_provider
[0m01:45:55.179507 [debug] [Thread-3 (]: Writing runtime sql for node "model.Healthcare_360.dim_provider"
[0m01:45:55.183949 [debug] [Thread-3 (]: Using snowflake connection "model.Healthcare_360.dim_provider"
[0m01:45:55.183949 [debug] [Thread-3 (]: On model.Healthcare_360.dim_provider: create or replace transient table HEALTH360_PROJECT.DW.dim_provider
    
    
    
    
    

    as (with stg as (
    select * from HEALTH360_PROJECT.STAGING.stg_doctors
),

fac as (
    select facility_sk, facility_id
    from HEALTH360_PROJECT.DW.dim_facility
)

select
    md5(cast(coalesce(cast(s.provider_id as TEXT), '_dbt_utils_surrogate_key_null_') as TEXT)) as provider_sk,
    s.provider_id,
    s.npi,
    s.full_name,
    s.specialty,
    s.department,
    f.facility_sk
from stg s
left join fac f on s.facility_id = f.facility_id
    )

/* {"app": "dbt", "dbt_version": "1.12.4", "profile_name": "health360_dbt", "target_name": "dev", "node_id": "model.Healthcare_360.dim_provider"} */;
[0m01:45:55.232193 [debug] [Thread-2 (]: SQL status: SUCCESS 5 in 1.217 seconds
[0m01:45:55.242263 [debug] [Thread-2 (]: Sending event: {'category': 'dbt', 'action': 'run_model', 'label': 'bb990ce8-4f8c-41f0-ae94-8ad14029e064', 'context': [<snowplow_tracker.self_describing_json.SelfDescribingJson object at 0x00000275B86ABF80>]}
[0m01:45:55.244399 [info ] [Thread-2 (]: 13 of 21 OK created sql table model DW.dim_procedure ........................... [[32mSUCCESS 5[0m in 1.26s]
[0m01:45:55.249717 [debug] [Thread-2 (]: Finished running node model.Healthcare_360.dim_procedure
[0m01:45:56.461559 [debug] [Thread-3 (]: SQL status: SUCCESS 100 in 1.278 seconds
[0m01:45:56.473666 [debug] [Thread-3 (]: Sending event: {'category': 'dbt', 'action': 'run_model', 'label': 'bb990ce8-4f8c-41f0-ae94-8ad14029e064', 'context': [<snowplow_tracker.self_describing_json.SelfDescribingJson object at 0x00000275C40298E0>]}
[0m01:45:56.476138 [info ] [Thread-3 (]: 14 of 21 OK created sql table model DW.dim_provider ............................ [[32mSUCCESS 100[0m in 1.33s]
[0m01:45:56.477422 [debug] [Thread-3 (]: Finished running node model.Healthcare_360.dim_provider
[0m01:45:56.477422 [debug] [Thread-2 (]: Began running node model.Healthcare_360.fact_encounter
[0m01:45:56.477422 [info ] [Thread-2 (]: 15 of 21 START sql table model DW.fact_encounter ............................... [RUN]
[0m01:45:56.477422 [debug] [Thread-2 (]: Re-using an available connection from the pool (formerly model.Healthcare_360.dim_procedure, now model.Healthcare_360.fact_encounter)
[0m01:45:56.485379 [debug] [Thread-2 (]: Began compiling node model.Healthcare_360.fact_encounter
[0m01:45:56.494058 [debug] [Thread-2 (]: Writing injected SQL for node "model.Healthcare_360.fact_encounter"
[0m01:45:56.498443 [debug] [Thread-2 (]: Began executing node model.Healthcare_360.fact_encounter
[0m01:45:56.498443 [debug] [Thread-2 (]: Writing runtime sql for node "model.Healthcare_360.fact_encounter"
[0m01:45:56.512897 [debug] [Thread-2 (]: Using snowflake connection "model.Healthcare_360.fact_encounter"
[0m01:45:56.512897 [debug] [Thread-2 (]: On model.Healthcare_360.fact_encounter: create or replace transient table HEALTH360_PROJECT.DW.fact_encounter
    
    
    
    
    

    as (with enc as (
    select * from HEALTH360_PROJECT.STAGING.stg_encounters
),

dim_pat  as (select patient_sk,  patient_id  from HEALTH360_PROJECT.DW.dim_patient),
dim_prov as (select provider_sk, provider_id from HEALTH360_PROJECT.DW.dim_provider),
dim_fac  as (select facility_sk, facility_id from HEALTH360_PROJECT.DW.dim_facility),
dim_d    as (select date_sk,     full_date   from HEALTH360_PROJECT.DW.dim_date)

select
    md5(cast(coalesce(cast(enc.encounter_id as TEXT), '_dbt_utils_surrogate_key_null_') as TEXT))  as encounter_sk,
    enc.encounter_id,
    dp.patient_sk,
    dpr.provider_sk,
    df.facility_sk,
    dd_adm.date_sk                                                as encounter_date_sk,
    dd_dis.date_sk                                                as discharge_date_sk,
    enc.visit_type                                                as encounter_type,
    datediff('day',
        enc.admission_date::date,
        enc.discharge_date::date)                                 as length_of_stay
from enc
left join dim_pat  dp  on enc.patient_id   = dp.patient_id
left join dim_prov dpr on enc.doctor_id    = dpr.provider_id
left join dim_fac  df  on enc.facility_id  = df.facility_id
left join dim_d    dd_adm on enc.admission_date::date  = dd_adm.full_date
left join dim_d    dd_dis on enc.discharge_date::date  = dd_dis.full_date
    )

/* {"app": "dbt", "dbt_version": "1.12.4", "profile_name": "health360_dbt", "target_name": "dev", "node_id": "model.Healthcare_360.fact_encounter"} */;
[0m01:45:59.041213 [debug] [Thread-2 (]: SQL status: SUCCESS 100000 in 2.525 seconds
[0m01:45:59.041213 [debug] [Thread-2 (]: Sending event: {'category': 'dbt', 'action': 'run_model', 'label': 'bb990ce8-4f8c-41f0-ae94-8ad14029e064', 'context': [<snowplow_tracker.self_describing_json.SelfDescribingJson object at 0x00000275C2D849B0>]}
[0m01:45:59.041213 [info ] [Thread-2 (]: 15 of 21 OK created sql table model DW.fact_encounter .......................... [[32mSUCCESS 100000[0m in 2.56s]
[0m01:45:59.054237 [debug] [Thread-2 (]: Finished running node model.Healthcare_360.fact_encounter
[0m01:45:59.054237 [debug] [Thread-3 (]: Began running node model.Healthcare_360.fact_claim
[0m01:45:59.059695 [debug] [Thread-2 (]: Began running node model.Healthcare_360.fact_diagnosis
[0m01:45:59.059695 [info ] [Thread-3 (]: 16 of 21 START sql table model DW.fact_claim ................................... [RUN]
[0m01:45:59.066297 [debug] [Thread-3 (]: Re-using an available connection from the pool (formerly model.Healthcare_360.dim_provider, now model.Healthcare_360.fact_claim)
[0m01:45:59.068321 [debug] [Thread-3 (]: Began compiling node model.Healthcare_360.fact_claim
[0m01:45:59.059695 [info ] [Thread-2 (]: 17 of 21 START sql table model DW.fact_diagnosis ............................... [RUN]
[0m01:45:59.085393 [debug] [Thread-3 (]: Writing injected SQL for node "model.Healthcare_360.fact_claim"
[0m01:45:59.085393 [debug] [Thread-2 (]: Re-using an available connection from the pool (formerly model.Healthcare_360.fact_encounter, now model.Healthcare_360.fact_diagnosis)
[0m01:45:59.094492 [debug] [Thread-2 (]: Began compiling node model.Healthcare_360.fact_diagnosis
[0m01:45:59.101104 [debug] [Thread-2 (]: Writing injected SQL for node "model.Healthcare_360.fact_diagnosis"
[0m01:45:59.105605 [debug] [Thread-3 (]: Began executing node model.Healthcare_360.fact_claim
[0m01:45:59.109471 [debug] [Thread-3 (]: Writing runtime sql for node "model.Healthcare_360.fact_claim"
[0m01:45:59.109471 [debug] [Thread-2 (]: Began executing node model.Healthcare_360.fact_diagnosis
[0m01:45:59.117456 [debug] [Thread-2 (]: Writing runtime sql for node "model.Healthcare_360.fact_diagnosis"
[0m01:45:59.128645 [debug] [Thread-3 (]: Using snowflake connection "model.Healthcare_360.fact_claim"
[0m01:45:59.128645 [debug] [Thread-3 (]: On model.Healthcare_360.fact_claim: create or replace transient table HEALTH360_PROJECT.DW.fact_claim
    
    
    
    
    

    as (with bills as (
    select * from HEALTH360_PROJECT.STAGING.stg_patient_bills
),

enc_sk as (
    select encounter_sk, encounter_id from HEALTH360_PROJECT.DW.fact_encounter
),

dim_d as (
    select date_sk, full_date from HEALTH360_PROJECT.DW.dim_date
)

select
    md5(cast(coalesce(cast(bills.claim_id as TEXT), '_dbt_utils_surrogate_key_null_') as TEXT)) as claim_sk,
    bills.claim_id,
    e.encounter_sk,
    bills.insurer,
    d.date_sk                                                  as claim_date_sk,
    bills.billed_amount,
    bills.allowed_amount,
    bills.paid_amount,
    bills.claim_status
from bills
left join enc_sk e on bills.encounter_id = e.encounter_id
left join dim_d  d on bills.claim_date   = d.full_date
    )

/* {"app": "dbt", "dbt_version": "1.12.4", "profile_name": "health360_dbt", "target_name": "dev", "node_id": "model.Healthcare_360.fact_claim"} */;
[0m01:45:59.137174 [debug] [Thread-2 (]: Using snowflake connection "model.Healthcare_360.fact_diagnosis"
[0m01:45:59.137174 [debug] [Thread-2 (]: On model.Healthcare_360.fact_diagnosis: create or replace transient table HEALTH360_PROJECT.DW.fact_diagnosis
    
    
    
    
    

    as (with diag as (
    select * from HEALTH360_PROJECT.STAGING.stg_diagnosis
),

enc_sk as (
    select encounter_sk, encounter_id from HEALTH360_PROJECT.DW.fact_encounter
),

dim_diag as (
    select diagnosis_sk, diagnosis_code from HEALTH360_PROJECT.DW.dim_diagnosis
)

select
    e.encounter_sk,
    d.diagnosis_sk,
    diag.diagnosis_rank
from diag
left join enc_sk  e on diag.encounter_id  = e.encounter_id
left join dim_diag d on diag.diagnosis_code = d.diagnosis_code
    )

/* {"app": "dbt", "dbt_version": "1.12.4", "profile_name": "health360_dbt", "target_name": "dev", "node_id": "model.Healthcare_360.fact_diagnosis"} */;
[0m01:46:01.639218 [debug] [Thread-2 (]: SQL status: SUCCESS 100000 in 2.498 seconds
[0m01:46:01.650538 [debug] [Thread-2 (]: Sending event: {'category': 'dbt', 'action': 'run_model', 'label': 'bb990ce8-4f8c-41f0-ae94-8ad14029e064', 'context': [<snowplow_tracker.self_describing_json.SelfDescribingJson object at 0x00000275C2395130>]}
[0m01:46:01.654581 [info ] [Thread-2 (]: 17 of 21 OK created sql table model DW.fact_diagnosis .......................... [[32mSUCCESS 100000[0m in 2.57s]
[0m01:46:01.659199 [debug] [Thread-2 (]: Finished running node model.Healthcare_360.fact_diagnosis
[0m01:46:01.659199 [debug] [Thread-2 (]: Began running node model.Healthcare_360.fact_procedure
[0m01:46:01.664588 [info ] [Thread-2 (]: 18 of 21 START sql table model DW.fact_procedure ............................... [RUN]
[0m01:46:01.666607 [debug] [Thread-2 (]: Re-using an available connection from the pool (formerly model.Healthcare_360.fact_diagnosis, now model.Healthcare_360.fact_procedure)
[0m01:46:01.668624 [debug] [Thread-2 (]: Began compiling node model.Healthcare_360.fact_procedure
[0m01:46:01.681664 [debug] [Thread-2 (]: Writing injected SQL for node "model.Healthcare_360.fact_procedure"
[0m01:46:01.687066 [debug] [Thread-2 (]: Began executing node model.Healthcare_360.fact_procedure
[0m01:46:01.695062 [debug] [Thread-2 (]: Writing runtime sql for node "model.Healthcare_360.fact_procedure"
[0m01:46:01.699728 [debug] [Thread-2 (]: Using snowflake connection "model.Healthcare_360.fact_procedure"
[0m01:46:01.699728 [debug] [Thread-2 (]: On model.Healthcare_360.fact_procedure: create or replace transient table HEALTH360_PROJECT.DW.fact_procedure
    
    
    
    
    

    as (with proc as (
    select * from HEALTH360_PROJECT.STAGING.stg_procedures
),

enc_sk as (
    select encounter_sk, encounter_id from HEALTH360_PROJECT.DW.fact_encounter
),

dim_proc as (
    select procedure_sk, procedure_code from HEALTH360_PROJECT.DW.dim_procedure
),

dim_d as (
    select date_sk, full_date from HEALTH360_PROJECT.DW.dim_date
)

select
    e.encounter_sk,
    p.procedure_sk,
    d.date_sk   as procedure_date_sk,
    proc.procedure_date
from proc
left join enc_sk  e on proc.encounter_id   = e.encounter_id
left join dim_proc p on proc.procedure_code = p.procedure_code
left join dim_d    d on proc.procedure_date  = d.full_date
    )

/* {"app": "dbt", "dbt_version": "1.12.4", "profile_name": "health360_dbt", "target_name": "dev", "node_id": "model.Healthcare_360.fact_procedure"} */;
[0m01:46:01.903477 [debug] [Thread-3 (]: SQL status: SUCCESS 100000 in 2.773 seconds
[0m01:46:01.903477 [debug] [Thread-3 (]: Sending event: {'category': 'dbt', 'action': 'run_model', 'label': 'bb990ce8-4f8c-41f0-ae94-8ad14029e064', 'context': [<snowplow_tracker.self_describing_json.SelfDescribingJson object at 0x00000275BC9B2630>]}
[0m01:46:01.919359 [info ] [Thread-3 (]: 16 of 21 OK created sql table model DW.fact_claim .............................. [[32mSUCCESS 100000[0m in 2.84s]
[0m01:46:01.919359 [debug] [Thread-3 (]: Finished running node model.Healthcare_360.fact_claim
[0m01:46:01.919359 [debug] [Thread-3 (]: Began running node model.Healthcare_360.readmission_dashboard
[0m01:46:01.919359 [info ] [Thread-3 (]: 19 of 21 START sql table model MARTS.readmission_dashboard ..................... [RUN]
[0m01:46:01.928557 [debug] [Thread-3 (]: Re-using an available connection from the pool (formerly model.Healthcare_360.fact_claim, now model.Healthcare_360.readmission_dashboard)
[0m01:46:01.928557 [debug] [Thread-3 (]: Began compiling node model.Healthcare_360.readmission_dashboard
[0m01:46:01.945334 [debug] [Thread-3 (]: Writing injected SQL for node "model.Healthcare_360.readmission_dashboard"
[0m01:46:01.945334 [debug] [Thread-3 (]: Began executing node model.Healthcare_360.readmission_dashboard
[0m01:46:01.959537 [debug] [Thread-3 (]: Writing runtime sql for node "model.Healthcare_360.readmission_dashboard"
[0m01:46:01.974398 [debug] [Thread-3 (]: Using snowflake connection "model.Healthcare_360.readmission_dashboard"
[0m01:46:01.977374 [debug] [Thread-3 (]: On model.Healthcare_360.readmission_dashboard: create or replace transient table HEALTH360_PROJECT.MARTS.readmission_dashboard
    
    
    
    
    

    as (with encounters as (
    select * from HEALTH360_PROJECT.DW.fact_encounter
),

patients as (
    select * from HEALTH360_PROJECT.DW.dim_patient
),

dim_d as (
    select date_sk, full_date from HEALTH360_PROJECT.DW.dim_date
),

-- attach real dates to each encounter
encounter_dates as (
    select
        e.encounter_sk,
        e.encounter_id,
        e.patient_sk,
        e.encounter_type,
        e.length_of_stay,
        d_adm.full_date as encounter_date,
        d_dis.full_date as discharge_date
    from encounters e
    left join dim_d d_adm on e.encounter_date_sk  = d_adm.date_sk
    left join dim_d d_dis on e.discharge_date_sk  = d_dis.date_sk
),

-- self-join to find next admission within 30 days of discharge
readmissions as (
    select
        a.encounter_sk,
        a.patient_sk,
        a.encounter_date,
        a.discharge_date,
        a.length_of_stay,
        b.encounter_date                                          as readmit_date,
        datediff('day', a.discharge_date, b.encounter_date)      as days_to_readmit
    from encounter_dates a
    join encounter_dates b
        on  a.patient_sk      = b.patient_sk
        and b.encounter_date  > a.discharge_date
        and datediff('day', a.discharge_date, b.encounter_date) <= 30
)

select
    p.patient_id,
    p.full_name,
    p.gender,
    p.dob,
    r.encounter_date,
    r.discharge_date,
    r.length_of_stay,
    r.readmit_date,
    r.days_to_readmit,
    true as is_30day_readmit
from readmissions r
left join patients p on r.patient_sk = p.patient_sk
    )

/* {"app": "dbt", "dbt_version": "1.12.4", "profile_name": "health360_dbt", "target_name": "dev", "node_id": "model.Healthcare_360.readmission_dashboard"} */;
[0m01:46:02.325561 [debug] [Thread-3 (]: Snowflake adapter: Snowflake query id: 01c72ea0-030b-8901-0032-3673002ffc7a
[0m01:46:02.327162 [debug] [Thread-3 (]: Snowflake adapter: Snowflake error: 003001 (42501): SQL access control error:
Insufficient privileges to operate on schema 'MARTS'. Your primary role HEALTH_DWH_ROLE must have CREATE TABLE granted on SCHEMA HEALTH360_PROJECT.MARTS.
[0m01:46:02.338063 [debug] [Thread-3 (]: Database Error in model readmission_dashboard (models\marts\readmission_dashboard.sql)
  003001 (42501): SQL access control error:
  Insufficient privileges to operate on schema 'MARTS'. Your primary role HEALTH_DWH_ROLE must have CREATE TABLE granted on SCHEMA HEALTH360_PROJECT.MARTS.
  compiled code at target\run\Healthcare_360\models\marts\readmission_dashboard.sql
[0m01:46:02.338063 [debug] [Thread-3 (]: Sending event: {'category': 'dbt', 'action': 'run_model', 'label': 'bb990ce8-4f8c-41f0-ae94-8ad14029e064', 'context': [<snowplow_tracker.self_describing_json.SelfDescribingJson object at 0x00000275C2E6AE40>]}
[0m01:46:02.338063 [error] [Thread-3 (]: 19 of 21 ERROR creating sql table model MARTS.readmission_dashboard ............ [[31mERROR[0m in 0.41s]
[0m01:46:02.347834 [debug] [Thread-3 (]: Finished running node model.Healthcare_360.readmission_dashboard
[0m01:46:02.347834 [debug] [Thread-3 (]: Began running node model.Healthcare_360.clinical_overview
[0m01:46:02.347834 [debug] [Thread-6 (]: Marking all children of 'model.Healthcare_360.readmission_dashboard' to be skipped because of status 'error'.  Reason: Database Error in model readmission_dashboard (models\marts\readmission_dashboard.sql)
  003001 (42501): SQL access control error:
  Insufficient privileges to operate on schema 'MARTS'. Your primary role HEALTH_DWH_ROLE must have CREATE TABLE granted on SCHEMA HEALTH360_PROJECT.MARTS.
  compiled code at target\run\Healthcare_360\models\marts\readmission_dashboard.sql.
[0m01:46:02.354841 [info ] [Thread-3 (]: 20 of 21 START sql table model MARTS.clinical_overview ......................... [RUN]
[0m01:46:02.363379 [debug] [Thread-3 (]: Re-using an available connection from the pool (formerly model.Healthcare_360.readmission_dashboard, now model.Healthcare_360.clinical_overview)
[0m01:46:02.363379 [debug] [Thread-3 (]: Began compiling node model.Healthcare_360.clinical_overview
[0m01:46:02.381390 [debug] [Thread-3 (]: Writing injected SQL for node "model.Healthcare_360.clinical_overview"
[0m01:46:02.386840 [debug] [Thread-3 (]: Began executing node model.Healthcare_360.clinical_overview
[0m01:46:02.392657 [debug] [Thread-3 (]: Writing runtime sql for node "model.Healthcare_360.clinical_overview"
[0m01:46:02.404366 [debug] [Thread-3 (]: Using snowflake connection "model.Healthcare_360.clinical_overview"
[0m01:46:02.408930 [debug] [Thread-3 (]: On model.Healthcare_360.clinical_overview: create or replace transient table HEALTH360_PROJECT.MARTS.clinical_overview
    
    
    
    
    

    as (with encounters as (
    select * from HEALTH360_PROJECT.DW.fact_encounter
),

patients as (
    select * from HEALTH360_PROJECT.DW.dim_patient
),

providers as (
    select * from HEALTH360_PROJECT.DW.dim_provider
),

facilities as (
    select * from HEALTH360_PROJECT.DW.dim_facility
),

enc_date as (
    select date_sk, full_date from HEALTH360_PROJECT.DW.dim_date
),

primary_diagnosis as (
    select
        fd.encounter_sk,
        dd.diagnosis_code,
        dd.description as diagnosis_description
    from HEALTH360_PROJECT.DW.fact_diagnosis fd
    join HEALTH360_PROJECT.DW.dim_diagnosis dd on fd.diagnosis_sk = dd.diagnosis_sk
    where fd.diagnosis_rank = 1
)

select
    e.encounter_id,
    p.patient_id,
    p.full_name                 as patient_name,
    p.dob,
    p.gender,
    pr.full_name                as provider_name,
    pr.specialty,
    f.facility_name,
    f.city,
    f.state,
    d.full_date                 as encounter_date,
    e.encounter_type,
    e.length_of_stay,
    pd.diagnosis_code,
    pd.diagnosis_description
from encounters e
left join patients    p  on e.patient_sk           = p.patient_sk
left join providers   pr on e.provider_sk          = pr.provider_sk
left join facilities  f  on e.facility_sk          = f.facility_sk
left join enc_date    d  on e.encounter_date_sk    = d.date_sk
left join primary_diagnosis pd on e.encounter_sk   = pd.encounter_sk
    )

/* {"app": "dbt", "dbt_version": "1.12.4", "profile_name": "health360_dbt", "target_name": "dev", "node_id": "model.Healthcare_360.clinical_overview"} */;
[0m01:46:02.742959 [debug] [Thread-3 (]: Snowflake adapter: Snowflake query id: 01c72ea0-030b-8896-0032-36730030117e
[0m01:46:02.743725 [debug] [Thread-3 (]: Snowflake adapter: Snowflake error: 003001 (42501): SQL access control error:
Insufficient privileges to operate on schema 'MARTS'. Your primary role HEALTH_DWH_ROLE must have CREATE TABLE granted on SCHEMA HEALTH360_PROJECT.MARTS.
[0m01:46:02.754197 [debug] [Thread-3 (]: Database Error in model clinical_overview (models\marts\clinical_overview.sql)
  003001 (42501): SQL access control error:
  Insufficient privileges to operate on schema 'MARTS'. Your primary role HEALTH_DWH_ROLE must have CREATE TABLE granted on SCHEMA HEALTH360_PROJECT.MARTS.
  compiled code at target\run\Healthcare_360\models\marts\clinical_overview.sql
[0m01:46:02.754197 [debug] [Thread-3 (]: Sending event: {'category': 'dbt', 'action': 'run_model', 'label': 'bb990ce8-4f8c-41f0-ae94-8ad14029e064', 'context': [<snowplow_tracker.self_describing_json.SelfDescribingJson object at 0x00000275B907E090>]}
[0m01:46:02.756205 [error] [Thread-3 (]: 20 of 21 ERROR creating sql table model MARTS.clinical_overview ................ [[31mERROR[0m in 0.39s]
[0m01:46:02.760613 [debug] [Thread-3 (]: Finished running node model.Healthcare_360.clinical_overview
[0m01:46:02.762361 [debug] [Thread-3 (]: Began running node model.Healthcare_360.cost_metrics
[0m01:46:02.762361 [debug] [Thread-6 (]: Marking all children of 'model.Healthcare_360.clinical_overview' to be skipped because of status 'error'.  Reason: Database Error in model clinical_overview (models\marts\clinical_overview.sql)
  003001 (42501): SQL access control error:
  Insufficient privileges to operate on schema 'MARTS'. Your primary role HEALTH_DWH_ROLE must have CREATE TABLE granted on SCHEMA HEALTH360_PROJECT.MARTS.
  compiled code at target\run\Healthcare_360\models\marts\clinical_overview.sql.
[0m01:46:02.765937 [info ] [Thread-3 (]: 21 of 21 START sql table model MARTS.cost_metrics .............................. [RUN]
[0m01:46:02.767953 [debug] [Thread-3 (]: Re-using an available connection from the pool (formerly model.Healthcare_360.clinical_overview, now model.Healthcare_360.cost_metrics)
[0m01:46:02.769971 [debug] [Thread-3 (]: Began compiling node model.Healthcare_360.cost_metrics
[0m01:46:02.780451 [debug] [Thread-3 (]: Writing injected SQL for node "model.Healthcare_360.cost_metrics"
[0m01:46:02.780451 [debug] [Thread-3 (]: Began executing node model.Healthcare_360.cost_metrics
[0m01:46:02.795058 [debug] [Thread-3 (]: Writing runtime sql for node "model.Healthcare_360.cost_metrics"
[0m01:46:02.802083 [debug] [Thread-3 (]: Using snowflake connection "model.Healthcare_360.cost_metrics"
[0m01:46:02.805557 [debug] [Thread-3 (]: On model.Healthcare_360.cost_metrics: create or replace transient table HEALTH360_PROJECT.MARTS.cost_metrics
    
    
    
    
    

    as (with claims as (
    select * from HEALTH360_PROJECT.DW.fact_claim
),

encounters as (
    select * from HEALTH360_PROJECT.DW.fact_encounter
),

patients as (
    select patient_sk, gender from HEALTH360_PROJECT.DW.dim_patient
),

facilities as (
    select facility_sk, facility_name, state from HEALTH360_PROJECT.DW.dim_facility
),

dim_d as (
    select date_sk, year, month, month_name from HEALTH360_PROJECT.DW.dim_date
)

select
    f.facility_name,
    f.state,
    d.year,
    d.month,
    d.month_name,
    p.gender,
    count(distinct c.claim_id)                                                      as total_claims,
    count(distinct e.encounter_id)                                                  as total_encounters,
    sum(c.billed_amount)                                                            as total_billed,
    sum(c.allowed_amount)                                                           as total_allowed,
    sum(c.paid_amount)                                                              as total_paid,
    avg(c.billed_amount)                                                            as avg_billed_per_claim,
    sum(c.billed_amount - c.paid_amount)                                            as total_outstanding,
    count(case when c.claim_status = 'DENIED' then 1 end)                          as denied_claims,
    round(
        count(case when c.claim_status = 'DENIED' then 1 end) * 100.0
        / nullif(count(*), 0), 2
    )                                                                               as denial_rate_pct
from claims c
left join encounters e  on c.encounter_sk  = e.encounter_sk
left join patients   p  on e.patient_sk    = p.patient_sk
left join facilities f  on e.facility_sk   = f.facility_sk
left join dim_d      d  on c.claim_date_sk = d.date_sk
group by 1, 2, 3, 4, 5, 6
    )

/* {"app": "dbt", "dbt_version": "1.12.4", "profile_name": "health360_dbt", "target_name": "dev", "node_id": "model.Healthcare_360.cost_metrics"} */;
[0m01:46:03.189828 [debug] [Thread-3 (]: Snowflake adapter: Snowflake query id: 01c72ea0-030b-8fad-0032-36730030c192
[0m01:46:03.193666 [debug] [Thread-3 (]: Snowflake adapter: Snowflake error: 003001 (42501): SQL access control error:
Insufficient privileges to operate on schema 'MARTS'. Your primary role HEALTH_DWH_ROLE must have CREATE TABLE granted on SCHEMA HEALTH360_PROJECT.MARTS.
[0m01:46:03.205890 [debug] [Thread-3 (]: Database Error in model cost_metrics (models\marts\cost_metrics.sql)
  003001 (42501): SQL access control error:
  Insufficient privileges to operate on schema 'MARTS'. Your primary role HEALTH_DWH_ROLE must have CREATE TABLE granted on SCHEMA HEALTH360_PROJECT.MARTS.
  compiled code at target\run\Healthcare_360\models\marts\cost_metrics.sql
[0m01:46:03.209073 [debug] [Thread-3 (]: Sending event: {'category': 'dbt', 'action': 'run_model', 'label': 'bb990ce8-4f8c-41f0-ae94-8ad14029e064', 'context': [<snowplow_tracker.self_describing_json.SelfDescribingJson object at 0x00000275C44CC710>]}
[0m01:46:03.210958 [error] [Thread-3 (]: 21 of 21 ERROR creating sql table model MARTS.cost_metrics ..................... [[31mERROR[0m in 0.44s]
[0m01:46:03.214840 [debug] [Thread-3 (]: Finished running node model.Healthcare_360.cost_metrics
[0m01:46:03.216852 [debug] [Thread-6 (]: Marking all children of 'model.Healthcare_360.cost_metrics' to be skipped because of status 'error'.  Reason: Database Error in model cost_metrics (models\marts\cost_metrics.sql)
  003001 (42501): SQL access control error:
  Insufficient privileges to operate on schema 'MARTS'. Your primary role HEALTH_DWH_ROLE must have CREATE TABLE granted on SCHEMA HEALTH360_PROJECT.MARTS.
  compiled code at target\run\Healthcare_360\models\marts\cost_metrics.sql.
[0m01:46:03.635511 [debug] [Thread-2 (]: SQL status: SUCCESS 100000 in 1.932 seconds
[0m01:46:03.645326 [debug] [Thread-2 (]: Sending event: {'category': 'dbt', 'action': 'run_model', 'label': 'bb990ce8-4f8c-41f0-ae94-8ad14029e064', 'context': [<snowplow_tracker.self_describing_json.SelfDescribingJson object at 0x00000275C2C84680>]}
[0m01:46:03.645326 [info ] [Thread-2 (]: 18 of 21 OK created sql table model DW.fact_procedure .......................... [[32mSUCCESS 100000[0m in 1.98s]
[0m01:46:03.645326 [debug] [Thread-2 (]: Finished running node model.Healthcare_360.fact_procedure
[0m01:46:03.661022 [debug] [MainThread]: Connection 'master' was properly closed.
[0m01:46:03.679844 [debug] [MainThread]: Connection 'list_HEALTH360_PROJECT' was left open.
[0m01:46:03.679844 [debug] [MainThread]: On list_HEALTH360_PROJECT: Close
[0m01:46:04.276930 [debug] [MainThread]: Connection 'list_HEALTH360_PROJECT' was left open.
[0m01:46:04.279265 [debug] [MainThread]: On list_HEALTH360_PROJECT: Close
[0m01:46:04.915268 [debug] [MainThread]: Connection 'list_HEALTH360_PROJECT_SNAPSHOTS' was left open.
[0m01:46:04.917290 [debug] [MainThread]: On list_HEALTH360_PROJECT_SNAPSHOTS: Close
[0m01:46:05.586123 [debug] [MainThread]: Connection 'list_HEALTH360_PROJECT_STAGING' was left open.
[0m01:46:05.586123 [debug] [MainThread]: On list_HEALTH360_PROJECT_STAGING: Close
[0m01:46:06.152524 [debug] [MainThread]: Connection 'model.Healthcare_360.fact_procedure' was left open.
[0m01:46:06.154543 [debug] [MainThread]: On model.Healthcare_360.fact_procedure: Close
[0m01:46:06.786907 [debug] [MainThread]: Connection 'model.Healthcare_360.cost_metrics' was left open.
[0m01:46:06.790227 [debug] [MainThread]: On model.Healthcare_360.cost_metrics: Close
[0m01:46:07.332840 [info ] [MainThread]: 
[0m01:46:07.332840 [info ] [MainThread]: Finished running 13 table models, 8 view models in 0 hours 0 minutes and 26.09 seconds (26.09s).
[0m01:46:07.355058 [debug] [MainThread]: Command end result
[0m01:46:07.564348 [debug] [MainThread]: Wrote artifact WritableManifest to C:\Learning\DBT\Healthcare_360\target\manifest.json
[0m01:46:07.576759 [debug] [MainThread]: Wrote artifact SemanticManifest to C:\Learning\DBT\Healthcare_360\target\semantic_manifest.json
[0m01:46:07.593209 [debug] [MainThread]: Wrote artifact OsiDocument to C:\Learning\DBT\Healthcare_360\target\osi_document.json
[0m01:46:07.630331 [debug] [MainThread]: Wrote artifact RunExecutionResult to C:\Learning\DBT\Healthcare_360\target\run_results.json
[0m01:46:07.630331 [info ] [MainThread]: 
[0m01:46:07.632348 [info ] [MainThread]: [31mCompleted with 3 errors, 0 partial successes, and 0 warnings:[0m
[0m01:46:07.634365 [info ] [MainThread]: 
[0m01:46:07.634365 [error] [MainThread]: [[31mERROR[0m]: in model readmission_dashboard (models\marts\readmission_dashboard.sql)
[0m01:46:07.636383 [error] [MainThread]:   Database Error in model readmission_dashboard (models\marts\readmission_dashboard.sql)
  003001 (42501): SQL access control error:
  Insufficient privileges to operate on schema 'MARTS'. Your primary role HEALTH_DWH_ROLE must have CREATE TABLE granted on SCHEMA HEALTH360_PROJECT.MARTS.
  compiled code at target\run\Healthcare_360\models\marts\readmission_dashboard.sql
[0m01:46:07.638399 [info ] [MainThread]: 
[0m01:46:07.640416 [info ] [MainThread]:   compiled code at target\compiled\Healthcare_360\models\marts\readmission_dashboard.sql
[0m01:46:07.642003 [info ] [MainThread]: 
[0m01:46:07.642003 [error] [MainThread]: [[31mERROR[0m]: in model clinical_overview (models\marts\clinical_overview.sql)
[0m01:46:07.642003 [error] [MainThread]:   Database Error in model clinical_overview (models\marts\clinical_overview.sql)
  003001 (42501): SQL access control error:
  Insufficient privileges to operate on schema 'MARTS'. Your primary role HEALTH_DWH_ROLE must have CREATE TABLE granted on SCHEMA HEALTH360_PROJECT.MARTS.
  compiled code at target\run\Healthcare_360\models\marts\clinical_overview.sql
[0m01:46:07.642003 [info ] [MainThread]: 
[0m01:46:07.650466 [info ] [MainThread]:   compiled code at target\compiled\Healthcare_360\models\marts\clinical_overview.sql
[0m01:46:07.653318 [info ] [MainThread]: 
[0m01:46:07.653318 [error] [MainThread]: [[31mERROR[0m]: in model cost_metrics (models\marts\cost_metrics.sql)
[0m01:46:07.653318 [error] [MainThread]:   Database Error in model cost_metrics (models\marts\cost_metrics.sql)
  003001 (42501): SQL access control error:
  Insufficient privileges to operate on schema 'MARTS'. Your primary role HEALTH_DWH_ROLE must have CREATE TABLE granted on SCHEMA HEALTH360_PROJECT.MARTS.
  compiled code at target\run\Healthcare_360\models\marts\cost_metrics.sql
[0m01:46:07.658699 [info ] [MainThread]: 
[0m01:46:07.661038 [info ] [MainThread]:   compiled code at target\compiled\Healthcare_360\models\marts\cost_metrics.sql
[0m01:46:07.663149 [info ] [MainThread]: 
[0m01:46:07.666967 [info ] [MainThread]: Done. PASS=18 WARN=0 ERROR=3 SKIP=0 NO-OP=0 REUSED=0 TOTAL=21
[0m01:46:07.668984 [debug] [MainThread]: Command `dbt run` failed at 01:46:07.668984 after 29.70 seconds
[0m01:46:07.668984 [debug] [MainThread]: Sending event: {'category': 'dbt', 'action': 'invocation', 'label': 'end', 'context': [<snowplow_tracker.self_describing_json.SelfDescribingJson object at 0x00000275B7C74680>, <snowplow_tracker.self_describing_json.SelfDescribingJson object at 0x00000275C28402C0>, <snowplow_tracker.self_describing_json.SelfDescribingJson object at 0x00000275B7A10B30>]}
[0m01:46:07.668984 [debug] [MainThread]: Flushing usage events
[0m01:46:08.939680 [debug] [MainThread]: An error was encountered while trying to flush usage events
[0m01:47:47.803023 [debug] [MainThread]: Sending event: {'category': 'dbt', 'action': 'invocation', 'label': 'start', 'context': [<snowplow_tracker.self_describing_json.SelfDescribingJson object at 0x0000017A5500BA10>, <snowplow_tracker.self_describing_json.SelfDescribingJson object at 0x0000017A5500B3E0>, <snowplow_tracker.self_describing_json.SelfDescribingJson object at 0x0000017A5303D1C0>]}


============================== 01:47:47.818721 | 59253f6b-0069-44e9-a4e6-05ba37176dc6 ==============================
[0m01:47:47.818721 [info ] [MainThread]: Running with dbt=1.12.4
[0m01:47:47.818721 [debug] [MainThread]: running dbt with arguments {'version_check': 'True', 'no_print': 'None', 'maximum_seed_size_mib': '1', 'target_path': 'None', 'warn_error_options': 'WarnErrorOptionsV2(error=[], warn=[], silence=[])', 'static_parser': 'True', 'printer_width': '80', 'write_json': 'True', 'introspect': 'True', 'log_cache_events': 'False', 'empty': 'False', 'cache_selected_only': 'False', 'fail_fast': 'False', 'debug': 'False', 'log_format': 'default', 'profiles_dir': 'C:\\Users\\SAIPRASANTHR\\.dbt', 'send_anonymous_usage_stats': 'True', 'quiet': 'False', 'warn_error': 'None', 'partial_parse': 'True', 'invocation_command': 'dbt run', 'hints_enabled': 'True', 'indirect_selection': 'eager', 'use_experimental_parser': 'False', 'use_colors': 'True', 'log_path': 'C:\\Learning\\DBT\\Healthcare_360\\logs'}
[0m01:47:50.365735 [debug] [MainThread]: Snowflake adapter: Setting snowflake.connector to ERROR (file logging only)
[0m01:47:50.365735 [debug] [MainThread]: Snowflake adapter: Setting botocore to ERROR (file logging only)
[0m01:47:50.365735 [debug] [MainThread]: Snowflake adapter: Setting boto3 to ERROR (file logging only)
[0m01:47:51.525791 [debug] [MainThread]: Sending event: {'category': 'dbt', 'action': 'project_id', 'label': '59253f6b-0069-44e9-a4e6-05ba37176dc6', 'context': [<snowplow_tracker.self_describing_json.SelfDescribingJson object at 0x0000017A54E33B00>]}
[0m01:47:51.726225 [debug] [MainThread]: Sending event: {'category': 'dbt', 'action': 'adapter_info', 'label': '59253f6b-0069-44e9-a4e6-05ba37176dc6', 'context': [<snowplow_tracker.self_describing_json.SelfDescribingJson object at 0x0000017A57D55610>]}
[0m01:47:51.726225 [info ] [MainThread]: Registered adapter: snowflake=1.12.0
[0m01:47:53.816187 [debug] [MainThread]: checksum: 43c1271578ffc3f5e4620ff56cb8f61de61442f145dd894dfbd4e3c7f22810bf, vars: {}, profile: health360_dbt, target: dev, version: 1.12.4
[0m01:47:54.391680 [debug] [MainThread]: Partial parsing enabled: 0 files deleted, 0 files added, 0 files changed.
[0m01:47:54.391680 [debug] [MainThread]: Nothing changed, skipping partial parsing.
[0m01:47:54.391680 [debug] [MainThread]: Partial parsing enabled, no changes found, skipping parsing
[0m01:47:54.414543 [debug] [MainThread]: Sending event: {'category': 'dbt', 'action': 'load_project', 'label': '59253f6b-0069-44e9-a4e6-05ba37176dc6', 'context': [<snowplow_tracker.self_describing_json.SelfDescribingJson object at 0x0000017A50B30E60>]}
[0m01:47:55.015266 [debug] [MainThread]: Wrote artifact WritableManifest to C:\Learning\DBT\Healthcare_360\target\manifest.json
[0m01:47:55.033112 [debug] [MainThread]: Wrote artifact SemanticManifest to C:\Learning\DBT\Healthcare_360\target\semantic_manifest.json
[0m01:47:55.102937 [debug] [MainThread]: Wrote artifact OsiDocument to C:\Learning\DBT\Healthcare_360\target\osi_document.json
[0m01:47:55.137249 [debug] [MainThread]: Sending event: {'category': 'dbt', 'action': 'resource_counts', 'label': '59253f6b-0069-44e9-a4e6-05ba37176dc6', 'context': [<snowplow_tracker.self_describing_json.SelfDescribingJson object at 0x0000017A5B103D40>]}
[0m01:47:55.140980 [info ] [MainThread]: Found 21 models, 1 snapshot, 10 data tests, 8 sources, 662 macros
[0m01:47:55.143009 [debug] [MainThread]: Sending event: {'category': 'dbt', 'action': 'runnable_timing', 'label': '59253f6b-0069-44e9-a4e6-05ba37176dc6', 'context': [<snowplow_tracker.self_describing_json.SelfDescribingJson object at 0x0000017A5B46A8D0>]}
[0m01:47:55.143341 [info ] [MainThread]: 
[0m01:47:55.143341 [info ] [MainThread]: Concurrency: 2 threads (target='dev')
[0m01:47:55.143341 [info ] [MainThread]: 
[0m01:47:55.143341 [debug] [MainThread]: Acquiring new snowflake connection 'master'
[0m01:47:55.175279 [debug] [ThreadPool]: Acquiring new snowflake connection 'list_HEALTH360_PROJECT'
[0m01:47:55.191152 [debug] [ThreadPool]: Acquiring new snowflake connection 'list_HEALTH360_PROJECT'
[0m01:47:55.242731 [debug] [ThreadPool]: Using snowflake connection "list_HEALTH360_PROJECT"
[0m01:47:55.242731 [debug] [ThreadPool]: Using snowflake connection "list_HEALTH360_PROJECT"
[0m01:47:55.242731 [debug] [ThreadPool]: On list_HEALTH360_PROJECT: show terse schemas in database HEALTH360_PROJECT
    limit 10000
/* {"app": "dbt", "dbt_version": "1.12.4", "profile_name": "health360_dbt", "target_name": "dev", "connection_name": "list_HEALTH360_PROJECT"} */
[0m01:47:55.242731 [debug] [ThreadPool]: On list_HEALTH360_PROJECT: show terse schemas in database HEALTH360_PROJECT
    limit 10000
/* {"app": "dbt", "dbt_version": "1.12.4", "profile_name": "health360_dbt", "target_name": "dev", "connection_name": "list_HEALTH360_PROJECT"} */
[0m01:47:55.253373 [debug] [ThreadPool]: Opening a new connection, currently in state init
[0m01:47:55.253373 [debug] [ThreadPool]: Opening a new connection, currently in state init
[0m01:47:57.770589 [debug] [ThreadPool]: SQL status: SUCCESS 10 in 2.528 seconds
[0m01:47:57.786928 [debug] [ThreadPool]: Using snowflake connection "list_HEALTH360_PROJECT"
[0m01:47:57.786928 [debug] [ThreadPool]: On list_HEALTH360_PROJECT: show terse schemas in database HEALTH360_PROJECT
    limit 10000
/* {"app": "dbt", "dbt_version": "1.12.4", "profile_name": "health360_dbt", "target_name": "dev", "connection_name": "list_HEALTH360_PROJECT"} */
[0m01:47:58.175006 [debug] [ThreadPool]: SQL status: SUCCESS 10 in 0.383 seconds
[0m01:47:58.282687 [debug] [ThreadPool]: SQL status: SUCCESS 10 in 3.029 seconds
[0m01:47:58.295297 [debug] [ThreadPool]: Acquiring new snowflake connection 'list_HEALTH360_PROJECT_DW'
[0m01:47:58.311124 [debug] [ThreadPool]: Acquiring new snowflake connection 'list_HEALTH360_PROJECT_MARTS'
[0m01:47:58.333414 [debug] [ThreadPool]: Using snowflake connection "list_HEALTH360_PROJECT_DW"
[0m01:47:58.336869 [debug] [ThreadPool]: Using snowflake connection "list_HEALTH360_PROJECT_MARTS"
[0m01:47:58.337887 [debug] [ThreadPool]: On list_HEALTH360_PROJECT_DW: show objects in HEALTH360_PROJECT.DW
    limit 10000
    

/* {"app": "dbt", "dbt_version": "1.12.4", "profile_name": "health360_dbt", "target_name": "dev", "connection_name": "list_HEALTH360_PROJECT_DW"} */;
[0m01:47:58.337887 [debug] [ThreadPool]: On list_HEALTH360_PROJECT_MARTS: show objects in HEALTH360_PROJECT.MARTS
    limit 10000
    

/* {"app": "dbt", "dbt_version": "1.12.4", "profile_name": "health360_dbt", "target_name": "dev", "connection_name": "list_HEALTH360_PROJECT_MARTS"} */;
[0m01:47:58.337887 [debug] [ThreadPool]: Opening a new connection, currently in state init
[0m01:47:58.337887 [debug] [ThreadPool]: Opening a new connection, currently in state init
[0m01:47:59.969786 [debug] [ThreadPool]: SQL status: SUCCESS 0 in 1.629 seconds
[0m01:47:59.993509 [debug] [ThreadPool]: Using snowflake connection "list_HEALTH360_PROJECT_MARTS"
[0m01:47:59.993509 [debug] [ThreadPool]: On list_HEALTH360_PROJECT_MARTS: show user functions in HEALTH360_PROJECT.MARTS
/* {"app": "dbt", "dbt_version": "1.12.4", "profile_name": "health360_dbt", "target_name": "dev", "connection_name": "list_HEALTH360_PROJECT_MARTS"} */
[0m01:48:00.053458 [debug] [ThreadPool]: SQL status: SUCCESS 10 in 1.713 seconds
[0m01:48:00.063259 [debug] [ThreadPool]: Using snowflake connection "list_HEALTH360_PROJECT_DW"
[0m01:48:00.063259 [debug] [ThreadPool]: On list_HEALTH360_PROJECT_DW: show user functions in HEALTH360_PROJECT.DW
/* {"app": "dbt", "dbt_version": "1.12.4", "profile_name": "health360_dbt", "target_name": "dev", "connection_name": "list_HEALTH360_PROJECT_DW"} */
[0m01:48:00.317869 [debug] [ThreadPool]: SQL status: SUCCESS 0 in 0.320 seconds
[0m01:48:00.323688 [debug] [ThreadPool]: Re-using an available connection from the pool (formerly list_HEALTH360_PROJECT_MARTS, now list_HEALTH360_PROJECT_STAGING)
[0m01:48:00.330772 [debug] [ThreadPool]: Using snowflake connection "list_HEALTH360_PROJECT_STAGING"
[0m01:48:00.332789 [debug] [ThreadPool]: On list_HEALTH360_PROJECT_STAGING: show objects in HEALTH360_PROJECT.STAGING
    limit 10000
    

/* {"app": "dbt", "dbt_version": "1.12.4", "profile_name": "health360_dbt", "target_name": "dev", "connection_name": "list_HEALTH360_PROJECT_STAGING"} */;
[0m01:48:00.401337 [debug] [ThreadPool]: SQL status: SUCCESS 0 in 0.349 seconds
[0m01:48:00.416561 [debug] [ThreadPool]: Re-using an available connection from the pool (formerly list_HEALTH360_PROJECT_DW, now list_HEALTH360_PROJECT_SNAPSHOTS)
[0m01:48:00.441527 [debug] [ThreadPool]: Using snowflake connection "list_HEALTH360_PROJECT_SNAPSHOTS"
[0m01:48:00.443659 [debug] [ThreadPool]: On list_HEALTH360_PROJECT_SNAPSHOTS: show objects in HEALTH360_PROJECT.SNAPSHOTS
    limit 10000
    

/* {"app": "dbt", "dbt_version": "1.12.4", "profile_name": "health360_dbt", "target_name": "dev", "connection_name": "list_HEALTH360_PROJECT_SNAPSHOTS"} */;
[0m01:48:00.719461 [debug] [ThreadPool]: SQL status: SUCCESS 10 in 0.386 seconds
[0m01:48:00.735166 [debug] [ThreadPool]: Using snowflake connection "list_HEALTH360_PROJECT_STAGING"
[0m01:48:00.737206 [debug] [ThreadPool]: On list_HEALTH360_PROJECT_STAGING: show user functions in HEALTH360_PROJECT.STAGING
/* {"app": "dbt", "dbt_version": "1.12.4", "profile_name": "health360_dbt", "target_name": "dev", "connection_name": "list_HEALTH360_PROJECT_STAGING"} */
[0m01:48:00.804558 [debug] [ThreadPool]: Snowflake adapter: Snowflake query id: 01c72ea1-030b-89b1-0032-3673003041f6
[0m01:48:00.806597 [debug] [ThreadPool]: Snowflake adapter: Snowflake error: 002043 (02000): SQL compilation error:
Object does not exist, or operation cannot be performed.
[0m01:48:00.806597 [debug] [ThreadPool]: Snowflake adapter: Error running SQL: macro list_relations_without_caching
[0m01:48:00.808638 [debug] [ThreadPool]: Snowflake adapter: Rolling back transaction.
[0m01:48:01.094073 [debug] [ThreadPool]: SQL status: SUCCESS 0 in 0.353 seconds
[0m01:48:01.107163 [debug] [MainThread]: Sending event: {'category': 'dbt', 'action': 'runnable_timing', 'label': '59253f6b-0069-44e9-a4e6-05ba37176dc6', 'context': [<snowplow_tracker.self_describing_json.SelfDescribingJson object at 0x0000017A5B1005C0>]}
[0m01:48:01.140682 [debug] [Thread-2 (]: Began running node model.Healthcare_360.dim_date
[0m01:48:01.146820 [debug] [Thread-3 (]: Began running node model.Healthcare_360.stg_diagnosis
[0m01:48:01.149592 [info ] [Thread-2 (]: 1 of 21 START sql table model DW.dim_date ...................................... [RUN]
[0m01:48:01.156065 [debug] [Thread-2 (]: Acquiring new snowflake connection 'model.Healthcare_360.dim_date'
[0m01:48:01.153514 [info ] [Thread-3 (]: 2 of 21 START sql view model STAGING.stg_diagnosis ............................. [RUN]
[0m01:48:01.158110 [debug] [Thread-2 (]: Began compiling node model.Healthcare_360.dim_date
[0m01:48:01.161203 [debug] [Thread-3 (]: Acquiring new snowflake connection 'model.Healthcare_360.stg_diagnosis'
[0m01:48:01.202047 [debug] [Thread-3 (]: Began compiling node model.Healthcare_360.stg_diagnosis
[0m01:48:01.234692 [debug] [Thread-3 (]: Writing injected SQL for node "model.Healthcare_360.stg_diagnosis"
[0m01:48:01.300145 [debug] [Thread-2 (]: Using snowflake connection "model.Healthcare_360.dim_date"
[0m01:48:01.307959 [debug] [Thread-2 (]: On model.Healthcare_360.dim_date: select datediff(
        day,
        cast('2015-01-01' as date),
        cast('2035-12-31' as date)
        )
/* {"app": "dbt", "dbt_version": "1.12.4", "profile_name": "health360_dbt", "target_name": "dev", "node_id": "model.Healthcare_360.dim_date"} */
[0m01:48:01.309261 [debug] [Thread-2 (]: Opening a new connection, currently in state init
[0m01:48:01.313452 [debug] [Thread-3 (]: Began executing node model.Healthcare_360.stg_diagnosis
[0m01:48:01.418959 [debug] [Thread-3 (]: Writing runtime sql for node "model.Healthcare_360.stg_diagnosis"
[0m01:48:01.422584 [debug] [Thread-3 (]: Using snowflake connection "model.Healthcare_360.stg_diagnosis"
[0m01:48:01.422584 [debug] [Thread-3 (]: On model.Healthcare_360.stg_diagnosis: create or replace   view HEALTH360_PROJECT.STAGING.stg_diagnosis
  
  
  
  
  as (
    with source as (
    select * from HEALTH360_PROJECT.RAW.diagnosis_records
),

cleaned as (
    select
        encounter_id,
        diagnosis_code,
        diagnosis_description,
        diagnosis_rank
    from source
)

select * from cleaned
  )
/* {"app": "dbt", "dbt_version": "1.12.4", "profile_name": "health360_dbt", "target_name": "dev", "node_id": "model.Healthcare_360.stg_diagnosis"} */;
[0m01:48:01.422584 [debug] [Thread-3 (]: Opening a new connection, currently in state init
[0m01:48:02.931147 [debug] [Thread-2 (]: SQL status: SUCCESS 1 in 1.621 seconds
[0m01:48:02.974458 [debug] [Thread-2 (]: Writing injected SQL for node "model.Healthcare_360.dim_date"
[0m01:48:02.979419 [debug] [Thread-2 (]: Began executing node model.Healthcare_360.dim_date
[0m01:48:03.066470 [debug] [Thread-2 (]: Writing runtime sql for node "model.Healthcare_360.dim_date"
[0m01:48:03.088955 [debug] [Thread-2 (]: Using snowflake connection "model.Healthcare_360.dim_date"
[0m01:48:03.090386 [debug] [Thread-2 (]: On model.Healthcare_360.dim_date: create or replace transient table HEALTH360_PROJECT.DW.dim_date
    
    
    
    
    

    as (

with date_spine as (
    





with rawdata as (

    

    

    with p as (
        select 0 as generated_number union all select 1
    ), unioned as (

    select

    
    p0.generated_number * power(2, 0)
     + 
    
    p1.generated_number * power(2, 1)
     + 
    
    p2.generated_number * power(2, 2)
     + 
    
    p3.generated_number * power(2, 3)
     + 
    
    p4.generated_number * power(2, 4)
     + 
    
    p5.generated_number * power(2, 5)
     + 
    
    p6.generated_number * power(2, 6)
     + 
    
    p7.generated_number * power(2, 7)
     + 
    
    p8.generated_number * power(2, 8)
     + 
    
    p9.generated_number * power(2, 9)
     + 
    
    p10.generated_number * power(2, 10)
     + 
    
    p11.generated_number * power(2, 11)
     + 
    
    p12.generated_number * power(2, 12)
    
    
    + 1
    as generated_number

    from

    
    p as p0
     cross join 
    
    p as p1
     cross join 
    
    p as p2
     cross join 
    
    p as p3
     cross join 
    
    p as p4
     cross join 
    
    p as p5
     cross join 
    
    p as p6
     cross join 
    
    p as p7
     cross join 
    
    p as p8
     cross join 
    
    p as p9
     cross join 
    
    p as p10
     cross join 
    
    p as p11
     cross join 
    
    p as p12
    
    

    )

    select *
    from unioned
    where generated_number <= 7669
    order by generated_number



),

all_periods as (

    select (
        

    dateadd(
        day,
        row_number() over (order by generated_number) - 1,
        cast('2015-01-01' as date)
        )


    ) as date_day
    from rawdata

),

filtered as (

    select *
    from all_periods
    where date_day <= cast('2035-12-31' as date)

)

select * from filtered


)

select
    to_number(to_char(date_day, 'YYYYMMDD'))                        as date_sk,
    date_day                                                         as full_date,
    day(date_day)                                                    as day,
    month(date_day)                                                  as month,
    monthname(date_day)                                              as month_name,
    quarter(date_day)                                                as quarter,
    year(date_day)                                                   as year,
    dayofweekiso(date_day)                                           as day_of_week,
    dayname(date_day)                                                as day_name,
    iff(dayofweek(date_day) in (0, 6), true, false)                  as is_weekend
from date_spine
    )

/* {"app": "dbt", "dbt_version": "1.12.4", "profile_name": "health360_dbt", "target_name": "dev", "node_id": "model.Healthcare_360.dim_date"} */;
[0m01:48:03.352024 [debug] [Thread-3 (]: SQL status: SUCCESS 1 in 1.919 seconds
[0m01:48:03.420344 [debug] [Thread-3 (]: Sending event: {'category': 'dbt', 'action': 'run_model', 'label': '59253f6b-0069-44e9-a4e6-05ba37176dc6', 'context': [<snowplow_tracker.self_describing_json.SelfDescribingJson object at 0x0000017A550C4DD0>]}
[0m01:48:03.421858 [info ] [Thread-3 (]: 2 of 21 OK created sql view model STAGING.stg_diagnosis ........................ [[32mSUCCESS 1[0m in 2.26s]
[0m01:48:03.423379 [debug] [Thread-3 (]: Finished running node model.Healthcare_360.stg_diagnosis
[0m01:48:03.424407 [debug] [Thread-3 (]: Began running node model.Healthcare_360.stg_doctors
[0m01:48:03.426616 [info ] [Thread-3 (]: 3 of 21 START sql view model STAGING.stg_doctors ............................... [RUN]
[0m01:48:03.427529 [debug] [Thread-3 (]: Re-using an available connection from the pool (formerly model.Healthcare_360.stg_diagnosis, now model.Healthcare_360.stg_doctors)
[0m01:48:03.427529 [debug] [Thread-3 (]: Began compiling node model.Healthcare_360.stg_doctors
[0m01:48:03.431905 [debug] [Thread-3 (]: Writing injected SQL for node "model.Healthcare_360.stg_doctors"
[0m01:48:03.433530 [debug] [Thread-3 (]: Began executing node model.Healthcare_360.stg_doctors
[0m01:48:03.436322 [debug] [Thread-3 (]: Writing runtime sql for node "model.Healthcare_360.stg_doctors"
[0m01:48:03.439649 [debug] [Thread-3 (]: Using snowflake connection "model.Healthcare_360.stg_doctors"
[0m01:48:03.441600 [debug] [Thread-3 (]: On model.Healthcare_360.stg_doctors: create or replace   view HEALTH360_PROJECT.STAGING.stg_doctors
  
  
  
  
  as (
    -- STG_DOCTORS in RAW currently holds facility columns.
-- Replace source table once actual doctor/provider data is loaded.
with source as (
    select * from HEALTH360_PROJECT.RAW.stg_doctors
),

cleaned as (
    select
        facility_id::varchar  as provider_id,
        facility_name         as full_name,
        null::varchar         as npi,
        null::varchar         as specialty,
        null::varchar         as department,
        facility_id::varchar  as facility_id
    from source
)

select * from cleaned
  )
/* {"app": "dbt", "dbt_version": "1.12.4", "profile_name": "health360_dbt", "target_name": "dev", "node_id": "model.Healthcare_360.stg_doctors"} */;
[0m01:48:04.020994 [debug] [Thread-3 (]: SQL status: SUCCESS 1 in 0.580 seconds
[0m01:48:04.031465 [debug] [Thread-3 (]: Sending event: {'category': 'dbt', 'action': 'run_model', 'label': '59253f6b-0069-44e9-a4e6-05ba37176dc6', 'context': [<snowplow_tracker.self_describing_json.SelfDescribingJson object at 0x0000017A5C6A7A40>]}
[0m01:48:04.031465 [info ] [Thread-3 (]: 3 of 21 OK created sql view model STAGING.stg_doctors .......................... [[32mSUCCESS 1[0m in 0.60s]
[0m01:48:04.031465 [debug] [Thread-3 (]: Finished running node model.Healthcare_360.stg_doctors
[0m01:48:04.036987 [debug] [Thread-3 (]: Began running node model.Healthcare_360.stg_encounters
[0m01:48:04.036987 [info ] [Thread-3 (]: 4 of 21 START sql view model STAGING.stg_encounters ............................ [RUN]
[0m01:48:04.039023 [debug] [Thread-3 (]: Re-using an available connection from the pool (formerly model.Healthcare_360.stg_doctors, now model.Healthcare_360.stg_encounters)
[0m01:48:04.039023 [debug] [Thread-3 (]: Began compiling node model.Healthcare_360.stg_encounters
[0m01:48:04.041804 [debug] [Thread-3 (]: Writing injected SQL for node "model.Healthcare_360.stg_encounters"
[0m01:48:04.045746 [debug] [Thread-3 (]: Began executing node model.Healthcare_360.stg_encounters
[0m01:48:04.053497 [debug] [Thread-3 (]: Writing runtime sql for node "model.Healthcare_360.stg_encounters"
[0m01:48:04.058349 [debug] [Thread-3 (]: Using snowflake connection "model.Healthcare_360.stg_encounters"
[0m01:48:04.058349 [debug] [Thread-3 (]: On model.Healthcare_360.stg_encounters: create or replace   view HEALTH360_PROJECT.STAGING.stg_encounters
  
  
  
  
  as (
    with source as (
    select * from HEALTH360_PROJECT.RAW.encounters
),

cleaned as (
    select
        encounter_id,
        patient_id,
        provider_id                           as doctor_id,
        facility_id,
        encounter_type                        as visit_type,
        encounter_date::timestamp_ntz         as admission_date,
        discharge_date::timestamp_ntz         as discharge_date,
        created_ts::timestamp_ntz             as created_at
    from source
)

select * from cleaned
  )
/* {"app": "dbt", "dbt_version": "1.12.4", "profile_name": "health360_dbt", "target_name": "dev", "node_id": "model.Healthcare_360.stg_encounters"} */;
[0m01:48:04.337693 [debug] [Thread-2 (]: SQL status: SUCCESS 7669 in 1.249 seconds
[0m01:48:04.337693 [debug] [Thread-2 (]: Sending event: {'category': 'dbt', 'action': 'run_model', 'label': '59253f6b-0069-44e9-a4e6-05ba37176dc6', 'context': [<snowplow_tracker.self_describing_json.SelfDescribingJson object at 0x0000017A5C7E7B00>]}
[0m01:48:04.337693 [info ] [Thread-2 (]: 1 of 21 OK created sql table model DW.dim_date ................................. [[32mSUCCESS 7669[0m in 3.18s]
[0m01:48:04.352851 [debug] [Thread-2 (]: Finished running node model.Healthcare_360.dim_date
[0m01:48:04.352851 [debug] [Thread-2 (]: Began running node model.Healthcare_360.stg_facilities
[0m01:48:04.352851 [info ] [Thread-2 (]: 5 of 21 START sql view model STAGING.stg_facilities ............................ [RUN]
[0m01:48:04.352851 [debug] [Thread-2 (]: Re-using an available connection from the pool (formerly model.Healthcare_360.dim_date, now model.Healthcare_360.stg_facilities)
[0m01:48:04.352851 [debug] [Thread-2 (]: Began compiling node model.Healthcare_360.stg_facilities
[0m01:48:04.352851 [debug] [Thread-2 (]: Writing injected SQL for node "model.Healthcare_360.stg_facilities"
[0m01:48:04.370402 [debug] [Thread-2 (]: Began executing node model.Healthcare_360.stg_facilities
[0m01:48:04.378832 [debug] [Thread-2 (]: Writing runtime sql for node "model.Healthcare_360.stg_facilities"
[0m01:48:04.378832 [debug] [Thread-2 (]: Using snowflake connection "model.Healthcare_360.stg_facilities"
[0m01:48:04.378832 [debug] [Thread-2 (]: On model.Healthcare_360.stg_facilities: create or replace   view HEALTH360_PROJECT.STAGING.stg_facilities
  
  
  
  
  as (
    with source as (
    select * from HEALTH360_PROJECT.RAW.facilities
),

cleaned as (
    select
        facility_id,
        facility_name,
        address,
        city,
        state
    from source
)

select * from cleaned
  )
/* {"app": "dbt", "dbt_version": "1.12.4", "profile_name": "health360_dbt", "target_name": "dev", "node_id": "model.Healthcare_360.stg_facilities"} */;
[0m01:48:04.598774 [debug] [Thread-3 (]: SQL status: SUCCESS 1 in 0.538 seconds
[0m01:48:04.604790 [debug] [Thread-3 (]: Sending event: {'category': 'dbt', 'action': 'run_model', 'label': '59253f6b-0069-44e9-a4e6-05ba37176dc6', 'context': [<snowplow_tracker.self_describing_json.SelfDescribingJson object at 0x0000017A5B4A57F0>]}
[0m01:48:04.605799 [info ] [Thread-3 (]: 4 of 21 OK created sql view model STAGING.stg_encounters ....................... [[32mSUCCESS 1[0m in 0.57s]
[0m01:48:04.606808 [debug] [Thread-3 (]: Finished running node model.Healthcare_360.stg_encounters
[0m01:48:04.606808 [debug] [Thread-3 (]: Began running node model.Healthcare_360.stg_lab_results
[0m01:48:04.606808 [info ] [Thread-3 (]: 6 of 21 START sql view model STAGING.stg_lab_results ........................... [RUN]
[0m01:48:04.611910 [debug] [Thread-3 (]: Re-using an available connection from the pool (formerly model.Healthcare_360.stg_encounters, now model.Healthcare_360.stg_lab_results)
[0m01:48:04.611910 [debug] [Thread-3 (]: Began compiling node model.Healthcare_360.stg_lab_results
[0m01:48:04.613922 [debug] [Thread-3 (]: Writing injected SQL for node "model.Healthcare_360.stg_lab_results"
[0m01:48:04.616403 [debug] [Thread-3 (]: Began executing node model.Healthcare_360.stg_lab_results
[0m01:48:04.618415 [debug] [Thread-3 (]: Writing runtime sql for node "model.Healthcare_360.stg_lab_results"
[0m01:48:04.620426 [debug] [Thread-3 (]: Using snowflake connection "model.Healthcare_360.stg_lab_results"
[0m01:48:04.622437 [debug] [Thread-3 (]: On model.Healthcare_360.stg_lab_results: create or replace   view HEALTH360_PROJECT.STAGING.stg_lab_results
  
  
  
  
  as (
    -- STG_LAB_RESULTS in RAW currently holds diagnosis columns.
-- Replace source table once actual lab results data is loaded.
with source as (
    select * from HEALTH360_PROJECT.RAW.stg_lab_results
),

cleaned as (
    select
        encounter_id,
        diagnosis_code      as test_name,
        diagnosis_description as test_result,
        null::varchar       as test_unit,
        null::varchar       as reference_range,
        null::varchar       as result_flag,
        null::date          as lab_date
    from source
)

select * from cleaned
  )
/* {"app": "dbt", "dbt_version": "1.12.4", "profile_name": "health360_dbt", "target_name": "dev", "node_id": "model.Healthcare_360.stg_lab_results"} */;
[0m01:48:04.880347 [debug] [Thread-2 (]: SQL status: SUCCESS 1 in 0.492 seconds
[0m01:48:04.880347 [debug] [Thread-2 (]: Sending event: {'category': 'dbt', 'action': 'run_model', 'label': '59253f6b-0069-44e9-a4e6-05ba37176dc6', 'context': [<snowplow_tracker.self_describing_json.SelfDescribingJson object at 0x0000017A5C778E60>]}
[0m01:48:04.880347 [info ] [Thread-2 (]: 5 of 21 OK created sql view model STAGING.stg_facilities ....................... [[32mSUCCESS 1[0m in 0.53s]
[0m01:48:04.880347 [debug] [Thread-2 (]: Finished running node model.Healthcare_360.stg_facilities
[0m01:48:04.880347 [debug] [Thread-2 (]: Began running node model.Healthcare_360.stg_patient_bills
[0m01:48:04.880347 [info ] [Thread-2 (]: 7 of 21 START sql view model STAGING.stg_patient_bills ......................... [RUN]
[0m01:48:04.896462 [debug] [Thread-2 (]: Re-using an available connection from the pool (formerly model.Healthcare_360.stg_facilities, now model.Healthcare_360.stg_patient_bills)
[0m01:48:04.896462 [debug] [Thread-2 (]: Began compiling node model.Healthcare_360.stg_patient_bills
[0m01:48:04.903751 [debug] [Thread-2 (]: Writing injected SQL for node "model.Healthcare_360.stg_patient_bills"
[0m01:48:04.908192 [debug] [Thread-2 (]: Began executing node model.Healthcare_360.stg_patient_bills
[0m01:48:04.909479 [debug] [Thread-2 (]: Writing runtime sql for node "model.Healthcare_360.stg_patient_bills"
[0m01:48:04.909479 [debug] [Thread-2 (]: Using snowflake connection "model.Healthcare_360.stg_patient_bills"
[0m01:48:04.909479 [debug] [Thread-2 (]: On model.Healthcare_360.stg_patient_bills: create or replace   view HEALTH360_PROJECT.STAGING.stg_patient_bills
  
  
  
  
  as (
    with source as (
    select * from HEALTH360_PROJECT.RAW.patient_bills
),

cleaned as (
    select
        claim_id,
        encounter_id,
        billed_amount,
        allowed_amount,
        paid_amount,
        insurer,
        claim_status,
        claim_date::date as claim_date
    from source
)

select * from cleaned
  )
/* {"app": "dbt", "dbt_version": "1.12.4", "profile_name": "health360_dbt", "target_name": "dev", "node_id": "model.Healthcare_360.stg_patient_bills"} */;
[0m01:48:05.187172 [debug] [Thread-3 (]: SQL status: SUCCESS 1 in 0.564 seconds
[0m01:48:05.193236 [debug] [Thread-3 (]: Sending event: {'category': 'dbt', 'action': 'run_model', 'label': '59253f6b-0069-44e9-a4e6-05ba37176dc6', 'context': [<snowplow_tracker.self_describing_json.SelfDescribingJson object at 0x0000017A5C7DB2C0>]}
[0m01:48:05.196284 [info ] [Thread-3 (]: 6 of 21 OK created sql view model STAGING.stg_lab_results ...................... [[32mSUCCESS 1[0m in 0.58s]
[0m01:48:05.198583 [debug] [Thread-3 (]: Finished running node model.Healthcare_360.stg_lab_results
[0m01:48:05.200611 [debug] [Thread-3 (]: Began running node model.Healthcare_360.stg_patients
[0m01:48:05.202635 [info ] [Thread-3 (]: 8 of 21 START sql view model STAGING.stg_patients .............................. [RUN]
[0m01:48:05.204655 [debug] [Thread-3 (]: Re-using an available connection from the pool (formerly model.Healthcare_360.stg_lab_results, now model.Healthcare_360.stg_patients)
[0m01:48:05.206674 [debug] [Thread-3 (]: Began compiling node model.Healthcare_360.stg_patients
[0m01:48:05.211028 [debug] [Thread-3 (]: Writing injected SQL for node "model.Healthcare_360.stg_patients"
[0m01:48:05.214344 [debug] [Thread-3 (]: Began executing node model.Healthcare_360.stg_patients
[0m01:48:05.221378 [debug] [Thread-3 (]: Writing runtime sql for node "model.Healthcare_360.stg_patients"
[0m01:48:05.224169 [debug] [Thread-3 (]: Using snowflake connection "model.Healthcare_360.stg_patients"
[0m01:48:05.226692 [debug] [Thread-3 (]: On model.Healthcare_360.stg_patients: create or replace   view HEALTH360_PROJECT.STAGING.stg_patients
  
  
  
  
  as (
    with source as (
    select * from HEALTH360_PROJECT.RAW.patients
),

cleaned as (
    select
        patient_id,
        first_name,
        last_name,
        first_name || ' ' || last_name   as full_name,
        dob::date                         as dob,
        gender,
        race,
        address,
        city,
        state,
        zip,
        created_ts::timestamp_ntz         as created_at
    from source
)

select * from cleaned
  )
/* {"app": "dbt", "dbt_version": "1.12.4", "profile_name": "health360_dbt", "target_name": "dev", "node_id": "model.Healthcare_360.stg_patients"} */;
[0m01:48:05.433138 [debug] [Thread-2 (]: SQL status: SUCCESS 1 in 0.512 seconds
[0m01:48:05.440975 [debug] [Thread-2 (]: Sending event: {'category': 'dbt', 'action': 'run_model', 'label': '59253f6b-0069-44e9-a4e6-05ba37176dc6', 'context': [<snowplow_tracker.self_describing_json.SelfDescribingJson object at 0x0000017A5C7DABD0>]}
[0m01:48:05.445015 [info ] [Thread-2 (]: 7 of 21 OK created sql view model STAGING.stg_patient_bills .................... [[32mSUCCESS 1[0m in 0.54s]
[0m01:48:05.447037 [debug] [Thread-2 (]: Finished running node model.Healthcare_360.stg_patient_bills
[0m01:48:05.450354 [debug] [Thread-2 (]: Began running node model.Healthcare_360.stg_procedures
[0m01:48:05.452375 [info ] [Thread-2 (]: 9 of 21 START sql view model STAGING.stg_procedures ............................ [RUN]
[0m01:48:05.454392 [debug] [Thread-2 (]: Re-using an available connection from the pool (formerly model.Healthcare_360.stg_patient_bills, now model.Healthcare_360.stg_procedures)
[0m01:48:05.455650 [debug] [Thread-2 (]: Began compiling node model.Healthcare_360.stg_procedures
[0m01:48:05.461037 [debug] [Thread-2 (]: Writing injected SQL for node "model.Healthcare_360.stg_procedures"
[0m01:48:05.465086 [debug] [Thread-2 (]: Began executing node model.Healthcare_360.stg_procedures
[0m01:48:05.472666 [debug] [Thread-2 (]: Writing runtime sql for node "model.Healthcare_360.stg_procedures"
[0m01:48:05.478174 [debug] [Thread-2 (]: Using snowflake connection "model.Healthcare_360.stg_procedures"
[0m01:48:05.478174 [debug] [Thread-2 (]: On model.Healthcare_360.stg_procedures: create or replace   view HEALTH360_PROJECT.STAGING.stg_procedures
  
  
  
  
  as (
    with source as (
    select * from HEALTH360_PROJECT.RAW.procedures
),

cleaned as (
    select
        encounter_id,
        procedure_code,
        procedure_description,
        procedure_date::date as procedure_date
    from source
)

select * from cleaned
  )
/* {"app": "dbt", "dbt_version": "1.12.4", "profile_name": "health360_dbt", "target_name": "dev", "node_id": "model.Healthcare_360.stg_procedures"} */;
[0m01:48:05.904218 [debug] [Thread-3 (]: SQL status: SUCCESS 1 in 0.676 seconds
[0m01:48:05.912553 [debug] [Thread-3 (]: Sending event: {'category': 'dbt', 'action': 'run_model', 'label': '59253f6b-0069-44e9-a4e6-05ba37176dc6', 'context': [<snowplow_tracker.self_describing_json.SelfDescribingJson object at 0x0000017A5C6E7050>]}
[0m01:48:05.916921 [info ] [Thread-3 (]: 8 of 21 OK created sql view model STAGING.stg_patients ......................... [[32mSUCCESS 1[0m in 0.71s]
[0m01:48:05.920793 [debug] [Thread-3 (]: Finished running node model.Healthcare_360.stg_patients
[0m01:48:05.922815 [debug] [Thread-3 (]: Began running node model.Healthcare_360.dim_diagnosis
[0m01:48:05.924594 [info ] [Thread-3 (]: 10 of 21 START sql table model DW.dim_diagnosis ................................ [RUN]
[0m01:48:05.927162 [debug] [Thread-3 (]: Re-using an available connection from the pool (formerly model.Healthcare_360.stg_patients, now model.Healthcare_360.dim_diagnosis)
[0m01:48:05.929934 [debug] [Thread-3 (]: Began compiling node model.Healthcare_360.dim_diagnosis
[0m01:48:05.978585 [debug] [Thread-3 (]: Writing injected SQL for node "model.Healthcare_360.dim_diagnosis"
[0m01:48:05.978585 [debug] [Thread-3 (]: Began executing node model.Healthcare_360.dim_diagnosis
[0m01:48:05.991323 [debug] [Thread-3 (]: Writing runtime sql for node "model.Healthcare_360.dim_diagnosis"
[0m01:48:05.991323 [debug] [Thread-3 (]: Using snowflake connection "model.Healthcare_360.dim_diagnosis"
[0m01:48:05.991323 [debug] [Thread-3 (]: On model.Healthcare_360.dim_diagnosis: create or replace transient table HEALTH360_PROJECT.DW.dim_diagnosis
    
    
    
    
    

    as (with stg as (
    select distinct
        diagnosis_code,
        diagnosis_description
    from HEALTH360_PROJECT.STAGING.stg_diagnosis
)

select
    md5(cast(coalesce(cast(diagnosis_code as TEXT), '_dbt_utils_surrogate_key_null_') as TEXT)) as diagnosis_sk,
    diagnosis_code,
    diagnosis_description                                       as description,
    'ICD-10'                                                    as icd_version
from stg
    )

/* {"app": "dbt", "dbt_version": "1.12.4", "profile_name": "health360_dbt", "target_name": "dev", "node_id": "model.Healthcare_360.dim_diagnosis"} */;
[0m01:48:06.001102 [debug] [Thread-2 (]: SQL status: SUCCESS 1 in 0.520 seconds
[0m01:48:06.001102 [debug] [Thread-2 (]: Sending event: {'category': 'dbt', 'action': 'run_model', 'label': '59253f6b-0069-44e9-a4e6-05ba37176dc6', 'context': [<snowplow_tracker.self_describing_json.SelfDescribingJson object at 0x0000017A5C7B9670>]}
[0m01:48:06.008415 [info ] [Thread-2 (]: 9 of 21 OK created sql view model STAGING.stg_procedures ....................... [[32mSUCCESS 1[0m in 0.55s]
[0m01:48:06.008415 [debug] [Thread-2 (]: Finished running node model.Healthcare_360.stg_procedures
[0m01:48:06.011420 [debug] [Thread-2 (]: Began running node model.Healthcare_360.dim_facility
[0m01:48:06.011420 [info ] [Thread-2 (]: 11 of 21 START sql table model DW.dim_facility ................................. [RUN]
[0m01:48:06.013343 [debug] [Thread-2 (]: Re-using an available connection from the pool (formerly model.Healthcare_360.stg_procedures, now model.Healthcare_360.dim_facility)
[0m01:48:06.013343 [debug] [Thread-2 (]: Began compiling node model.Healthcare_360.dim_facility
[0m01:48:06.015475 [debug] [Thread-2 (]: Writing injected SQL for node "model.Healthcare_360.dim_facility"
[0m01:48:06.024976 [debug] [Thread-2 (]: Began executing node model.Healthcare_360.dim_facility
[0m01:48:06.026550 [debug] [Thread-2 (]: Writing runtime sql for node "model.Healthcare_360.dim_facility"
[0m01:48:06.033346 [debug] [Thread-2 (]: Using snowflake connection "model.Healthcare_360.dim_facility"
[0m01:48:06.033346 [debug] [Thread-2 (]: On model.Healthcare_360.dim_facility: create or replace transient table HEALTH360_PROJECT.DW.dim_facility
    
    
    
    
    

    as (with stg as (
    select * from HEALTH360_PROJECT.STAGING.stg_facilities
)

select
    md5(cast(coalesce(cast(facility_id as TEXT), '_dbt_utils_surrogate_key_null_') as TEXT)) as facility_sk,
    facility_id,
    facility_name,
    address,
    city,
    state
from stg
    )

/* {"app": "dbt", "dbt_version": "1.12.4", "profile_name": "health360_dbt", "target_name": "dev", "node_id": "model.Healthcare_360.dim_facility"} */;
[0m01:48:07.035953 [debug] [Thread-2 (]: SQL status: SUCCESS 100 in 0.999 seconds
[0m01:48:07.043799 [debug] [Thread-2 (]: Sending event: {'category': 'dbt', 'action': 'run_model', 'label': '59253f6b-0069-44e9-a4e6-05ba37176dc6', 'context': [<snowplow_tracker.self_describing_json.SelfDescribingJson object at 0x0000017A5C6D0290>]}
[0m01:48:07.043799 [info ] [Thread-2 (]: 11 of 21 OK created sql table model DW.dim_facility ............................ [[32mSUCCESS 100[0m in 1.03s]
[0m01:48:07.043799 [debug] [Thread-2 (]: Finished running node model.Healthcare_360.dim_facility
[0m01:48:07.043799 [debug] [Thread-2 (]: Began running node model.Healthcare_360.dim_patient
[0m01:48:07.043799 [info ] [Thread-2 (]: 12 of 21 START sql table model DW.dim_patient .................................. [RUN]
[0m01:48:07.057482 [debug] [Thread-2 (]: Re-using an available connection from the pool (formerly model.Healthcare_360.dim_facility, now model.Healthcare_360.dim_patient)
[0m01:48:07.058885 [debug] [Thread-2 (]: Began compiling node model.Healthcare_360.dim_patient
[0m01:48:07.069870 [debug] [Thread-2 (]: Writing injected SQL for node "model.Healthcare_360.dim_patient"
[0m01:48:07.075577 [debug] [Thread-2 (]: Began executing node model.Healthcare_360.dim_patient
[0m01:48:07.077232 [debug] [Thread-2 (]: Writing runtime sql for node "model.Healthcare_360.dim_patient"
[0m01:48:07.088887 [debug] [Thread-2 (]: Using snowflake connection "model.Healthcare_360.dim_patient"
[0m01:48:07.088887 [debug] [Thread-2 (]: On model.Healthcare_360.dim_patient: create or replace transient table HEALTH360_PROJECT.DW.dim_patient
    
    
    
    
    

    as (with stg as (
    select * from HEALTH360_PROJECT.STAGING.stg_patients
)

select
    md5(cast(coalesce(cast(patient_id as TEXT), '_dbt_utils_surrogate_key_null_') as TEXT)) as patient_sk,
    patient_id,
    full_name,
    dob,
    gender,
    race,
    city,
    state,
    zip,
    current_date()              as effective_start_dt,
    null::date                  as effective_end_dt,
    true                        as is_current
from stg
    )

/* {"app": "dbt", "dbt_version": "1.12.4", "profile_name": "health360_dbt", "target_name": "dev", "node_id": "model.Healthcare_360.dim_patient"} */;
[0m01:48:07.787597 [debug] [Thread-3 (]: SQL status: SUCCESS 7 in 1.791 seconds
[0m01:48:07.797702 [debug] [Thread-3 (]: Sending event: {'category': 'dbt', 'action': 'run_model', 'label': '59253f6b-0069-44e9-a4e6-05ba37176dc6', 'context': [<snowplow_tracker.self_describing_json.SelfDescribingJson object at 0x0000017A5C6320C0>]}
[0m01:48:07.800650 [info ] [Thread-3 (]: 10 of 21 OK created sql table model DW.dim_diagnosis ........................... [[32mSUCCESS 7[0m in 1.87s]
[0m01:48:07.803610 [debug] [Thread-3 (]: Finished running node model.Healthcare_360.dim_diagnosis
[0m01:48:07.805630 [debug] [Thread-3 (]: Began running node model.Healthcare_360.dim_procedure
[0m01:48:07.805630 [info ] [Thread-3 (]: 13 of 21 START sql table model DW.dim_procedure ................................ [RUN]
[0m01:48:07.805630 [debug] [Thread-3 (]: Re-using an available connection from the pool (formerly model.Healthcare_360.dim_diagnosis, now model.Healthcare_360.dim_procedure)
[0m01:48:07.810605 [debug] [Thread-3 (]: Began compiling node model.Healthcare_360.dim_procedure
[0m01:48:07.823205 [debug] [Thread-3 (]: Writing injected SQL for node "model.Healthcare_360.dim_procedure"
[0m01:48:07.826486 [debug] [Thread-3 (]: Began executing node model.Healthcare_360.dim_procedure
[0m01:48:07.833511 [debug] [Thread-3 (]: Writing runtime sql for node "model.Healthcare_360.dim_procedure"
[0m01:48:07.837574 [debug] [Thread-3 (]: Using snowflake connection "model.Healthcare_360.dim_procedure"
[0m01:48:07.837574 [debug] [Thread-3 (]: On model.Healthcare_360.dim_procedure: create or replace transient table HEALTH360_PROJECT.DW.dim_procedure
    
    
    
    
    

    as (with stg as (
    select distinct
        procedure_code,
        procedure_description
    from HEALTH360_PROJECT.STAGING.stg_procedures
)

select
    md5(cast(coalesce(cast(procedure_code as TEXT), '_dbt_utils_surrogate_key_null_') as TEXT)) as procedure_sk,
    procedure_code,
    procedure_description                                       as description
from stg
    )

/* {"app": "dbt", "dbt_version": "1.12.4", "profile_name": "health360_dbt", "target_name": "dev", "node_id": "model.Healthcare_360.dim_procedure"} */;
[0m01:48:08.351070 [debug] [Thread-2 (]: SQL status: SUCCESS 20000 in 1.258 seconds
[0m01:48:08.357100 [debug] [Thread-2 (]: Sending event: {'category': 'dbt', 'action': 'run_model', 'label': '59253f6b-0069-44e9-a4e6-05ba37176dc6', 'context': [<snowplow_tracker.self_describing_json.SelfDescribingJson object at 0x0000017A5C6D05F0>]}
[0m01:48:08.361117 [info ] [Thread-2 (]: 12 of 21 OK created sql table model DW.dim_patient ............................. [[32mSUCCESS 20000[0m in 1.30s]
[0m01:48:08.362877 [debug] [Thread-2 (]: Finished running node model.Healthcare_360.dim_patient
[0m01:48:08.362877 [debug] [Thread-2 (]: Began running node model.Healthcare_360.dim_provider
[0m01:48:08.366510 [info ] [Thread-2 (]: 14 of 21 START sql table model DW.dim_provider ................................. [RUN]
[0m01:48:08.366510 [debug] [Thread-2 (]: Re-using an available connection from the pool (formerly model.Healthcare_360.dim_patient, now model.Healthcare_360.dim_provider)
[0m01:48:08.366510 [debug] [Thread-2 (]: Began compiling node model.Healthcare_360.dim_provider
[0m01:48:08.376726 [debug] [Thread-2 (]: Writing injected SQL for node "model.Healthcare_360.dim_provider"
[0m01:48:08.376726 [debug] [Thread-2 (]: Began executing node model.Healthcare_360.dim_provider
[0m01:48:08.386115 [debug] [Thread-2 (]: Writing runtime sql for node "model.Healthcare_360.dim_provider"
[0m01:48:08.386115 [debug] [Thread-2 (]: Using snowflake connection "model.Healthcare_360.dim_provider"
[0m01:48:08.391312 [debug] [Thread-2 (]: On model.Healthcare_360.dim_provider: create or replace transient table HEALTH360_PROJECT.DW.dim_provider
    
    
    
    
    

    as (with stg as (
    select * from HEALTH360_PROJECT.STAGING.stg_doctors
),

fac as (
    select facility_sk, facility_id
    from HEALTH360_PROJECT.DW.dim_facility
)

select
    md5(cast(coalesce(cast(s.provider_id as TEXT), '_dbt_utils_surrogate_key_null_') as TEXT)) as provider_sk,
    s.provider_id,
    s.npi,
    s.full_name,
    s.specialty,
    s.department,
    f.facility_sk
from stg s
left join fac f on s.facility_id = f.facility_id
    )

/* {"app": "dbt", "dbt_version": "1.12.4", "profile_name": "health360_dbt", "target_name": "dev", "node_id": "model.Healthcare_360.dim_provider"} */;
[0m01:48:08.881800 [debug] [Thread-3 (]: SQL status: SUCCESS 5 in 1.042 seconds
[0m01:48:08.889883 [debug] [Thread-3 (]: Sending event: {'category': 'dbt', 'action': 'run_model', 'label': '59253f6b-0069-44e9-a4e6-05ba37176dc6', 'context': [<snowplow_tracker.self_describing_json.SelfDescribingJson object at 0x0000017A5C633020>]}
[0m01:48:08.891904 [info ] [Thread-3 (]: 13 of 21 OK created sql table model DW.dim_procedure ........................... [[32mSUCCESS 5[0m in 1.08s]
[0m01:48:08.893669 [debug] [Thread-3 (]: Finished running node model.Healthcare_360.dim_procedure
[0m01:48:09.582028 [debug] [Thread-2 (]: SQL status: SUCCESS 100 in 1.193 seconds
[0m01:48:09.582028 [debug] [Thread-2 (]: Sending event: {'category': 'dbt', 'action': 'run_model', 'label': '59253f6b-0069-44e9-a4e6-05ba37176dc6', 'context': [<snowplow_tracker.self_describing_json.SelfDescribingJson object at 0x0000017A5AE89250>]}
[0m01:48:09.582028 [info ] [Thread-2 (]: 14 of 21 OK created sql table model DW.dim_provider ............................ [[32mSUCCESS 100[0m in 1.22s]
[0m01:48:09.595551 [debug] [Thread-2 (]: Finished running node model.Healthcare_360.dim_provider
[0m01:48:09.597575 [debug] [Thread-3 (]: Began running node model.Healthcare_360.fact_encounter
[0m01:48:09.597575 [info ] [Thread-3 (]: 15 of 21 START sql table model DW.fact_encounter ............................... [RUN]
[0m01:48:09.597575 [debug] [Thread-3 (]: Re-using an available connection from the pool (formerly model.Healthcare_360.dim_procedure, now model.Healthcare_360.fact_encounter)
[0m01:48:09.597575 [debug] [Thread-3 (]: Began compiling node model.Healthcare_360.fact_encounter
[0m01:48:09.614451 [debug] [Thread-3 (]: Writing injected SQL for node "model.Healthcare_360.fact_encounter"
[0m01:48:09.619449 [debug] [Thread-3 (]: Began executing node model.Healthcare_360.fact_encounter
[0m01:48:09.624840 [debug] [Thread-3 (]: Writing runtime sql for node "model.Healthcare_360.fact_encounter"
[0m01:48:09.629776 [debug] [Thread-3 (]: Using snowflake connection "model.Healthcare_360.fact_encounter"
[0m01:48:09.631793 [debug] [Thread-3 (]: On model.Healthcare_360.fact_encounter: create or replace transient table HEALTH360_PROJECT.DW.fact_encounter
    
    
    
    
    

    as (with enc as (
    select * from HEALTH360_PROJECT.STAGING.stg_encounters
),

dim_pat  as (select patient_sk,  patient_id  from HEALTH360_PROJECT.DW.dim_patient),
dim_prov as (select provider_sk, provider_id from HEALTH360_PROJECT.DW.dim_provider),
dim_fac  as (select facility_sk, facility_id from HEALTH360_PROJECT.DW.dim_facility),
dim_d    as (select date_sk,     full_date   from HEALTH360_PROJECT.DW.dim_date)

select
    md5(cast(coalesce(cast(enc.encounter_id as TEXT), '_dbt_utils_surrogate_key_null_') as TEXT))  as encounter_sk,
    enc.encounter_id,
    dp.patient_sk,
    dpr.provider_sk,
    df.facility_sk,
    dd_adm.date_sk                                                as encounter_date_sk,
    dd_dis.date_sk                                                as discharge_date_sk,
    enc.visit_type                                                as encounter_type,
    datediff('day',
        enc.admission_date::date,
        enc.discharge_date::date)                                 as length_of_stay
from enc
left join dim_pat  dp  on enc.patient_id   = dp.patient_id
left join dim_prov dpr on enc.doctor_id    = dpr.provider_id
left join dim_fac  df  on enc.facility_id  = df.facility_id
left join dim_d    dd_adm on enc.admission_date::date  = dd_adm.full_date
left join dim_d    dd_dis on enc.discharge_date::date  = dd_dis.full_date
    )

/* {"app": "dbt", "dbt_version": "1.12.4", "profile_name": "health360_dbt", "target_name": "dev", "node_id": "model.Healthcare_360.fact_encounter"} */;
[0m01:48:11.942038 [debug] [Thread-3 (]: SQL status: SUCCESS 100000 in 2.314 seconds
[0m01:48:11.951612 [debug] [Thread-3 (]: Sending event: {'category': 'dbt', 'action': 'run_model', 'label': '59253f6b-0069-44e9-a4e6-05ba37176dc6', 'context': [<snowplow_tracker.self_describing_json.SelfDescribingJson object at 0x0000017A5C6D0710>]}
[0m01:48:11.951612 [info ] [Thread-3 (]: 15 of 21 OK created sql table model DW.fact_encounter .......................... [[32mSUCCESS 100000[0m in 2.35s]
[0m01:48:11.964254 [debug] [Thread-3 (]: Finished running node model.Healthcare_360.fact_encounter
[0m01:48:11.966314 [debug] [Thread-2 (]: Began running node model.Healthcare_360.fact_claim
[0m01:48:11.966314 [debug] [Thread-3 (]: Began running node model.Healthcare_360.fact_diagnosis
[0m01:48:11.976065 [info ] [Thread-2 (]: 16 of 21 START sql table model DW.fact_claim ................................... [RUN]
[0m01:48:11.985810 [debug] [Thread-2 (]: Re-using an available connection from the pool (formerly model.Healthcare_360.dim_provider, now model.Healthcare_360.fact_claim)
[0m01:48:11.979885 [info ] [Thread-3 (]: 17 of 21 START sql table model DW.fact_diagnosis ............................... [RUN]
[0m01:48:11.987475 [debug] [Thread-2 (]: Began compiling node model.Healthcare_360.fact_claim
[0m01:48:11.994048 [debug] [Thread-3 (]: Re-using an available connection from the pool (formerly model.Healthcare_360.fact_encounter, now model.Healthcare_360.fact_diagnosis)
[0m01:48:12.002606 [debug] [Thread-3 (]: Began compiling node model.Healthcare_360.fact_diagnosis
[0m01:48:12.012386 [debug] [Thread-3 (]: Writing injected SQL for node "model.Healthcare_360.fact_diagnosis"
[0m01:48:12.012386 [debug] [Thread-2 (]: Writing injected SQL for node "model.Healthcare_360.fact_claim"
[0m01:48:12.027891 [debug] [Thread-3 (]: Began executing node model.Healthcare_360.fact_diagnosis
[0m01:48:12.027891 [debug] [Thread-3 (]: Writing runtime sql for node "model.Healthcare_360.fact_diagnosis"
[0m01:48:12.027891 [debug] [Thread-2 (]: Began executing node model.Healthcare_360.fact_claim
[0m01:48:12.041909 [debug] [Thread-2 (]: Writing runtime sql for node "model.Healthcare_360.fact_claim"
[0m01:48:12.041909 [debug] [Thread-3 (]: Using snowflake connection "model.Healthcare_360.fact_diagnosis"
[0m01:48:12.050073 [debug] [Thread-3 (]: On model.Healthcare_360.fact_diagnosis: create or replace transient table HEALTH360_PROJECT.DW.fact_diagnosis
    
    
    
    
    

    as (with diag as (
    select * from HEALTH360_PROJECT.STAGING.stg_diagnosis
),

enc_sk as (
    select encounter_sk, encounter_id from HEALTH360_PROJECT.DW.fact_encounter
),

dim_diag as (
    select diagnosis_sk, diagnosis_code from HEALTH360_PROJECT.DW.dim_diagnosis
)

select
    e.encounter_sk,
    d.diagnosis_sk,
    diag.diagnosis_rank
from diag
left join enc_sk  e on diag.encounter_id  = e.encounter_id
left join dim_diag d on diag.diagnosis_code = d.diagnosis_code
    )

/* {"app": "dbt", "dbt_version": "1.12.4", "profile_name": "health360_dbt", "target_name": "dev", "node_id": "model.Healthcare_360.fact_diagnosis"} */;
[0m01:48:12.051629 [debug] [Thread-2 (]: Using snowflake connection "model.Healthcare_360.fact_claim"
[0m01:48:12.058554 [debug] [Thread-2 (]: On model.Healthcare_360.fact_claim: create or replace transient table HEALTH360_PROJECT.DW.fact_claim
    
    
    
    
    

    as (with bills as (
    select * from HEALTH360_PROJECT.STAGING.stg_patient_bills
),

enc_sk as (
    select encounter_sk, encounter_id from HEALTH360_PROJECT.DW.fact_encounter
),

dim_d as (
    select date_sk, full_date from HEALTH360_PROJECT.DW.dim_date
)

select
    md5(cast(coalesce(cast(bills.claim_id as TEXT), '_dbt_utils_surrogate_key_null_') as TEXT)) as claim_sk,
    bills.claim_id,
    e.encounter_sk,
    bills.insurer,
    d.date_sk                                                  as claim_date_sk,
    bills.billed_amount,
    bills.allowed_amount,
    bills.paid_amount,
    bills.claim_status
from bills
left join enc_sk e on bills.encounter_id = e.encounter_id
left join dim_d  d on bills.claim_date   = d.full_date
    )

/* {"app": "dbt", "dbt_version": "1.12.4", "profile_name": "health360_dbt", "target_name": "dev", "node_id": "model.Healthcare_360.fact_claim"} */;
[0m01:48:13.757311 [debug] [Thread-3 (]: SQL status: SUCCESS 100000 in 1.707 seconds
[0m01:48:13.769053 [debug] [Thread-3 (]: Sending event: {'category': 'dbt', 'action': 'run_model', 'label': '59253f6b-0069-44e9-a4e6-05ba37176dc6', 'context': [<snowplow_tracker.self_describing_json.SelfDescribingJson object at 0x0000017A5C6C3DD0>]}
[0m01:48:13.771095 [info ] [Thread-3 (]: 17 of 21 OK created sql table model DW.fact_diagnosis .......................... [[32mSUCCESS 100000[0m in 1.78s]
[0m01:48:13.775182 [debug] [Thread-3 (]: Finished running node model.Healthcare_360.fact_diagnosis
[0m01:48:13.776960 [debug] [Thread-3 (]: Began running node model.Healthcare_360.fact_procedure
[0m01:48:13.780315 [info ] [Thread-3 (]: 18 of 21 START sql table model DW.fact_procedure ............................... [RUN]
[0m01:48:13.782341 [debug] [Thread-3 (]: Re-using an available connection from the pool (formerly model.Healthcare_360.fact_diagnosis, now model.Healthcare_360.fact_procedure)
[0m01:48:13.784373 [debug] [Thread-3 (]: Began compiling node model.Healthcare_360.fact_procedure
[0m01:48:13.792691 [debug] [Thread-3 (]: Writing injected SQL for node "model.Healthcare_360.fact_procedure"
[0m01:48:13.792691 [debug] [Thread-2 (]: SQL status: SUCCESS 100000 in 1.742 seconds
[0m01:48:13.804691 [debug] [Thread-2 (]: Sending event: {'category': 'dbt', 'action': 'run_model', 'label': '59253f6b-0069-44e9-a4e6-05ba37176dc6', 'context': [<snowplow_tracker.self_describing_json.SelfDescribingJson object at 0x0000017A5C7D9850>]}
[0m01:48:13.808602 [debug] [Thread-3 (]: Began executing node model.Healthcare_360.fact_procedure
[0m01:48:13.808602 [info ] [Thread-2 (]: 16 of 21 OK created sql table model DW.fact_claim .............................. [[32mSUCCESS 100000[0m in 1.82s]
[0m01:48:13.819211 [debug] [Thread-3 (]: Writing runtime sql for node "model.Healthcare_360.fact_procedure"
[0m01:48:13.820776 [debug] [Thread-2 (]: Finished running node model.Healthcare_360.fact_claim
[0m01:48:13.820776 [debug] [Thread-2 (]: Began running node model.Healthcare_360.readmission_dashboard
[0m01:48:13.820776 [info ] [Thread-2 (]: 19 of 21 START sql table model MARTS.readmission_dashboard ..................... [RUN]
[0m01:48:13.824516 [debug] [Thread-2 (]: Re-using an available connection from the pool (formerly model.Healthcare_360.fact_claim, now model.Healthcare_360.readmission_dashboard)
[0m01:48:13.828506 [debug] [Thread-2 (]: Began compiling node model.Healthcare_360.readmission_dashboard
[0m01:48:13.836743 [debug] [Thread-2 (]: Writing injected SQL for node "model.Healthcare_360.readmission_dashboard"
[0m01:48:13.836743 [debug] [Thread-3 (]: Using snowflake connection "model.Healthcare_360.fact_procedure"
[0m01:48:13.836743 [debug] [Thread-3 (]: On model.Healthcare_360.fact_procedure: create or replace transient table HEALTH360_PROJECT.DW.fact_procedure
    
    
    
    
    

    as (with proc as (
    select * from HEALTH360_PROJECT.STAGING.stg_procedures
),

enc_sk as (
    select encounter_sk, encounter_id from HEALTH360_PROJECT.DW.fact_encounter
),

dim_proc as (
    select procedure_sk, procedure_code from HEALTH360_PROJECT.DW.dim_procedure
),

dim_d as (
    select date_sk, full_date from HEALTH360_PROJECT.DW.dim_date
)

select
    e.encounter_sk,
    p.procedure_sk,
    d.date_sk   as procedure_date_sk,
    proc.procedure_date
from proc
left join enc_sk  e on proc.encounter_id   = e.encounter_id
left join dim_proc p on proc.procedure_code = p.procedure_code
left join dim_d    d on proc.procedure_date  = d.full_date
    )

/* {"app": "dbt", "dbt_version": "1.12.4", "profile_name": "health360_dbt", "target_name": "dev", "node_id": "model.Healthcare_360.fact_procedure"} */;
[0m01:48:13.846580 [debug] [Thread-2 (]: Began executing node model.Healthcare_360.readmission_dashboard
[0m01:48:13.846580 [debug] [Thread-2 (]: Writing runtime sql for node "model.Healthcare_360.readmission_dashboard"
[0m01:48:13.859857 [debug] [Thread-2 (]: Using snowflake connection "model.Healthcare_360.readmission_dashboard"
[0m01:48:13.859857 [debug] [Thread-2 (]: On model.Healthcare_360.readmission_dashboard: create or replace transient table HEALTH360_PROJECT.MARTS.readmission_dashboard
    
    
    
    
    

    as (with encounters as (
    select * from HEALTH360_PROJECT.DW.fact_encounter
),

patients as (
    select * from HEALTH360_PROJECT.DW.dim_patient
),

dim_d as (
    select date_sk, full_date from HEALTH360_PROJECT.DW.dim_date
),

-- attach real dates to each encounter
encounter_dates as (
    select
        e.encounter_sk,
        e.encounter_id,
        e.patient_sk,
        e.encounter_type,
        e.length_of_stay,
        d_adm.full_date as encounter_date,
        d_dis.full_date as discharge_date
    from encounters e
    left join dim_d d_adm on e.encounter_date_sk  = d_adm.date_sk
    left join dim_d d_dis on e.discharge_date_sk  = d_dis.date_sk
),

-- self-join to find next admission within 30 days of discharge
readmissions as (
    select
        a.encounter_sk,
        a.patient_sk,
        a.encounter_date,
        a.discharge_date,
        a.length_of_stay,
        b.encounter_date                                          as readmit_date,
        datediff('day', a.discharge_date, b.encounter_date)      as days_to_readmit
    from encounter_dates a
    join encounter_dates b
        on  a.patient_sk      = b.patient_sk
        and b.encounter_date  > a.discharge_date
        and datediff('day', a.discharge_date, b.encounter_date) <= 30
)

select
    p.patient_id,
    p.full_name,
    p.gender,
    p.dob,
    r.encounter_date,
    r.discharge_date,
    r.length_of_stay,
    r.readmit_date,
    r.days_to_readmit,
    true as is_30day_readmit
from readmissions r
left join patients p on r.patient_sk = p.patient_sk
    )

/* {"app": "dbt", "dbt_version": "1.12.4", "profile_name": "health360_dbt", "target_name": "dev", "node_id": "model.Healthcare_360.readmission_dashboard"} */;
[0m01:48:15.634309 [debug] [Thread-3 (]: SQL status: SUCCESS 100000 in 1.790 seconds
[0m01:48:15.634309 [debug] [Thread-2 (]: SQL status: SUCCESS 13213 in 1.775 seconds
[0m01:48:15.642523 [debug] [Thread-2 (]: Sending event: {'category': 'dbt', 'action': 'run_model', 'label': '59253f6b-0069-44e9-a4e6-05ba37176dc6', 'context': [<snowplow_tracker.self_describing_json.SelfDescribingJson object at 0x0000017A5C60A9C0>]}
[0m01:48:15.651153 [debug] [Thread-3 (]: Sending event: {'category': 'dbt', 'action': 'run_model', 'label': '59253f6b-0069-44e9-a4e6-05ba37176dc6', 'context': [<snowplow_tracker.self_describing_json.SelfDescribingJson object at 0x0000017A5C6E6EA0>]}
[0m01:48:15.653177 [info ] [Thread-2 (]: 19 of 21 OK created sql table model MARTS.readmission_dashboard ................ [[32mSUCCESS 13213[0m in 1.82s]
[0m01:48:15.655203 [debug] [Thread-2 (]: Finished running node model.Healthcare_360.readmission_dashboard
[0m01:48:15.655203 [debug] [Thread-2 (]: Began running node model.Healthcare_360.clinical_overview
[0m01:48:15.655203 [info ] [Thread-3 (]: 18 of 21 OK created sql table model DW.fact_procedure .......................... [[32mSUCCESS 100000[0m in 1.87s]
[0m01:48:15.665456 [debug] [Thread-3 (]: Finished running node model.Healthcare_360.fact_procedure
[0m01:48:15.666908 [debug] [Thread-3 (]: Began running node model.Healthcare_360.cost_metrics
[0m01:48:15.661775 [info ] [Thread-2 (]: 20 of 21 START sql table model MARTS.clinical_overview ......................... [RUN]
[0m01:48:15.671882 [debug] [Thread-2 (]: Re-using an available connection from the pool (formerly model.Healthcare_360.readmission_dashboard, now model.Healthcare_360.clinical_overview)
[0m01:48:15.674301 [debug] [Thread-2 (]: Began compiling node model.Healthcare_360.clinical_overview
[0m01:48:15.666908 [info ] [Thread-3 (]: 21 of 21 START sql table model MARTS.cost_metrics .............................. [RUN]
[0m01:48:15.683440 [debug] [Thread-2 (]: Writing injected SQL for node "model.Healthcare_360.clinical_overview"
[0m01:48:15.683440 [debug] [Thread-3 (]: Re-using an available connection from the pool (formerly model.Healthcare_360.fact_procedure, now model.Healthcare_360.cost_metrics)
[0m01:48:15.683440 [debug] [Thread-3 (]: Began compiling node model.Healthcare_360.cost_metrics
[0m01:48:15.698892 [debug] [Thread-3 (]: Writing injected SQL for node "model.Healthcare_360.cost_metrics"
[0m01:48:15.698892 [debug] [Thread-2 (]: Began executing node model.Healthcare_360.clinical_overview
[0m01:48:15.711468 [debug] [Thread-2 (]: Writing runtime sql for node "model.Healthcare_360.clinical_overview"
[0m01:48:15.711468 [debug] [Thread-3 (]: Began executing node model.Healthcare_360.cost_metrics
[0m01:48:15.711468 [debug] [Thread-3 (]: Writing runtime sql for node "model.Healthcare_360.cost_metrics"
[0m01:48:15.724543 [debug] [Thread-3 (]: Using snowflake connection "model.Healthcare_360.cost_metrics"
[0m01:48:15.724543 [debug] [Thread-3 (]: On model.Healthcare_360.cost_metrics: create or replace transient table HEALTH360_PROJECT.MARTS.cost_metrics
    
    
    
    
    

    as (with claims as (
    select * from HEALTH360_PROJECT.DW.fact_claim
),

encounters as (
    select * from HEALTH360_PROJECT.DW.fact_encounter
),

patients as (
    select patient_sk, gender from HEALTH360_PROJECT.DW.dim_patient
),

facilities as (
    select facility_sk, facility_name, state from HEALTH360_PROJECT.DW.dim_facility
),

dim_d as (
    select date_sk, year, month, month_name from HEALTH360_PROJECT.DW.dim_date
)

select
    f.facility_name,
    f.state,
    d.year,
    d.month,
    d.month_name,
    p.gender,
    count(distinct c.claim_id)                                                      as total_claims,
    count(distinct e.encounter_id)                                                  as total_encounters,
    sum(c.billed_amount)                                                            as total_billed,
    sum(c.allowed_amount)                                                           as total_allowed,
    sum(c.paid_amount)                                                              as total_paid,
    avg(c.billed_amount)                                                            as avg_billed_per_claim,
    sum(c.billed_amount - c.paid_amount)                                            as total_outstanding,
    count(case when c.claim_status = 'DENIED' then 1 end)                          as denied_claims,
    round(
        count(case when c.claim_status = 'DENIED' then 1 end) * 100.0
        / nullif(count(*), 0), 2
    )                                                                               as denial_rate_pct
from claims c
left join encounters e  on c.encounter_sk  = e.encounter_sk
left join patients   p  on e.patient_sk    = p.patient_sk
left join facilities f  on e.facility_sk   = f.facility_sk
left join dim_d      d  on c.claim_date_sk = d.date_sk
group by 1, 2, 3, 4, 5, 6
    )

/* {"app": "dbt", "dbt_version": "1.12.4", "profile_name": "health360_dbt", "target_name": "dev", "node_id": "model.Healthcare_360.cost_metrics"} */;
[0m01:48:15.731794 [debug] [Thread-2 (]: Using snowflake connection "model.Healthcare_360.clinical_overview"
[0m01:48:15.731794 [debug] [Thread-2 (]: On model.Healthcare_360.clinical_overview: create or replace transient table HEALTH360_PROJECT.MARTS.clinical_overview
    
    
    
    
    

    as (with encounters as (
    select * from HEALTH360_PROJECT.DW.fact_encounter
),

patients as (
    select * from HEALTH360_PROJECT.DW.dim_patient
),

providers as (
    select * from HEALTH360_PROJECT.DW.dim_provider
),

facilities as (
    select * from HEALTH360_PROJECT.DW.dim_facility
),

enc_date as (
    select date_sk, full_date from HEALTH360_PROJECT.DW.dim_date
),

primary_diagnosis as (
    select
        fd.encounter_sk,
        dd.diagnosis_code,
        dd.description as diagnosis_description
    from HEALTH360_PROJECT.DW.fact_diagnosis fd
    join HEALTH360_PROJECT.DW.dim_diagnosis dd on fd.diagnosis_sk = dd.diagnosis_sk
    where fd.diagnosis_rank = 1
)

select
    e.encounter_id,
    p.patient_id,
    p.full_name                 as patient_name,
    p.dob,
    p.gender,
    pr.full_name                as provider_name,
    pr.specialty,
    f.facility_name,
    f.city,
    f.state,
    d.full_date                 as encounter_date,
    e.encounter_type,
    e.length_of_stay,
    pd.diagnosis_code,
    pd.diagnosis_description
from encounters e
left join patients    p  on e.patient_sk           = p.patient_sk
left join providers   pr on e.provider_sk          = pr.provider_sk
left join facilities  f  on e.facility_sk          = f.facility_sk
left join enc_date    d  on e.encounter_date_sk    = d.date_sk
left join primary_diagnosis pd on e.encounter_sk   = pd.encounter_sk
    )

/* {"app": "dbt", "dbt_version": "1.12.4", "profile_name": "health360_dbt", "target_name": "dev", "node_id": "model.Healthcare_360.clinical_overview"} */;
[0m01:48:17.883617 [debug] [Thread-3 (]: SQL status: SUCCESS 10886 in 2.158 seconds
[0m01:48:17.883617 [debug] [Thread-3 (]: Sending event: {'category': 'dbt', 'action': 'run_model', 'label': '59253f6b-0069-44e9-a4e6-05ba37176dc6', 'context': [<snowplow_tracker.self_describing_json.SelfDescribingJson object at 0x0000017A5B53DD30>]}
[0m01:48:17.899353 [info ] [Thread-3 (]: 21 of 21 OK created sql table model MARTS.cost_metrics ......................... [[32mSUCCESS 10886[0m in 2.20s]
[0m01:48:17.899353 [debug] [Thread-3 (]: Finished running node model.Healthcare_360.cost_metrics
[0m01:48:18.524722 [debug] [Thread-2 (]: SQL status: SUCCESS 100000 in 2.791 seconds
[0m01:48:18.524722 [debug] [Thread-2 (]: Sending event: {'category': 'dbt', 'action': 'run_model', 'label': '59253f6b-0069-44e9-a4e6-05ba37176dc6', 'context': [<snowplow_tracker.self_describing_json.SelfDescribingJson object at 0x0000017A5C7DB080>]}
[0m01:48:18.524722 [info ] [Thread-2 (]: 20 of 21 OK created sql table model MARTS.clinical_overview .................... [[32mSUCCESS 100000[0m in 2.85s]
[0m01:48:18.540672 [debug] [Thread-2 (]: Finished running node model.Healthcare_360.clinical_overview
[0m01:48:18.540672 [debug] [MainThread]: Connection 'master' was properly closed.
[0m01:48:18.540672 [debug] [MainThread]: Connection 'list_HEALTH360_PROJECT' was left open.
[0m01:48:18.556733 [debug] [MainThread]: On list_HEALTH360_PROJECT: Close
[0m01:48:19.153980 [debug] [MainThread]: Connection 'list_HEALTH360_PROJECT' was left open.
[0m01:48:19.153980 [debug] [MainThread]: On list_HEALTH360_PROJECT: Close
[0m01:48:19.851397 [debug] [MainThread]: Connection 'list_HEALTH360_PROJECT_SNAPSHOTS' was left open.
[0m01:48:19.851397 [debug] [MainThread]: On list_HEALTH360_PROJECT_SNAPSHOTS: Close
[0m01:48:20.414220 [debug] [MainThread]: Connection 'list_HEALTH360_PROJECT_STAGING' was left open.
[0m01:48:20.414220 [debug] [MainThread]: On list_HEALTH360_PROJECT_STAGING: Close
[0m01:48:20.988922 [debug] [MainThread]: Connection 'model.Healthcare_360.clinical_overview' was left open.
[0m01:48:20.989440 [debug] [MainThread]: On model.Healthcare_360.clinical_overview: Close
[0m01:48:21.616601 [debug] [MainThread]: Connection 'model.Healthcare_360.cost_metrics' was left open.
[0m01:48:21.616601 [debug] [MainThread]: On model.Healthcare_360.cost_metrics: Close
[0m01:48:22.826409 [info ] [MainThread]: 
[0m01:48:22.826409 [info ] [MainThread]: Finished running 13 table models, 8 view models in 0 hours 0 minutes and 27.68 seconds (27.68s).
[0m01:48:22.850680 [debug] [MainThread]: Command end result
[0m01:48:22.965863 [debug] [MainThread]: Wrote artifact WritableManifest to C:\Learning\DBT\Healthcare_360\target\manifest.json
[0m01:48:22.969899 [debug] [MainThread]: Wrote artifact SemanticManifest to C:\Learning\DBT\Healthcare_360\target\semantic_manifest.json
[0m01:48:22.973927 [debug] [MainThread]: Wrote artifact OsiDocument to C:\Learning\DBT\Healthcare_360\target\osi_document.json
[0m01:48:22.991032 [debug] [MainThread]: Wrote artifact RunExecutionResult to C:\Learning\DBT\Healthcare_360\target\run_results.json
[0m01:48:22.991032 [info ] [MainThread]: 
[0m01:48:22.993052 [info ] [MainThread]: [32mCompleted successfully[0m
[0m01:48:22.993052 [info ] [MainThread]: 
[0m01:48:22.993052 [info ] [MainThread]: Done. PASS=21 WARN=0 ERROR=0 SKIP=0 NO-OP=0 REUSED=0 TOTAL=21
[0m01:48:22.993052 [debug] [MainThread]: Command `dbt run` succeeded at 01:48:22.993052 after 35.37 seconds
[0m01:48:22.998705 [debug] [MainThread]: Sending event: {'category': 'dbt', 'action': 'invocation', 'label': 'end', 'context': [<snowplow_tracker.self_describing_json.SelfDescribingJson object at 0x0000017A55051010>, <snowplow_tracker.self_describing_json.SelfDescribingJson object at 0x0000017A531DC350>, <snowplow_tracker.self_describing_json.SelfDescribingJson object at 0x0000017A531DFF80>]}
[0m01:48:22.998705 [debug] [MainThread]: Flushing usage events
[0m01:48:24.584343 [debug] [MainThread]: An error was encountered while trying to flush usage events
[0m02:11:21.233425 [debug] [MainThread]: Sending event: {'category': 'dbt', 'action': 'invocation', 'label': 'start', 'context': [<snowplow_tracker.self_describing_json.SelfDescribingJson object at 0x00000213001053D0>, <snowplow_tracker.self_describing_json.SelfDescribingJson object at 0x000002137DDEA0F0>, <snowplow_tracker.self_describing_json.SelfDescribingJson object at 0x000002137CA998E0>]}


============================== 02:11:21.233425 | 5adb9331-bfb1-4980-ac27-dc37fb1ced93 ==============================
[0m02:11:21.233425 [info ] [MainThread]: Running with dbt=1.12.4
[0m02:11:21.243013 [debug] [MainThread]: running dbt with arguments {'static_parser': 'True', 'no_print': 'None', 'version_check': 'True', 'target_path': 'None', 'warn_error_options': 'WarnErrorOptionsV2(error=[], warn=[], silence=[])', 'maximum_seed_size_mib': '1', 'printer_width': '80', 'write_json': 'True', 'empty': 'False', 'log_cache_events': 'False', 'introspect': 'True', 'cache_selected_only': 'False', 'log_format': 'default', 'debug': 'False', 'fail_fast': 'False', 'partial_parse': 'True', 'send_anonymous_usage_stats': 'True', 'quiet': 'False', 'warn_error': 'None', 'profiles_dir': 'C:\\Users\\SAIPRASANTHR\\.dbt', 'use_colors': 'True', 'hints_enabled': 'True', 'invocation_command': 'dbt build', 'use_experimental_parser': 'False', 'indirect_selection': 'eager', 'log_path': 'C:\\Learning\\DBT\\Healthcare_360\\logs'}
[0m02:11:40.252889 [debug] [MainThread]: Snowflake adapter: Setting snowflake.connector to ERROR (file logging only)
[0m02:11:40.252889 [debug] [MainThread]: Snowflake adapter: Setting botocore to ERROR (file logging only)
[0m02:11:40.254943 [debug] [MainThread]: Snowflake adapter: Setting boto3 to ERROR (file logging only)
[0m02:11:50.545161 [debug] [MainThread]: Sending event: {'category': 'dbt', 'action': 'project_id', 'label': '5adb9331-bfb1-4980-ac27-dc37fb1ced93', 'context': [<snowplow_tracker.self_describing_json.SelfDescribingJson object at 0x000002130709BFB0>]}
[0m02:11:50.648548 [debug] [MainThread]: Sending event: {'category': 'dbt', 'action': 'adapter_info', 'label': '5adb9331-bfb1-4980-ac27-dc37fb1ced93', 'context': [<snowplow_tracker.self_describing_json.SelfDescribingJson object at 0x0000021304A05790>]}
[0m02:11:50.648548 [info ] [MainThread]: Registered adapter: snowflake=1.12.0
[0m02:11:51.571043 [debug] [MainThread]: checksum: 43c1271578ffc3f5e4620ff56cb8f61de61442f145dd894dfbd4e3c7f22810bf, vars: {}, profile: health360_dbt, target: dev, version: 1.12.4
[0m02:11:51.802375 [info ] [MainThread]: Unable to do partial parsing because a project config has changed
[0m02:11:51.802375 [debug] [MainThread]: Sending event: {'category': 'dbt', 'action': 'partial_parser', 'label': '5adb9331-bfb1-4980-ac27-dc37fb1ced93', 'context': [<snowplow_tracker.self_describing_json.SelfDescribingJson object at 0x00000213000CBD10>]}
[0m02:12:00.005751 [debug] [MainThread]: Sending event: {'category': 'dbt', 'action': 'load_project', 'label': '5adb9331-bfb1-4980-ac27-dc37fb1ced93', 'context': [<snowplow_tracker.self_describing_json.SelfDescribingJson object at 0x000002137D7A2930>]}
[0m02:12:00.142837 [debug] [MainThread]: Wrote artifact WritableManifest to C:\Learning\DBT\Healthcare_360\target\manifest.json
[0m02:12:00.206513 [debug] [MainThread]: Wrote artifact SemanticManifest to C:\Learning\DBT\Healthcare_360\target\semantic_manifest.json
[0m02:12:00.270357 [debug] [MainThread]: Wrote artifact OsiDocument to C:\Learning\DBT\Healthcare_360\target\osi_document.json
[0m02:12:00.317972 [debug] [MainThread]: Sending event: {'category': 'dbt', 'action': 'resource_counts', 'label': '5adb9331-bfb1-4980-ac27-dc37fb1ced93', 'context': [<snowplow_tracker.self_describing_json.SelfDescribingJson object at 0x00000213092C7560>]}
[0m02:12:00.317972 [info ] [MainThread]: Found 21 models, 1 snapshot, 10 data tests, 8 sources, 662 macros
[0m02:12:00.317972 [info ] [MainThread]: 
[0m02:12:00.317972 [info ] [MainThread]: Concurrency: 2 threads (target='dev')
[0m02:12:00.329137 [info ] [MainThread]: 
[0m02:12:00.330746 [debug] [MainThread]: Acquiring new snowflake connection 'master'
[0m02:12:00.334489 [debug] [ThreadPool]: Acquiring new snowflake connection 'list_HEALTH360_PROJECT'
[0m02:12:00.343329 [debug] [ThreadPool]: Acquiring new snowflake connection 'list_HEALTH360_PROJECT'
[0m02:12:00.351737 [debug] [ThreadPool]: Using snowflake connection "list_HEALTH360_PROJECT"
[0m02:12:00.351737 [debug] [ThreadPool]: On list_HEALTH360_PROJECT: show terse schemas in database HEALTH360_PROJECT
    limit 10000
/* {"app": "dbt", "dbt_version": "1.12.4", "profile_name": "health360_dbt", "target_name": "dev", "connection_name": "list_HEALTH360_PROJECT"} */
[0m02:12:00.351737 [debug] [ThreadPool]: Opening a new connection, currently in state init
[0m02:12:00.351737 [debug] [ThreadPool]: Using snowflake connection "list_HEALTH360_PROJECT"
[0m02:12:00.351737 [debug] [ThreadPool]: On list_HEALTH360_PROJECT: show terse schemas in database HEALTH360_PROJECT
    limit 10000
/* {"app": "dbt", "dbt_version": "1.12.4", "profile_name": "health360_dbt", "target_name": "dev", "connection_name": "list_HEALTH360_PROJECT"} */
[0m02:12:00.351737 [debug] [ThreadPool]: Opening a new connection, currently in state init
[0m02:12:02.906467 [debug] [ThreadPool]: SQL status: SUCCESS 10 in 2.559 seconds
[0m02:12:02.921241 [debug] [ThreadPool]: Using snowflake connection "list_HEALTH360_PROJECT"
[0m02:12:02.923259 [debug] [ThreadPool]: On list_HEALTH360_PROJECT: show terse schemas in database HEALTH360_PROJECT
    limit 10000
/* {"app": "dbt", "dbt_version": "1.12.4", "profile_name": "health360_dbt", "target_name": "dev", "connection_name": "list_HEALTH360_PROJECT"} */
[0m02:12:03.175071 [debug] [ThreadPool]: SQL status: SUCCESS 10 in 2.828 seconds
[0m02:12:03.190744 [debug] [ThreadPool]: Using snowflake connection "list_HEALTH360_PROJECT"
[0m02:12:03.190744 [debug] [ThreadPool]: On list_HEALTH360_PROJECT: show terse schemas in database HEALTH360_PROJECT
    limit 10000
/* {"app": "dbt", "dbt_version": "1.12.4", "profile_name": "health360_dbt", "target_name": "dev", "connection_name": "list_HEALTH360_PROJECT"} */
[0m02:12:03.490901 [debug] [ThreadPool]: SQL status: SUCCESS 10 in 0.567 seconds
[0m02:12:03.692161 [debug] [ThreadPool]: SQL status: SUCCESS 10 in 0.501 seconds
[0m02:12:03.692161 [debug] [ThreadPool]: Re-using an available connection from the pool (formerly list_HEALTH360_PROJECT, now create_HEALTH360_PROJECT_SNAPSHOTS)
[0m02:12:03.692161 [debug] [ThreadPool]: Creating schema "database: "HEALTH360_PROJECT"
schema: "SNAPSHOTS"
"
[0m02:12:03.692161 [debug] [ThreadPool]: Using snowflake connection "create_HEALTH360_PROJECT_SNAPSHOTS"
[0m02:12:03.692161 [debug] [ThreadPool]: On create_HEALTH360_PROJECT_SNAPSHOTS: create schema if not exists HEALTH360_PROJECT.SNAPSHOTS
/* {"app": "dbt", "dbt_version": "1.12.4", "profile_name": "health360_dbt", "target_name": "dev", "connection_name": "create_HEALTH360_PROJECT_SNAPSHOTS"} */
[0m02:12:04.209400 [debug] [ThreadPool]: SQL status: SUCCESS 1 in 0.502 seconds
[0m02:12:04.218599 [debug] [ThreadPool]: Acquiring new snowflake connection 'list_HEALTH360_PROJECT_STAGING'
[0m02:12:04.225246 [debug] [ThreadPool]: Acquiring new snowflake connection 'list_HEALTH360_PROJECT_INTERMEDIATE'
[0m02:12:04.256703 [debug] [ThreadPool]: Using snowflake connection "list_HEALTH360_PROJECT_INTERMEDIATE"
[0m02:12:04.256703 [debug] [ThreadPool]: Using snowflake connection "list_HEALTH360_PROJECT_STAGING"
[0m02:12:04.264282 [debug] [ThreadPool]: On list_HEALTH360_PROJECT_INTERMEDIATE: show objects in HEALTH360_PROJECT.INTERMEDIATE
    limit 10000
    

/* {"app": "dbt", "dbt_version": "1.12.4", "profile_name": "health360_dbt", "target_name": "dev", "connection_name": "list_HEALTH360_PROJECT_INTERMEDIATE"} */;
[0m02:12:04.264282 [debug] [ThreadPool]: On list_HEALTH360_PROJECT_STAGING: show objects in HEALTH360_PROJECT.STAGING
    limit 10000
    

/* {"app": "dbt", "dbt_version": "1.12.4", "profile_name": "health360_dbt", "target_name": "dev", "connection_name": "list_HEALTH360_PROJECT_STAGING"} */;
[0m02:12:04.264282 [debug] [ThreadPool]: Opening a new connection, currently in state init
[0m02:12:04.264282 [debug] [ThreadPool]: Opening a new connection, currently in state init
[0m02:12:06.055105 [debug] [ThreadPool]: SQL status: SUCCESS 10 in 1.787 seconds
[0m02:12:06.070658 [debug] [ThreadPool]: Using snowflake connection "list_HEALTH360_PROJECT_STAGING"
[0m02:12:06.070658 [debug] [ThreadPool]: On list_HEALTH360_PROJECT_STAGING: show user functions in HEALTH360_PROJECT.STAGING
/* {"app": "dbt", "dbt_version": "1.12.4", "profile_name": "health360_dbt", "target_name": "dev", "connection_name": "list_HEALTH360_PROJECT_STAGING"} */
[0m02:12:06.109652 [debug] [ThreadPool]: SQL status: SUCCESS 0 in 1.843 seconds
[0m02:12:06.120278 [debug] [ThreadPool]: Using snowflake connection "list_HEALTH360_PROJECT_INTERMEDIATE"
[0m02:12:06.120278 [debug] [ThreadPool]: On list_HEALTH360_PROJECT_INTERMEDIATE: show user functions in HEALTH360_PROJECT.INTERMEDIATE
/* {"app": "dbt", "dbt_version": "1.12.4", "profile_name": "health360_dbt", "target_name": "dev", "connection_name": "list_HEALTH360_PROJECT_INTERMEDIATE"} */
[0m02:12:06.445270 [debug] [ThreadPool]: SQL status: SUCCESS 0 in 0.323 seconds
[0m02:12:06.450859 [debug] [ThreadPool]: Re-using an available connection from the pool (formerly list_HEALTH360_PROJECT_INTERMEDIATE, now list_HEALTH360_PROJECT_SNAPSHOTS)
[0m02:12:06.453906 [debug] [ThreadPool]: Using snowflake connection "list_HEALTH360_PROJECT_SNAPSHOTS"
[0m02:12:06.453906 [debug] [ThreadPool]: On list_HEALTH360_PROJECT_SNAPSHOTS: show objects in HEALTH360_PROJECT.SNAPSHOTS
    limit 10000
    

/* {"app": "dbt", "dbt_version": "1.12.4", "profile_name": "health360_dbt", "target_name": "dev", "connection_name": "list_HEALTH360_PROJECT_SNAPSHOTS"} */;
[0m02:12:06.568041 [debug] [ThreadPool]: SQL status: SUCCESS 0 in 0.488 seconds
[0m02:12:06.578251 [debug] [ThreadPool]: Re-using an available connection from the pool (formerly list_HEALTH360_PROJECT_STAGING, now list_HEALTH360_PROJECT_MARTS)
[0m02:12:06.589581 [debug] [ThreadPool]: Using snowflake connection "list_HEALTH360_PROJECT_MARTS"
[0m02:12:06.591618 [debug] [ThreadPool]: On list_HEALTH360_PROJECT_MARTS: show objects in HEALTH360_PROJECT.MARTS
    limit 10000
    

/* {"app": "dbt", "dbt_version": "1.12.4", "profile_name": "health360_dbt", "target_name": "dev", "connection_name": "list_HEALTH360_PROJECT_MARTS"} */;
[0m02:12:06.825526 [debug] [ThreadPool]: SQL status: SUCCESS 0 in 0.363 seconds
[0m02:12:06.835389 [debug] [ThreadPool]: Using snowflake connection "list_HEALTH360_PROJECT_SNAPSHOTS"
[0m02:12:06.835389 [debug] [ThreadPool]: On list_HEALTH360_PROJECT_SNAPSHOTS: show user functions in HEALTH360_PROJECT.SNAPSHOTS
/* {"app": "dbt", "dbt_version": "1.12.4", "profile_name": "health360_dbt", "target_name": "dev", "connection_name": "list_HEALTH360_PROJECT_SNAPSHOTS"} */
[0m02:12:07.100885 [debug] [ThreadPool]: SQL status: SUCCESS 3 in 0.511 seconds
[0m02:12:07.108997 [debug] [ThreadPool]: Using snowflake connection "list_HEALTH360_PROJECT_MARTS"
[0m02:12:07.117409 [debug] [ThreadPool]: On list_HEALTH360_PROJECT_MARTS: show user functions in HEALTH360_PROJECT.MARTS
/* {"app": "dbt", "dbt_version": "1.12.4", "profile_name": "health360_dbt", "target_name": "dev", "connection_name": "list_HEALTH360_PROJECT_MARTS"} */
[0m02:12:07.388133 [debug] [ThreadPool]: SQL status: SUCCESS 0 in 0.547 seconds
[0m02:12:07.458424 [debug] [ThreadPool]: SQL status: SUCCESS 0 in 0.339 seconds
[0m02:12:07.466625 [debug] [MainThread]: Sending event: {'category': 'dbt', 'action': 'runnable_timing', 'label': '5adb9331-bfb1-4980-ac27-dc37fb1ced93', 'context': [<snowplow_tracker.self_describing_json.SelfDescribingJson object at 0x0000021308115FA0>]}
[0m02:12:07.489366 [debug] [Thread-2 (]: Began running node model.Healthcare_360.dim_date
[0m02:12:07.498319 [debug] [Thread-3 (]: Began running node model.Healthcare_360.stg_diagnosis
[0m02:12:07.496285 [info ] [Thread-2 (]: 1 of 32 START sql table model MARTS.dim_date ................................... [RUN]
[0m02:12:07.505138 [debug] [Thread-2 (]: Acquiring new snowflake connection 'model.Healthcare_360.dim_date'
[0m02:12:07.508145 [debug] [Thread-2 (]: Began compiling node model.Healthcare_360.dim_date
[0m02:12:07.503363 [info ] [Thread-3 (]: 2 of 32 START sql view model STAGING.stg_diagnosis ............................. [RUN]
[0m02:12:07.531449 [debug] [Thread-3 (]: Acquiring new snowflake connection 'model.Healthcare_360.stg_diagnosis'
[0m02:12:07.545962 [debug] [Thread-3 (]: Began compiling node model.Healthcare_360.stg_diagnosis
[0m02:12:07.545962 [debug] [Thread-3 (]: Writing injected SQL for node "model.Healthcare_360.stg_diagnosis"
[0m02:12:07.543440 [debug] [Thread-2 (]: Using snowflake connection "model.Healthcare_360.dim_date"
[0m02:12:07.545962 [debug] [Thread-2 (]: On model.Healthcare_360.dim_date: select datediff(
        day,
        cast('2015-01-01' as date),
        cast('2035-12-31' as date)
        )
/* {"app": "dbt", "dbt_version": "1.12.4", "profile_name": "health360_dbt", "target_name": "dev", "node_id": "model.Healthcare_360.dim_date"} */
[0m02:12:07.545962 [debug] [Thread-2 (]: Opening a new connection, currently in state init
[0m02:12:07.560560 [debug] [Thread-3 (]: Began executing node model.Healthcare_360.stg_diagnosis
[0m02:12:07.601726 [debug] [Thread-3 (]: Writing runtime sql for node "model.Healthcare_360.stg_diagnosis"
[0m02:12:07.601726 [debug] [Thread-3 (]: Using snowflake connection "model.Healthcare_360.stg_diagnosis"
[0m02:12:07.601726 [debug] [Thread-3 (]: On model.Healthcare_360.stg_diagnosis: create or replace   view HEALTH360_PROJECT.STAGING.stg_diagnosis
  
  
  
  
  as (
    with source as (
    select * from HEALTH360_PROJECT.RAW.diagnosis_records
),

cleaned as (
    select
        encounter_id,
        diagnosis_code,
        diagnosis_description,
        diagnosis_rank
    from source
)

select * from cleaned
  )
/* {"app": "dbt", "dbt_version": "1.12.4", "profile_name": "health360_dbt", "target_name": "dev", "node_id": "model.Healthcare_360.stg_diagnosis"} */;
[0m02:12:07.601726 [debug] [Thread-3 (]: Opening a new connection, currently in state init
[0m02:12:09.273905 [debug] [Thread-2 (]: SQL status: SUCCESS 1 in 1.719 seconds
[0m02:12:09.275917 [debug] [Thread-2 (]: Writing injected SQL for node "model.Healthcare_360.dim_date"
[0m02:12:09.277426 [debug] [Thread-2 (]: Began executing node model.Healthcare_360.dim_date
[0m02:12:09.295042 [debug] [Thread-2 (]: Writing runtime sql for node "model.Healthcare_360.dim_date"
[0m02:12:09.295042 [debug] [Thread-2 (]: Using snowflake connection "model.Healthcare_360.dim_date"
[0m02:12:09.295042 [debug] [Thread-2 (]: On model.Healthcare_360.dim_date: create or replace transient table HEALTH360_PROJECT.MARTS.dim_date
    
    
    
    
    

    as (

with date_spine as (
    





with rawdata as (

    

    

    with p as (
        select 0 as generated_number union all select 1
    ), unioned as (

    select

    
    p0.generated_number * power(2, 0)
     + 
    
    p1.generated_number * power(2, 1)
     + 
    
    p2.generated_number * power(2, 2)
     + 
    
    p3.generated_number * power(2, 3)
     + 
    
    p4.generated_number * power(2, 4)
     + 
    
    p5.generated_number * power(2, 5)
     + 
    
    p6.generated_number * power(2, 6)
     + 
    
    p7.generated_number * power(2, 7)
     + 
    
    p8.generated_number * power(2, 8)
     + 
    
    p9.generated_number * power(2, 9)
     + 
    
    p10.generated_number * power(2, 10)
     + 
    
    p11.generated_number * power(2, 11)
     + 
    
    p12.generated_number * power(2, 12)
    
    
    + 1
    as generated_number

    from

    
    p as p0
     cross join 
    
    p as p1
     cross join 
    
    p as p2
     cross join 
    
    p as p3
     cross join 
    
    p as p4
     cross join 
    
    p as p5
     cross join 
    
    p as p6
     cross join 
    
    p as p7
     cross join 
    
    p as p8
     cross join 
    
    p as p9
     cross join 
    
    p as p10
     cross join 
    
    p as p11
     cross join 
    
    p as p12
    
    

    )

    select *
    from unioned
    where generated_number <= 7669
    order by generated_number



),

all_periods as (

    select (
        

    dateadd(
        day,
        row_number() over (order by generated_number) - 1,
        cast('2015-01-01' as date)
        )


    ) as date_day
    from rawdata

),

filtered as (

    select *
    from all_periods
    where date_day <= cast('2035-12-31' as date)

)

select * from filtered


)

select
    to_number(to_char(date_day, 'YYYYMMDD'))                        as date_sk,
    date_day                                                         as full_date,
    day(date_day)                                                    as day,
    month(date_day)                                                  as month,
    monthname(date_day)                                              as month_name,
    quarter(date_day)                                                as quarter,
    year(date_day)                                                   as year,
    dayofweekiso(date_day)                                           as day_of_week,
    dayname(date_day)                                                as day_name,
    iff(dayofweek(date_day) in (0, 6), true, false)                  as is_weekend
from date_spine
    )

/* {"app": "dbt", "dbt_version": "1.12.4", "profile_name": "health360_dbt", "target_name": "dev", "node_id": "model.Healthcare_360.dim_date"} */;
[0m02:12:10.465954 [debug] [Thread-3 (]: SQL status: SUCCESS 1 in 2.855 seconds
[0m02:12:10.509971 [debug] [Thread-3 (]: Sending event: {'category': 'dbt', 'action': 'run_model', 'label': '5adb9331-bfb1-4980-ac27-dc37fb1ced93', 'context': [<snowplow_tracker.self_describing_json.SelfDescribingJson object at 0x00000213095621E0>]}
[0m02:12:10.509971 [info ] [Thread-3 (]: 2 of 32 OK created sql view model STAGING.stg_diagnosis ........................ [[32mSUCCESS 1[0m in 2.98s]
[0m02:12:10.525726 [debug] [Thread-3 (]: Finished running node model.Healthcare_360.stg_diagnosis
[0m02:12:10.525726 [debug] [Thread-3 (]: Began running node model.Healthcare_360.stg_lab_results
[0m02:12:10.525726 [info ] [Thread-3 (]: 3 of 32 START sql view model STAGING.stg_lab_results ........................... [RUN]
[0m02:12:10.525726 [debug] [Thread-3 (]: Re-using an available connection from the pool (formerly model.Healthcare_360.stg_diagnosis, now model.Healthcare_360.stg_lab_results)
[0m02:12:10.525726 [debug] [Thread-3 (]: Began compiling node model.Healthcare_360.stg_lab_results
[0m02:12:10.525726 [debug] [Thread-3 (]: Writing injected SQL for node "model.Healthcare_360.stg_lab_results"
[0m02:12:10.525726 [debug] [Thread-3 (]: Began executing node model.Healthcare_360.stg_lab_results
[0m02:12:10.544629 [debug] [Thread-3 (]: Writing runtime sql for node "model.Healthcare_360.stg_lab_results"
[0m02:12:10.548400 [debug] [Thread-3 (]: Using snowflake connection "model.Healthcare_360.stg_lab_results"
[0m02:12:10.550234 [debug] [Thread-3 (]: On model.Healthcare_360.stg_lab_results: create or replace   view HEALTH360_PROJECT.STAGING.stg_lab_results
  
  
  
  
  as (
    -- STG_LAB_RESULTS in RAW currently holds diagnosis columns.
-- Replace source table once actual lab results data is loaded.
with source as (
    select * from HEALTH360_PROJECT.RAW.stg_lab_results
),

cleaned as (
    select
        encounter_id,
        diagnosis_code      as test_name,
        diagnosis_description as test_result,
        null::varchar       as test_unit,
        null::varchar       as reference_range,
        null::varchar       as result_flag,
        null::date          as lab_date
    from source
)

select * from cleaned
  )
/* {"app": "dbt", "dbt_version": "1.12.4", "profile_name": "health360_dbt", "target_name": "dev", "node_id": "model.Healthcare_360.stg_lab_results"} */;
[0m02:12:11.271438 [debug] [Thread-3 (]: SQL status: SUCCESS 1 in 0.721 seconds
[0m02:12:11.280891 [debug] [Thread-3 (]: Sending event: {'category': 'dbt', 'action': 'run_model', 'label': '5adb9331-bfb1-4980-ac27-dc37fb1ced93', 'context': [<snowplow_tracker.self_describing_json.SelfDescribingJson object at 0x000002130946D520>]}
[0m02:12:11.282232 [info ] [Thread-3 (]: 3 of 32 OK created sql view model STAGING.stg_lab_results ...................... [[32mSUCCESS 1[0m in 0.75s]
[0m02:12:11.282232 [debug] [Thread-3 (]: Finished running node model.Healthcare_360.stg_lab_results
[0m02:12:11.282232 [debug] [Thread-3 (]: Began running node model.Healthcare_360.stg_procedures
[0m02:12:11.282232 [info ] [Thread-3 (]: 4 of 32 START sql view model STAGING.stg_procedures ............................ [RUN]
[0m02:12:11.291177 [debug] [Thread-3 (]: Re-using an available connection from the pool (formerly model.Healthcare_360.stg_lab_results, now model.Healthcare_360.stg_procedures)
[0m02:12:11.291177 [debug] [Thread-3 (]: Began compiling node model.Healthcare_360.stg_procedures
[0m02:12:11.296835 [debug] [Thread-3 (]: Writing injected SQL for node "model.Healthcare_360.stg_procedures"
[0m02:12:11.297955 [debug] [Thread-3 (]: Began executing node model.Healthcare_360.stg_procedures
[0m02:12:11.307287 [debug] [Thread-3 (]: Writing runtime sql for node "model.Healthcare_360.stg_procedures"
[0m02:12:11.311603 [debug] [Thread-3 (]: Using snowflake connection "model.Healthcare_360.stg_procedures"
[0m02:12:11.313617 [debug] [Thread-3 (]: On model.Healthcare_360.stg_procedures: create or replace   view HEALTH360_PROJECT.STAGING.stg_procedures
  
  
  
  
  as (
    with source as (
    select * from HEALTH360_PROJECT.RAW.procedures
),

cleaned as (
    select
        encounter_id,
        procedure_code,
        procedure_description,
        procedure_date::date as procedure_date
    from source
)

select * from cleaned
  )
/* {"app": "dbt", "dbt_version": "1.12.4", "profile_name": "health360_dbt", "target_name": "dev", "node_id": "model.Healthcare_360.stg_procedures"} */;
[0m02:12:11.530549 [debug] [Thread-2 (]: SQL status: SUCCESS 7669 in 2.224 seconds
[0m02:12:11.538634 [debug] [Thread-2 (]: Sending event: {'category': 'dbt', 'action': 'run_model', 'label': '5adb9331-bfb1-4980-ac27-dc37fb1ced93', 'context': [<snowplow_tracker.self_describing_json.SelfDescribingJson object at 0x00000213099E75F0>]}
[0m02:12:11.540657 [info ] [Thread-2 (]: 1 of 32 OK created sql table model MARTS.dim_date .............................. [[32mSUCCESS 7669[0m in 4.03s]
[0m02:12:11.542429 [debug] [Thread-2 (]: Finished running node model.Healthcare_360.dim_date
[0m02:12:11.544448 [debug] [Thread-2 (]: Began running node test.Healthcare_360.source_not_null_health_raw_encounters_encounter_id.e9f516d2a6
[0m02:12:11.544448 [info ] [Thread-2 (]: 5 of 32 START test source_not_null_health_raw_encounters_encounter_id .......... [RUN]
[0m02:12:11.547770 [debug] [Thread-2 (]: Re-using an available connection from the pool (formerly model.Healthcare_360.dim_date, now test.Healthcare_360.source_not_null_health_raw_encounters_encounter_id.e9f516d2a6)
[0m02:12:11.547770 [debug] [Thread-2 (]: Began compiling node test.Healthcare_360.source_not_null_health_raw_encounters_encounter_id.e9f516d2a6
[0m02:12:11.593520 [debug] [Thread-2 (]: Writing injected SQL for node "test.Healthcare_360.source_not_null_health_raw_encounters_encounter_id.e9f516d2a6"
[0m02:12:11.599248 [debug] [Thread-2 (]: Began executing node test.Healthcare_360.source_not_null_health_raw_encounters_encounter_id.e9f516d2a6
[0m02:12:11.635752 [debug] [Thread-2 (]: Writing runtime sql for node "test.Healthcare_360.source_not_null_health_raw_encounters_encounter_id.e9f516d2a6"
[0m02:12:11.639794 [debug] [Thread-2 (]: Using snowflake connection "test.Healthcare_360.source_not_null_health_raw_encounters_encounter_id.e9f516d2a6"
[0m02:12:11.642739 [debug] [Thread-2 (]: On test.Healthcare_360.source_not_null_health_raw_encounters_encounter_id.e9f516d2a6: select
      count(*) as failures,
      count(*) != 0 as should_warn,
      count(*) != 0 as should_error
    from (
      
    
  
    
    



select encounter_id
from HEALTH360_PROJECT.RAW.encounters
where encounter_id is null



  
  
      
    ) dbt_internal_test
/* {"app": "dbt", "dbt_version": "1.12.4", "profile_name": "health360_dbt", "target_name": "dev", "node_id": "test.Healthcare_360.source_not_null_health_raw_encounters_encounter_id.e9f516d2a6"} */
[0m02:12:11.996984 [debug] [Thread-3 (]: SQL status: SUCCESS 1 in 0.682 seconds
[0m02:12:12.006101 [debug] [Thread-3 (]: Sending event: {'category': 'dbt', 'action': 'run_model', 'label': '5adb9331-bfb1-4980-ac27-dc37fb1ced93', 'context': [<snowplow_tracker.self_describing_json.SelfDescribingJson object at 0x00000213099E7650>]}
[0m02:12:12.006623 [info ] [Thread-3 (]: 4 of 32 OK created sql view model STAGING.stg_procedures ....................... [[32mSUCCESS 1[0m in 0.72s]
[0m02:12:12.010379 [debug] [Thread-3 (]: Finished running node model.Healthcare_360.stg_procedures
[0m02:12:12.012401 [debug] [Thread-3 (]: Began running node test.Healthcare_360.source_not_null_health_raw_facilities_facility_id.15f597718a
[0m02:12:12.013918 [info ] [Thread-3 (]: 6 of 32 START test source_not_null_health_raw_facilities_facility_id ........... [RUN]
[0m02:12:12.013918 [debug] [Thread-3 (]: Re-using an available connection from the pool (formerly model.Healthcare_360.stg_procedures, now test.Healthcare_360.source_not_null_health_raw_facilities_facility_id.15f597718a)
[0m02:12:12.024182 [debug] [Thread-3 (]: Began compiling node test.Healthcare_360.source_not_null_health_raw_facilities_facility_id.15f597718a
[0m02:12:12.045402 [debug] [Thread-3 (]: Writing injected SQL for node "test.Healthcare_360.source_not_null_health_raw_facilities_facility_id.15f597718a"
[0m02:12:12.054950 [debug] [Thread-3 (]: Began executing node test.Healthcare_360.source_not_null_health_raw_facilities_facility_id.15f597718a
[0m02:12:12.060250 [debug] [Thread-3 (]: Writing runtime sql for node "test.Healthcare_360.source_not_null_health_raw_facilities_facility_id.15f597718a"
[0m02:12:12.064321 [debug] [Thread-3 (]: Using snowflake connection "test.Healthcare_360.source_not_null_health_raw_facilities_facility_id.15f597718a"
[0m02:12:12.064321 [debug] [Thread-3 (]: On test.Healthcare_360.source_not_null_health_raw_facilities_facility_id.15f597718a: select
      count(*) as failures,
      count(*) != 0 as should_warn,
      count(*) != 0 as should_error
    from (
      
    
  
    
    



select facility_id
from HEALTH360_PROJECT.RAW.facilities
where facility_id is null



  
  
      
    ) dbt_internal_test
/* {"app": "dbt", "dbt_version": "1.12.4", "profile_name": "health360_dbt", "target_name": "dev", "node_id": "test.Healthcare_360.source_not_null_health_raw_facilities_facility_id.15f597718a"} */
[0m02:12:12.168259 [debug] [Thread-2 (]: SQL status: SUCCESS 1 in 0.528 seconds
[0m02:12:12.176086 [info ] [Thread-2 (]: 5 of 32 PASS source_not_null_health_raw_encounters_encounter_id ................ [[32mPASS[0m in 0.63s]
[0m02:12:12.176086 [debug] [Thread-2 (]: Finished running node test.Healthcare_360.source_not_null_health_raw_encounters_encounter_id.e9f516d2a6
[0m02:12:12.176086 [debug] [Thread-2 (]: Began running node test.Healthcare_360.source_not_null_health_raw_patient_bills_claim_id.bd4a1a026e
[0m02:12:12.176086 [info ] [Thread-2 (]: 7 of 32 START test source_not_null_health_raw_patient_bills_claim_id ........... [RUN]
[0m02:12:12.176086 [debug] [Thread-2 (]: Re-using an available connection from the pool (formerly test.Healthcare_360.source_not_null_health_raw_encounters_encounter_id.e9f516d2a6, now test.Healthcare_360.source_not_null_health_raw_patient_bills_claim_id.bd4a1a026e)
[0m02:12:12.192224 [debug] [Thread-2 (]: Began compiling node test.Healthcare_360.source_not_null_health_raw_patient_bills_claim_id.bd4a1a026e
[0m02:12:12.213284 [debug] [Thread-2 (]: Writing injected SQL for node "test.Healthcare_360.source_not_null_health_raw_patient_bills_claim_id.bd4a1a026e"
[0m02:12:12.226937 [debug] [Thread-2 (]: Began executing node test.Healthcare_360.source_not_null_health_raw_patient_bills_claim_id.bd4a1a026e
[0m02:12:12.233995 [debug] [Thread-2 (]: Writing runtime sql for node "test.Healthcare_360.source_not_null_health_raw_patient_bills_claim_id.bd4a1a026e"
[0m02:12:12.233995 [debug] [Thread-2 (]: Using snowflake connection "test.Healthcare_360.source_not_null_health_raw_patient_bills_claim_id.bd4a1a026e"
[0m02:12:12.233995 [debug] [Thread-2 (]: On test.Healthcare_360.source_not_null_health_raw_patient_bills_claim_id.bd4a1a026e: select
      count(*) as failures,
      count(*) != 0 as should_warn,
      count(*) != 0 as should_error
    from (
      
    
  
    
    



select claim_id
from HEALTH360_PROJECT.RAW.patient_bills
where claim_id is null



  
  
      
    ) dbt_internal_test
/* {"app": "dbt", "dbt_version": "1.12.4", "profile_name": "health360_dbt", "target_name": "dev", "node_id": "test.Healthcare_360.source_not_null_health_raw_patient_bills_claim_id.bd4a1a026e"} */
[0m02:12:12.603588 [debug] [Thread-3 (]: SQL status: SUCCESS 1 in 0.537 seconds
[0m02:12:12.609655 [info ] [Thread-3 (]: 6 of 32 PASS source_not_null_health_raw_facilities_facility_id ................. [[32mPASS[0m in 0.60s]
[0m02:12:12.611674 [debug] [Thread-3 (]: Finished running node test.Healthcare_360.source_not_null_health_raw_facilities_facility_id.15f597718a
[0m02:12:12.614722 [debug] [Thread-3 (]: Began running node test.Healthcare_360.source_not_null_health_raw_patients_patient_id.30e86fa739
[0m02:12:12.614722 [info ] [Thread-3 (]: 8 of 32 START test source_not_null_health_raw_patients_patient_id .............. [RUN]
[0m02:12:12.614722 [debug] [Thread-3 (]: Re-using an available connection from the pool (formerly test.Healthcare_360.source_not_null_health_raw_facilities_facility_id.15f597718a, now test.Healthcare_360.source_not_null_health_raw_patients_patient_id.30e86fa739)
[0m02:12:12.619834 [debug] [Thread-3 (]: Began compiling node test.Healthcare_360.source_not_null_health_raw_patients_patient_id.30e86fa739
[0m02:12:12.647202 [debug] [Thread-3 (]: Writing injected SQL for node "test.Healthcare_360.source_not_null_health_raw_patients_patient_id.30e86fa739"
[0m02:12:12.652040 [debug] [Thread-3 (]: Began executing node test.Healthcare_360.source_not_null_health_raw_patients_patient_id.30e86fa739
[0m02:12:12.657648 [debug] [Thread-3 (]: Writing runtime sql for node "test.Healthcare_360.source_not_null_health_raw_patients_patient_id.30e86fa739"
[0m02:12:12.663709 [debug] [Thread-3 (]: Using snowflake connection "test.Healthcare_360.source_not_null_health_raw_patients_patient_id.30e86fa739"
[0m02:12:12.663709 [debug] [Thread-3 (]: On test.Healthcare_360.source_not_null_health_raw_patients_patient_id.30e86fa739: select
      count(*) as failures,
      count(*) != 0 as should_warn,
      count(*) != 0 as should_error
    from (
      
    
  
    
    



select patient_id
from HEALTH360_PROJECT.RAW.patients
where patient_id is null



  
  
      
    ) dbt_internal_test
/* {"app": "dbt", "dbt_version": "1.12.4", "profile_name": "health360_dbt", "target_name": "dev", "node_id": "test.Healthcare_360.source_not_null_health_raw_patients_patient_id.30e86fa739"} */
[0m02:12:12.907033 [debug] [Thread-2 (]: SQL status: SUCCESS 1 in 0.670 seconds
[0m02:12:12.907033 [info ] [Thread-2 (]: 7 of 32 PASS source_not_null_health_raw_patient_bills_claim_id ................. [[32mPASS[0m in 0.73s]
[0m02:12:12.922804 [debug] [Thread-2 (]: Finished running node test.Healthcare_360.source_not_null_health_raw_patient_bills_claim_id.bd4a1a026e
[0m02:12:12.924830 [debug] [Thread-2 (]: Began running node test.Healthcare_360.source_not_null_health_raw_stg_doctors_doctor_id.fb8b1af3ca
[0m02:12:12.924830 [info ] [Thread-2 (]: 9 of 32 START test source_not_null_health_raw_stg_doctors_doctor_id ............ [RUN]
[0m02:12:12.924830 [debug] [Thread-2 (]: Re-using an available connection from the pool (formerly test.Healthcare_360.source_not_null_health_raw_patient_bills_claim_id.bd4a1a026e, now test.Healthcare_360.source_not_null_health_raw_stg_doctors_doctor_id.fb8b1af3ca)
[0m02:12:12.929851 [debug] [Thread-2 (]: Began compiling node test.Healthcare_360.source_not_null_health_raw_stg_doctors_doctor_id.fb8b1af3ca
[0m02:12:12.960136 [debug] [Thread-2 (]: Writing injected SQL for node "test.Healthcare_360.source_not_null_health_raw_stg_doctors_doctor_id.fb8b1af3ca"
[0m02:12:12.960136 [debug] [Thread-2 (]: Began executing node test.Healthcare_360.source_not_null_health_raw_stg_doctors_doctor_id.fb8b1af3ca
[0m02:12:12.970085 [debug] [Thread-2 (]: Writing runtime sql for node "test.Healthcare_360.source_not_null_health_raw_stg_doctors_doctor_id.fb8b1af3ca"
[0m02:12:12.976578 [debug] [Thread-2 (]: Using snowflake connection "test.Healthcare_360.source_not_null_health_raw_stg_doctors_doctor_id.fb8b1af3ca"
[0m02:12:12.977807 [debug] [Thread-2 (]: On test.Healthcare_360.source_not_null_health_raw_stg_doctors_doctor_id.fb8b1af3ca: select
      count(*) as failures,
      count(*) != 0 as should_warn,
      count(*) != 0 as should_error
    from (
      
    
  
    
    



select doctor_id
from HEALTH360_PROJECT.RAW.stg_doctors
where doctor_id is null



  
  
      
    ) dbt_internal_test
/* {"app": "dbt", "dbt_version": "1.12.4", "profile_name": "health360_dbt", "target_name": "dev", "node_id": "test.Healthcare_360.source_not_null_health_raw_stg_doctors_doctor_id.fb8b1af3ca"} */
[0m02:12:13.050841 [debug] [Thread-3 (]: SQL status: SUCCESS 1 in 0.386 seconds
[0m02:12:13.050841 [info ] [Thread-3 (]: 8 of 32 PASS source_not_null_health_raw_patients_patient_id .................... [[32mPASS[0m in 0.44s]
[0m02:12:13.050841 [debug] [Thread-3 (]: Finished running node test.Healthcare_360.source_not_null_health_raw_patients_patient_id.30e86fa739
[0m02:12:13.060231 [debug] [Thread-3 (]: Began running node test.Healthcare_360.source_unique_health_raw_encounters_encounter_id.c05133eabd
[0m02:12:13.060231 [info ] [Thread-3 (]: 10 of 32 START test source_unique_health_raw_encounters_encounter_id ........... [RUN]
[0m02:12:13.060231 [debug] [Thread-3 (]: Re-using an available connection from the pool (formerly test.Healthcare_360.source_not_null_health_raw_patients_patient_id.30e86fa739, now test.Healthcare_360.source_unique_health_raw_encounters_encounter_id.c05133eabd)
[0m02:12:13.064226 [debug] [Thread-3 (]: Began compiling node test.Healthcare_360.source_unique_health_raw_encounters_encounter_id.c05133eabd
[0m02:12:13.083092 [debug] [Thread-3 (]: Writing injected SQL for node "test.Healthcare_360.source_unique_health_raw_encounters_encounter_id.c05133eabd"
[0m02:12:13.090232 [debug] [Thread-3 (]: Began executing node test.Healthcare_360.source_unique_health_raw_encounters_encounter_id.c05133eabd
[0m02:12:13.094053 [debug] [Thread-3 (]: Writing runtime sql for node "test.Healthcare_360.source_unique_health_raw_encounters_encounter_id.c05133eabd"
[0m02:12:13.095590 [debug] [Thread-3 (]: Using snowflake connection "test.Healthcare_360.source_unique_health_raw_encounters_encounter_id.c05133eabd"
[0m02:12:13.097808 [debug] [Thread-3 (]: On test.Healthcare_360.source_unique_health_raw_encounters_encounter_id.c05133eabd: select
      count(*) as failures,
      count(*) != 0 as should_warn,
      count(*) != 0 as should_error
    from (
      
    
  
    
    

select
    encounter_id as unique_field,
    count(*) as n_records

from HEALTH360_PROJECT.RAW.encounters
where encounter_id is not null
group by encounter_id
having count(*) > 1



  
  
      
    ) dbt_internal_test
/* {"app": "dbt", "dbt_version": "1.12.4", "profile_name": "health360_dbt", "target_name": "dev", "node_id": "test.Healthcare_360.source_unique_health_raw_encounters_encounter_id.c05133eabd"} */
[0m02:12:13.900765 [debug] [Thread-2 (]: Snowflake adapter: Snowflake query id: 01c72eba-030b-8fa2-0032-36730030e28e
[0m02:12:13.900765 [debug] [Thread-2 (]: Snowflake adapter: Snowflake error: 000904 (42000): SQL compilation error: error line 14 at position 7
invalid identifier 'DOCTOR_ID'
[0m02:12:13.932750 [debug] [Thread-3 (]: SQL status: SUCCESS 1 in 0.836 seconds
[0m02:12:13.941084 [info ] [Thread-3 (]: 10 of 32 PASS source_unique_health_raw_encounters_encounter_id ................. [[32mPASS[0m in 0.88s]
[0m02:12:13.941084 [debug] [Thread-3 (]: Finished running node test.Healthcare_360.source_unique_health_raw_encounters_encounter_id.c05133eabd
[0m02:12:13.941084 [debug] [Thread-3 (]: Began running node test.Healthcare_360.source_unique_health_raw_facilities_facility_id.6f13d0c0bd
[0m02:12:13.941084 [info ] [Thread-3 (]: 11 of 32 START test source_unique_health_raw_facilities_facility_id ............ [RUN]
[0m02:12:13.941084 [debug] [Thread-3 (]: Re-using an available connection from the pool (formerly test.Healthcare_360.source_unique_health_raw_encounters_encounter_id.c05133eabd, now test.Healthcare_360.source_unique_health_raw_facilities_facility_id.6f13d0c0bd)
[0m02:12:13.941084 [debug] [Thread-3 (]: Began compiling node test.Healthcare_360.source_unique_health_raw_facilities_facility_id.6f13d0c0bd
[0m02:12:13.967896 [debug] [Thread-3 (]: Writing injected SQL for node "test.Healthcare_360.source_unique_health_raw_facilities_facility_id.6f13d0c0bd"
[0m02:12:13.978704 [debug] [Thread-2 (]: Database Error in test source_not_null_health_raw_stg_doctors_doctor_id (models\staging\_sources.yml)
  000904 (42000): SQL compilation error: error line 14 at position 7
  invalid identifier 'DOCTOR_ID'
  compiled code at target\run\Healthcare_360\models\staging\_sources.yml\source_not_null_health_raw_stg_doctors_doctor_id.sql
[0m02:12:13.980953 [error] [Thread-2 (]: 9 of 32 ERROR source_not_null_health_raw_stg_doctors_doctor_id ................. [[31mERROR[0m in 1.05s]
[0m02:12:13.982821 [debug] [Thread-2 (]: Finished running node test.Healthcare_360.source_not_null_health_raw_stg_doctors_doctor_id.fb8b1af3ca
[0m02:12:13.982821 [debug] [Thread-2 (]: Began running node test.Healthcare_360.source_unique_health_raw_patient_bills_claim_id.99b9cb99f3
[0m02:12:13.982821 [debug] [Thread-3 (]: Began executing node test.Healthcare_360.source_unique_health_raw_facilities_facility_id.6f13d0c0bd
[0m02:12:13.982821 [info ] [Thread-2 (]: 12 of 32 START test source_unique_health_raw_patient_bills_claim_id ............ [RUN]
[0m02:12:13.982821 [debug] [Thread-3 (]: Writing runtime sql for node "test.Healthcare_360.source_unique_health_raw_facilities_facility_id.6f13d0c0bd"
[0m02:12:13.982821 [debug] [Thread-6 (]: Marking all children of 'test.Healthcare_360.source_not_null_health_raw_stg_doctors_doctor_id.fb8b1af3ca' to be skipped because of status 'error'.  Reason: Database Error in test source_not_null_health_raw_stg_doctors_doctor_id (models\staging\_sources.yml)
  000904 (42000): SQL compilation error: error line 14 at position 7
  invalid identifier 'DOCTOR_ID'
  compiled code at target\run\Healthcare_360\models\staging\_sources.yml\source_not_null_health_raw_stg_doctors_doctor_id.sql.
[0m02:12:13.982821 [debug] [Thread-2 (]: Re-using an available connection from the pool (formerly test.Healthcare_360.source_not_null_health_raw_stg_doctors_doctor_id.fb8b1af3ca, now test.Healthcare_360.source_unique_health_raw_patient_bills_claim_id.99b9cb99f3)
[0m02:12:13.993942 [debug] [Thread-2 (]: Began compiling node test.Healthcare_360.source_unique_health_raw_patient_bills_claim_id.99b9cb99f3
[0m02:12:14.008250 [debug] [Thread-2 (]: Writing injected SQL for node "test.Healthcare_360.source_unique_health_raw_patient_bills_claim_id.99b9cb99f3"
[0m02:12:14.012562 [debug] [Thread-3 (]: Using snowflake connection "test.Healthcare_360.source_unique_health_raw_facilities_facility_id.6f13d0c0bd"
[0m02:12:14.015182 [debug] [Thread-3 (]: On test.Healthcare_360.source_unique_health_raw_facilities_facility_id.6f13d0c0bd: select
      count(*) as failures,
      count(*) != 0 as should_warn,
      count(*) != 0 as should_error
    from (
      
    
  
    
    

select
    facility_id as unique_field,
    count(*) as n_records

from HEALTH360_PROJECT.RAW.facilities
where facility_id is not null
group by facility_id
having count(*) > 1



  
  
      
    ) dbt_internal_test
/* {"app": "dbt", "dbt_version": "1.12.4", "profile_name": "health360_dbt", "target_name": "dev", "node_id": "test.Healthcare_360.source_unique_health_raw_facilities_facility_id.6f13d0c0bd"} */
[0m02:12:14.017207 [debug] [Thread-2 (]: Began executing node test.Healthcare_360.source_unique_health_raw_patient_bills_claim_id.99b9cb99f3
[0m02:12:14.017207 [debug] [Thread-2 (]: Writing runtime sql for node "test.Healthcare_360.source_unique_health_raw_patient_bills_claim_id.99b9cb99f3"
[0m02:12:14.026713 [debug] [Thread-2 (]: Using snowflake connection "test.Healthcare_360.source_unique_health_raw_patient_bills_claim_id.99b9cb99f3"
[0m02:12:14.026713 [debug] [Thread-2 (]: On test.Healthcare_360.source_unique_health_raw_patient_bills_claim_id.99b9cb99f3: select
      count(*) as failures,
      count(*) != 0 as should_warn,
      count(*) != 0 as should_error
    from (
      
    
  
    
    

select
    claim_id as unique_field,
    count(*) as n_records

from HEALTH360_PROJECT.RAW.patient_bills
where claim_id is not null
group by claim_id
having count(*) > 1



  
  
      
    ) dbt_internal_test
/* {"app": "dbt", "dbt_version": "1.12.4", "profile_name": "health360_dbt", "target_name": "dev", "node_id": "test.Healthcare_360.source_unique_health_raw_patient_bills_claim_id.99b9cb99f3"} */
[0m02:12:14.652794 [debug] [Thread-3 (]: SQL status: SUCCESS 1 in 0.636 seconds
[0m02:12:14.654606 [info ] [Thread-3 (]: 11 of 32 PASS source_unique_health_raw_facilities_facility_id .................. [[32mPASS[0m in 0.71s]
[0m02:12:14.656372 [debug] [Thread-3 (]: Finished running node test.Healthcare_360.source_unique_health_raw_facilities_facility_id.6f13d0c0bd
[0m02:12:14.657102 [debug] [Thread-3 (]: Began running node test.Healthcare_360.source_unique_health_raw_patients_patient_id.138aa702e7
[0m02:12:14.657102 [info ] [Thread-3 (]: 13 of 32 START test source_unique_health_raw_patients_patient_id ............... [RUN]
[0m02:12:14.657102 [debug] [Thread-3 (]: Re-using an available connection from the pool (formerly test.Healthcare_360.source_unique_health_raw_facilities_facility_id.6f13d0c0bd, now test.Healthcare_360.source_unique_health_raw_patients_patient_id.138aa702e7)
[0m02:12:14.659124 [debug] [Thread-3 (]: Began compiling node test.Healthcare_360.source_unique_health_raw_patients_patient_id.138aa702e7
[0m02:12:14.668402 [debug] [Thread-3 (]: Writing injected SQL for node "test.Healthcare_360.source_unique_health_raw_patients_patient_id.138aa702e7"
[0m02:12:14.669149 [debug] [Thread-3 (]: Began executing node test.Healthcare_360.source_unique_health_raw_patients_patient_id.138aa702e7
[0m02:12:14.672816 [debug] [Thread-3 (]: Writing runtime sql for node "test.Healthcare_360.source_unique_health_raw_patients_patient_id.138aa702e7"
[0m02:12:14.675128 [debug] [Thread-3 (]: Using snowflake connection "test.Healthcare_360.source_unique_health_raw_patients_patient_id.138aa702e7"
[0m02:12:14.675651 [debug] [Thread-3 (]: On test.Healthcare_360.source_unique_health_raw_patients_patient_id.138aa702e7: select
      count(*) as failures,
      count(*) != 0 as should_warn,
      count(*) != 0 as should_error
    from (
      
    
  
    
    

select
    patient_id as unique_field,
    count(*) as n_records

from HEALTH360_PROJECT.RAW.patients
where patient_id is not null
group by patient_id
having count(*) > 1



  
  
      
    ) dbt_internal_test
/* {"app": "dbt", "dbt_version": "1.12.4", "profile_name": "health360_dbt", "target_name": "dev", "node_id": "test.Healthcare_360.source_unique_health_raw_patients_patient_id.138aa702e7"} */
[0m02:12:14.959810 [debug] [Thread-2 (]: SQL status: SUCCESS 1 in 0.933 seconds
[0m02:12:14.962947 [info ] [Thread-2 (]: 12 of 32 PASS source_unique_health_raw_patient_bills_claim_id .................. [[32mPASS[0m in 0.98s]
[0m02:12:14.968035 [debug] [Thread-2 (]: Finished running node test.Healthcare_360.source_unique_health_raw_patient_bills_claim_id.99b9cb99f3
[0m02:12:14.968035 [debug] [Thread-2 (]: Began running node test.Healthcare_360.source_unique_health_raw_stg_doctors_doctor_id.340828d64c
[0m02:12:14.968035 [info ] [Thread-2 (]: 14 of 32 START test source_unique_health_raw_stg_doctors_doctor_id ............. [RUN]
[0m02:12:14.968035 [debug] [Thread-2 (]: Re-using an available connection from the pool (formerly test.Healthcare_360.source_unique_health_raw_patient_bills_claim_id.99b9cb99f3, now test.Healthcare_360.source_unique_health_raw_stg_doctors_doctor_id.340828d64c)
[0m02:12:14.968035 [debug] [Thread-2 (]: Began compiling node test.Healthcare_360.source_unique_health_raw_stg_doctors_doctor_id.340828d64c
[0m02:12:14.984317 [debug] [Thread-2 (]: Writing injected SQL for node "test.Healthcare_360.source_unique_health_raw_stg_doctors_doctor_id.340828d64c"
[0m02:12:14.984317 [debug] [Thread-2 (]: Began executing node test.Healthcare_360.source_unique_health_raw_stg_doctors_doctor_id.340828d64c
[0m02:12:14.984317 [debug] [Thread-2 (]: Writing runtime sql for node "test.Healthcare_360.source_unique_health_raw_stg_doctors_doctor_id.340828d64c"
[0m02:12:14.984317 [debug] [Thread-2 (]: Using snowflake connection "test.Healthcare_360.source_unique_health_raw_stg_doctors_doctor_id.340828d64c"
[0m02:12:14.984317 [debug] [Thread-2 (]: On test.Healthcare_360.source_unique_health_raw_stg_doctors_doctor_id.340828d64c: select
      count(*) as failures,
      count(*) != 0 as should_warn,
      count(*) != 0 as should_error
    from (
      
    
  
    
    

select
    doctor_id as unique_field,
    count(*) as n_records

from HEALTH360_PROJECT.RAW.stg_doctors
where doctor_id is not null
group by doctor_id
having count(*) > 1



  
  
      
    ) dbt_internal_test
/* {"app": "dbt", "dbt_version": "1.12.4", "profile_name": "health360_dbt", "target_name": "dev", "node_id": "test.Healthcare_360.source_unique_health_raw_stg_doctors_doctor_id.340828d64c"} */
[0m02:12:15.377673 [debug] [Thread-3 (]: SQL status: SUCCESS 1 in 0.704 seconds
[0m02:12:15.377673 [info ] [Thread-3 (]: 13 of 32 PASS source_unique_health_raw_patients_patient_id ..................... [[32mPASS[0m in 0.72s]
[0m02:12:15.377673 [debug] [Thread-3 (]: Finished running node test.Healthcare_360.source_unique_health_raw_patients_patient_id.138aa702e7
[0m02:12:15.377673 [debug] [Thread-3 (]: Began running node model.Healthcare_360.dim_diagnosis
[0m02:12:15.377673 [info ] [Thread-3 (]: 15 of 32 START sql table model MARTS.dim_diagnosis ............................. [RUN]
[0m02:12:15.377673 [debug] [Thread-3 (]: Re-using an available connection from the pool (formerly test.Healthcare_360.source_unique_health_raw_patients_patient_id.138aa702e7, now model.Healthcare_360.dim_diagnosis)
[0m02:12:15.377673 [debug] [Thread-3 (]: Began compiling node model.Healthcare_360.dim_diagnosis
[0m02:12:15.393411 [debug] [Thread-3 (]: Writing injected SQL for node "model.Healthcare_360.dim_diagnosis"
[0m02:12:15.393411 [debug] [Thread-3 (]: Began executing node model.Healthcare_360.dim_diagnosis
[0m02:12:15.393411 [debug] [Thread-3 (]: Writing runtime sql for node "model.Healthcare_360.dim_diagnosis"
[0m02:12:15.393411 [debug] [Thread-3 (]: Using snowflake connection "model.Healthcare_360.dim_diagnosis"
[0m02:12:15.393411 [debug] [Thread-3 (]: On model.Healthcare_360.dim_diagnosis: create or replace transient table HEALTH360_PROJECT.MARTS.dim_diagnosis
    
    
    
    
    

    as (with stg as (
    select distinct
        diagnosis_code,
        diagnosis_description
    from HEALTH360_PROJECT.STAGING.stg_diagnosis
)

select
    md5(cast(coalesce(cast(diagnosis_code as TEXT), '_dbt_utils_surrogate_key_null_') as TEXT)) as diagnosis_sk,
    diagnosis_code,
    diagnosis_description                                       as description,
    'ICD-10'                                                    as icd_version
from stg
    )

/* {"app": "dbt", "dbt_version": "1.12.4", "profile_name": "health360_dbt", "target_name": "dev", "node_id": "model.Healthcare_360.dim_diagnosis"} */;
[0m02:12:15.443169 [debug] [Thread-2 (]: Snowflake adapter: Snowflake query id: 01c72eba-030b-8aae-0032-36730030025a
[0m02:12:15.443169 [debug] [Thread-2 (]: Snowflake adapter: Snowflake error: 000904 (42000): SQL compilation error: error line 13 at position 4
invalid identifier 'DOCTOR_ID'
[0m02:12:15.443169 [debug] [Thread-2 (]: Database Error in test source_unique_health_raw_stg_doctors_doctor_id (models\staging\_sources.yml)
  000904 (42000): SQL compilation error: error line 13 at position 4
  invalid identifier 'DOCTOR_ID'
  compiled code at target\run\Healthcare_360\models\staging\_sources.yml\source_unique_health_raw_stg_doctors_doctor_id.sql
[0m02:12:15.443169 [error] [Thread-2 (]: 14 of 32 ERROR source_unique_health_raw_stg_doctors_doctor_id .................. [[31mERROR[0m in 0.48s]
[0m02:12:15.452170 [debug] [Thread-2 (]: Finished running node test.Healthcare_360.source_unique_health_raw_stg_doctors_doctor_id.340828d64c
[0m02:12:15.452170 [debug] [Thread-2 (]: Began running node model.Healthcare_360.dim_procedure
[0m02:12:15.453186 [debug] [Thread-6 (]: Marking all children of 'test.Healthcare_360.source_unique_health_raw_stg_doctors_doctor_id.340828d64c' to be skipped because of status 'error'.  Reason: Database Error in test source_unique_health_raw_stg_doctors_doctor_id (models\staging\_sources.yml)
  000904 (42000): SQL compilation error: error line 13 at position 4
  invalid identifier 'DOCTOR_ID'
  compiled code at target\run\Healthcare_360\models\staging\_sources.yml\source_unique_health_raw_stg_doctors_doctor_id.sql.
[0m02:12:15.453186 [info ] [Thread-2 (]: 16 of 32 START sql table model MARTS.dim_procedure ............................. [RUN]
[0m02:12:15.453186 [debug] [Thread-2 (]: Re-using an available connection from the pool (formerly test.Healthcare_360.source_unique_health_raw_stg_doctors_doctor_id.340828d64c, now model.Healthcare_360.dim_procedure)
[0m02:12:15.453186 [debug] [Thread-2 (]: Began compiling node model.Healthcare_360.dim_procedure
[0m02:12:15.453186 [debug] [Thread-2 (]: Writing injected SQL for node "model.Healthcare_360.dim_procedure"
[0m02:12:15.453186 [debug] [Thread-2 (]: Began executing node model.Healthcare_360.dim_procedure
[0m02:12:15.459247 [debug] [Thread-2 (]: Writing runtime sql for node "model.Healthcare_360.dim_procedure"
[0m02:12:15.459247 [debug] [Thread-2 (]: Using snowflake connection "model.Healthcare_360.dim_procedure"
[0m02:12:15.459247 [debug] [Thread-2 (]: On model.Healthcare_360.dim_procedure: create or replace transient table HEALTH360_PROJECT.MARTS.dim_procedure
    
    
    
    
    

    as (with stg as (
    select distinct
        procedure_code,
        procedure_description
    from HEALTH360_PROJECT.STAGING.stg_procedures
)

select
    md5(cast(coalesce(cast(procedure_code as TEXT), '_dbt_utils_surrogate_key_null_') as TEXT)) as procedure_sk,
    procedure_code,
    procedure_description                                       as description
from stg
    )

/* {"app": "dbt", "dbt_version": "1.12.4", "profile_name": "health360_dbt", "target_name": "dev", "node_id": "model.Healthcare_360.dim_procedure"} */;
[0m02:12:16.702013 [debug] [Thread-2 (]: SQL status: SUCCESS 5 in 1.245 seconds
[0m02:12:16.702013 [debug] [Thread-2 (]: Sending event: {'category': 'dbt', 'action': 'run_model', 'label': '5adb9331-bfb1-4980-ac27-dc37fb1ced93', 'context': [<snowplow_tracker.self_describing_json.SelfDescribingJson object at 0x0000021309A0B980>]}
[0m02:12:16.702013 [debug] [Thread-3 (]: SQL status: SUCCESS 7 in 1.312 seconds
[0m02:12:16.717731 [debug] [Thread-3 (]: Sending event: {'category': 'dbt', 'action': 'run_model', 'label': '5adb9331-bfb1-4980-ac27-dc37fb1ced93', 'context': [<snowplow_tracker.self_describing_json.SelfDescribingJson object at 0x00000213006DA630>]}
[0m02:12:16.702013 [info ] [Thread-2 (]: 16 of 32 OK created sql table model MARTS.dim_procedure ........................ [[32mSUCCESS 5[0m in 1.25s]
[0m02:12:16.717731 [debug] [Thread-2 (]: Finished running node model.Healthcare_360.dim_procedure
[0m02:12:16.717731 [debug] [Thread-2 (]: Began running node model.Healthcare_360.stg_encounters
[0m02:12:16.717731 [info ] [Thread-3 (]: 15 of 32 OK created sql table model MARTS.dim_diagnosis ........................ [[32mSUCCESS 7[0m in 1.34s]
[0m02:12:16.717731 [debug] [Thread-3 (]: Finished running node model.Healthcare_360.dim_diagnosis
[0m02:12:16.727314 [debug] [Thread-3 (]: Began running node model.Healthcare_360.stg_facilities
[0m02:12:16.717731 [info ] [Thread-2 (]: 17 of 32 START sql view model STAGING.stg_encounters ........................... [RUN]
[0m02:12:16.729888 [debug] [Thread-2 (]: Re-using an available connection from the pool (formerly model.Healthcare_360.dim_procedure, now model.Healthcare_360.stg_encounters)
[0m02:12:16.728806 [info ] [Thread-3 (]: 18 of 32 START sql view model STAGING.stg_facilities ........................... [RUN]
[0m02:12:16.730597 [debug] [Thread-2 (]: Began compiling node model.Healthcare_360.stg_encounters
[0m02:12:16.730597 [debug] [Thread-3 (]: Re-using an available connection from the pool (formerly model.Healthcare_360.dim_diagnosis, now model.Healthcare_360.stg_facilities)
[0m02:12:16.735348 [debug] [Thread-2 (]: Writing injected SQL for node "model.Healthcare_360.stg_encounters"
[0m02:12:16.735348 [debug] [Thread-3 (]: Began compiling node model.Healthcare_360.stg_facilities
[0m02:12:16.735348 [debug] [Thread-3 (]: Writing injected SQL for node "model.Healthcare_360.stg_facilities"
[0m02:12:16.735348 [debug] [Thread-2 (]: Began executing node model.Healthcare_360.stg_encounters
[0m02:12:16.746831 [debug] [Thread-2 (]: Writing runtime sql for node "model.Healthcare_360.stg_encounters"
[0m02:12:16.746831 [debug] [Thread-3 (]: Began executing node model.Healthcare_360.stg_facilities
[0m02:12:16.752403 [debug] [Thread-3 (]: Writing runtime sql for node "model.Healthcare_360.stg_facilities"
[0m02:12:16.752403 [debug] [Thread-2 (]: Using snowflake connection "model.Healthcare_360.stg_encounters"
[0m02:12:16.752403 [debug] [Thread-2 (]: On model.Healthcare_360.stg_encounters: create or replace   view HEALTH360_PROJECT.STAGING.stg_encounters
  
  
  
  
  as (
    with source as (
    select * from HEALTH360_PROJECT.RAW.encounters
),

cleaned as (
    select
        encounter_id,
        patient_id,
        provider_id                           as doctor_id,
        facility_id,
        encounter_type                        as visit_type,
        encounter_date::timestamp_ntz         as admission_date,
        discharge_date::timestamp_ntz         as discharge_date,
        created_ts::timestamp_ntz             as created_at
    from source
)

select * from cleaned
  )
/* {"app": "dbt", "dbt_version": "1.12.4", "profile_name": "health360_dbt", "target_name": "dev", "node_id": "model.Healthcare_360.stg_encounters"} */;
[0m02:12:16.760643 [debug] [Thread-3 (]: Using snowflake connection "model.Healthcare_360.stg_facilities"
[0m02:12:16.763285 [debug] [Thread-3 (]: On model.Healthcare_360.stg_facilities: create or replace   view HEALTH360_PROJECT.STAGING.stg_facilities
  
  
  
  
  as (
    with source as (
    select * from HEALTH360_PROJECT.RAW.facilities
),

cleaned as (
    select
        facility_id,
        facility_name,
        address,
        city,
        state
    from source
)

select * from cleaned
  )
/* {"app": "dbt", "dbt_version": "1.12.4", "profile_name": "health360_dbt", "target_name": "dev", "node_id": "model.Healthcare_360.stg_facilities"} */;
[0m02:12:17.405497 [debug] [Thread-3 (]: SQL status: SUCCESS 1 in 0.652 seconds
[0m02:12:17.417991 [debug] [Thread-2 (]: SQL status: SUCCESS 1 in 0.661 seconds
[0m02:12:17.421177 [debug] [Thread-3 (]: Sending event: {'category': 'dbt', 'action': 'run_model', 'label': '5adb9331-bfb1-4980-ac27-dc37fb1ced93', 'context': [<snowplow_tracker.self_describing_json.SelfDescribingJson object at 0x00000213092113D0>]}
[0m02:12:17.421177 [debug] [Thread-2 (]: Sending event: {'category': 'dbt', 'action': 'run_model', 'label': '5adb9331-bfb1-4980-ac27-dc37fb1ced93', 'context': [<snowplow_tracker.self_describing_json.SelfDescribingJson object at 0x0000021309A0B320>]}
[0m02:12:17.421177 [info ] [Thread-3 (]: 18 of 32 OK created sql view model STAGING.stg_facilities ...................... [[32mSUCCESS 1[0m in 0.69s]
[0m02:12:17.437219 [debug] [Thread-3 (]: Finished running node model.Healthcare_360.stg_facilities
[0m02:12:17.421177 [info ] [Thread-2 (]: 17 of 32 OK created sql view model STAGING.stg_encounters ...................... [[32mSUCCESS 1[0m in 0.69s]
[0m02:12:17.437219 [debug] [Thread-3 (]: Began running node model.Healthcare_360.stg_patient_bills
[0m02:12:17.437219 [debug] [Thread-2 (]: Finished running node model.Healthcare_360.stg_encounters
[0m02:12:17.437219 [debug] [Thread-2 (]: Began running node model.Healthcare_360.stg_patients
[0m02:12:17.437219 [info ] [Thread-3 (]: 19 of 32 START sql view model STAGING.stg_patient_bills ........................ [RUN]
[0m02:12:17.446922 [debug] [Thread-3 (]: Re-using an available connection from the pool (formerly model.Healthcare_360.stg_facilities, now model.Healthcare_360.stg_patient_bills)
[0m02:12:17.448911 [debug] [Thread-3 (]: Began compiling node model.Healthcare_360.stg_patient_bills
[0m02:12:17.456645 [debug] [Thread-3 (]: Writing injected SQL for node "model.Healthcare_360.stg_patient_bills"
[0m02:12:17.445281 [info ] [Thread-2 (]: 20 of 32 START sql view model STAGING.stg_patients ............................. [RUN]
[0m02:12:17.463914 [debug] [Thread-3 (]: Began executing node model.Healthcare_360.stg_patient_bills
[0m02:12:17.465935 [debug] [Thread-2 (]: Re-using an available connection from the pool (formerly model.Healthcare_360.stg_encounters, now model.Healthcare_360.stg_patients)
[0m02:12:17.473792 [debug] [Thread-3 (]: Writing runtime sql for node "model.Healthcare_360.stg_patient_bills"
[0m02:12:17.473792 [debug] [Thread-2 (]: Began compiling node model.Healthcare_360.stg_patients
[0m02:12:17.482660 [debug] [Thread-2 (]: Writing injected SQL for node "model.Healthcare_360.stg_patients"
[0m02:12:17.484668 [debug] [Thread-3 (]: Using snowflake connection "model.Healthcare_360.stg_patient_bills"
[0m02:12:17.486174 [debug] [Thread-3 (]: On model.Healthcare_360.stg_patient_bills: create or replace   view HEALTH360_PROJECT.STAGING.stg_patient_bills
  
  
  
  
  as (
    with source as (
    select * from HEALTH360_PROJECT.RAW.patient_bills
),

cleaned as (
    select
        claim_id,
        encounter_id,
        billed_amount,
        allowed_amount,
        paid_amount,
        insurer,
        claim_status,
        claim_date::date as claim_date
    from source
)

select * from cleaned
  )
/* {"app": "dbt", "dbt_version": "1.12.4", "profile_name": "health360_dbt", "target_name": "dev", "node_id": "model.Healthcare_360.stg_patient_bills"} */;
[0m02:12:17.490190 [debug] [Thread-2 (]: Began executing node model.Healthcare_360.stg_patients
[0m02:12:17.496229 [debug] [Thread-2 (]: Writing runtime sql for node "model.Healthcare_360.stg_patients"
[0m02:12:17.500247 [debug] [Thread-2 (]: Using snowflake connection "model.Healthcare_360.stg_patients"
[0m02:12:17.500247 [debug] [Thread-2 (]: On model.Healthcare_360.stg_patients: create or replace   view HEALTH360_PROJECT.STAGING.stg_patients
  
  
  
  
  as (
    with source as (
    select * from HEALTH360_PROJECT.RAW.patients
),

cleaned as (
    select
        patient_id,
        first_name,
        last_name,
        first_name || ' ' || last_name   as full_name,
        dob::date                         as dob,
        gender,
        race,
        address,
        city,
        state,
        zip,
        created_ts::timestamp_ntz         as created_at
    from source
)

select * from cleaned
  )
/* {"app": "dbt", "dbt_version": "1.12.4", "profile_name": "health360_dbt", "target_name": "dev", "node_id": "model.Healthcare_360.stg_patients"} */;
[0m02:12:18.160088 [debug] [Thread-3 (]: SQL status: SUCCESS 1 in 0.673 seconds
[0m02:12:18.160088 [debug] [Thread-2 (]: SQL status: SUCCESS 1 in 0.662 seconds
[0m02:12:18.169062 [debug] [Thread-3 (]: Sending event: {'category': 'dbt', 'action': 'run_model', 'label': '5adb9331-bfb1-4980-ac27-dc37fb1ced93', 'context': [<snowplow_tracker.self_describing_json.SelfDescribingJson object at 0x00000213006D9AC0>]}
[0m02:12:18.174351 [debug] [Thread-2 (]: Sending event: {'category': 'dbt', 'action': 'run_model', 'label': '5adb9331-bfb1-4980-ac27-dc37fb1ced93', 'context': [<snowplow_tracker.self_describing_json.SelfDescribingJson object at 0x0000021309A099D0>]}
[0m02:12:18.174351 [info ] [Thread-3 (]: 19 of 32 OK created sql view model STAGING.stg_patient_bills ................... [[32mSUCCESS 1[0m in 0.72s]
[0m02:12:18.179794 [debug] [Thread-3 (]: Finished running node model.Healthcare_360.stg_patient_bills
[0m02:12:18.179794 [debug] [Thread-3 (]: Began running node model.Healthcare_360.stg_doctors
[0m02:12:18.174351 [info ] [Thread-2 (]: 20 of 32 OK created sql view model STAGING.stg_patients ........................ [[32mSUCCESS 1[0m in 0.71s]
[0m02:12:18.179794 [debug] [Thread-2 (]: Finished running node model.Healthcare_360.stg_patients
[0m02:12:18.179794 [debug] [Thread-2 (]: Began running node model.Healthcare_360.dim_facility
[0m02:12:18.179794 [info ] [Thread-3 (]: 21 of 32 SKIP relation STAGING.stg_doctors ..................................... [[33mSKIP[0m]
[0m02:12:18.188263 [debug] [Thread-3 (]: Finished running node model.Healthcare_360.stg_doctors
[0m02:12:18.179794 [info ] [Thread-2 (]: 22 of 32 START sql table model MARTS.dim_facility .............................. [RUN]
[0m02:12:18.188263 [debug] [Thread-2 (]: Re-using an available connection from the pool (formerly model.Healthcare_360.stg_patients, now model.Healthcare_360.dim_facility)
[0m02:12:18.188263 [debug] [Thread-2 (]: Began compiling node model.Healthcare_360.dim_facility
[0m02:12:18.196621 [debug] [Thread-6 (]: Marking all children of 'model.Healthcare_360.stg_doctors' to be skipped because of status 'skipped'. 
[0m02:12:18.198640 [debug] [Thread-2 (]: Writing injected SQL for node "model.Healthcare_360.dim_facility"
[0m02:12:18.200655 [debug] [Thread-3 (]: Began running node model.Healthcare_360.dim_patient
[0m02:12:18.202665 [debug] [Thread-2 (]: Began executing node model.Healthcare_360.dim_facility
[0m02:12:18.206688 [debug] [Thread-2 (]: Writing runtime sql for node "model.Healthcare_360.dim_facility"
[0m02:12:18.202665 [info ] [Thread-3 (]: 23 of 32 START sql table model MARTS.dim_patient ............................... [RUN]
[0m02:12:18.206688 [debug] [Thread-3 (]: Re-using an available connection from the pool (formerly model.Healthcare_360.stg_patient_bills, now model.Healthcare_360.dim_patient)
[0m02:12:18.208698 [debug] [Thread-3 (]: Began compiling node model.Healthcare_360.dim_patient
[0m02:12:18.212720 [debug] [Thread-3 (]: Writing injected SQL for node "model.Healthcare_360.dim_patient"
[0m02:12:18.214729 [debug] [Thread-3 (]: Began executing node model.Healthcare_360.dim_patient
[0m02:12:18.218752 [debug] [Thread-3 (]: Writing runtime sql for node "model.Healthcare_360.dim_patient"
[0m02:12:18.220763 [debug] [Thread-2 (]: Using snowflake connection "model.Healthcare_360.dim_facility"
[0m02:12:18.220763 [debug] [Thread-2 (]: On model.Healthcare_360.dim_facility: create or replace transient table HEALTH360_PROJECT.MARTS.dim_facility
    
    
    
    
    

    as (with stg as (
    select * from HEALTH360_PROJECT.STAGING.stg_facilities
)

select
    md5(cast(coalesce(cast(facility_id as TEXT), '_dbt_utils_surrogate_key_null_') as TEXT)) as facility_sk,
    facility_id,
    facility_name,
    address,
    city,
    state
from stg
    )

/* {"app": "dbt", "dbt_version": "1.12.4", "profile_name": "health360_dbt", "target_name": "dev", "node_id": "model.Healthcare_360.dim_facility"} */;
[0m02:12:18.224783 [debug] [Thread-3 (]: Using snowflake connection "model.Healthcare_360.dim_patient"
[0m02:12:18.226799 [debug] [Thread-3 (]: On model.Healthcare_360.dim_patient: create or replace transient table HEALTH360_PROJECT.MARTS.dim_patient
    
    
    
    
    

    as (with stg as (
    select * from HEALTH360_PROJECT.STAGING.stg_patients
)

select
    md5(cast(coalesce(cast(patient_id as TEXT), '_dbt_utils_surrogate_key_null_') as TEXT)) as patient_sk,
    patient_id,
    full_name,
    dob,
    gender,
    race,
    city,
    state,
    zip,
    current_date()              as effective_start_dt,
    null::date                  as effective_end_dt,
    true                        as is_current
from stg
    )

/* {"app": "dbt", "dbt_version": "1.12.4", "profile_name": "health360_dbt", "target_name": "dev", "node_id": "model.Healthcare_360.dim_patient"} */;
[0m02:12:19.361717 [debug] [Thread-2 (]: SQL status: SUCCESS 100 in 1.140 seconds
[0m02:12:19.369760 [debug] [Thread-2 (]: Sending event: {'category': 'dbt', 'action': 'run_model', 'label': '5adb9331-bfb1-4980-ac27-dc37fb1ced93', 'context': [<snowplow_tracker.self_describing_json.SelfDescribingJson object at 0x0000021309B3D040>]}
[0m02:12:19.376620 [debug] [Thread-3 (]: SQL status: SUCCESS 20000 in 1.150 seconds
[0m02:12:19.370769 [info ] [Thread-2 (]: 22 of 32 OK created sql table model MARTS.dim_facility ......................... [[32mSUCCESS 100[0m in 1.18s]
[0m02:12:19.380303 [debug] [Thread-3 (]: Sending event: {'category': 'dbt', 'action': 'run_model', 'label': '5adb9331-bfb1-4980-ac27-dc37fb1ced93', 'context': [<snowplow_tracker.self_describing_json.SelfDescribingJson object at 0x0000021309527350>]}
[0m02:12:19.382314 [debug] [Thread-2 (]: Finished running node model.Healthcare_360.dim_facility
[0m02:12:19.384325 [debug] [Thread-2 (]: Began running node snapshot.Healthcare_360.patient_snapshot
[0m02:12:19.382314 [info ] [Thread-3 (]: 23 of 32 OK created sql table model MARTS.dim_patient .......................... [[32mSUCCESS 20000[0m in 1.17s]
[0m02:12:19.386706 [debug] [Thread-3 (]: Finished running node model.Healthcare_360.dim_patient
[0m02:12:19.387307 [debug] [Thread-3 (]: Began running node model.Healthcare_360.dim_provider
[0m02:12:19.384325 [info ] [Thread-2 (]: 24 of 32 START snapshot SNAPSHOTS.patient_snapshot ............................. [RUN]
[0m02:12:19.387307 [debug] [Thread-2 (]: Re-using an available connection from the pool (formerly model.Healthcare_360.dim_facility, now snapshot.Healthcare_360.patient_snapshot)
[0m02:12:19.387307 [debug] [Thread-2 (]: Began compiling node snapshot.Healthcare_360.patient_snapshot
[0m02:12:19.396880 [debug] [Thread-2 (]: Writing injected SQL for node "snapshot.Healthcare_360.patient_snapshot"
[0m02:12:19.387307 [info ] [Thread-3 (]: 25 of 32 SKIP relation MARTS.dim_provider ...................................... [[33mSKIP[0m]
[0m02:12:19.403361 [debug] [Thread-3 (]: Finished running node model.Healthcare_360.dim_provider
[0m02:12:19.403361 [debug] [Thread-6 (]: Marking all children of 'model.Healthcare_360.dim_provider' to be skipped because of status 'skipped'. 
[0m02:12:19.403361 [debug] [Thread-2 (]: Began executing node snapshot.Healthcare_360.patient_snapshot
[0m02:12:19.456362 [debug] [Thread-3 (]: Began running node model.Healthcare_360.fact_encounter
[0m02:12:19.459131 [info ] [Thread-3 (]: 26 of 32 SKIP relation INTERMEDIATE.fact_encounter ............................. [[33mSKIP[0m]
[0m02:12:19.474951 [debug] [Thread-3 (]: Finished running node model.Healthcare_360.fact_encounter
[0m02:12:19.488694 [debug] [Thread-6 (]: Marking all children of 'model.Healthcare_360.fact_encounter' to be skipped because of status 'skipped'. 
[0m02:12:19.517545 [debug] [Thread-2 (]: Using snowflake connection "snapshot.Healthcare_360.patient_snapshot"
[0m02:12:19.517545 [debug] [Thread-3 (]: Began running node model.Healthcare_360.fact_claim
[0m02:12:19.517545 [debug] [Thread-2 (]: On snapshot.Healthcare_360.patient_snapshot: select * from (
        
    

    select *,
        md5(coalesce(cast(patient_id as varchar ), '')
         || '|' || coalesce(cast(to_timestamp_ntz(convert_timezone('UTC', current_timestamp())) as varchar ), '')
        ) as dbt_scd_id,
        to_timestamp_ntz(convert_timezone('UTC', current_timestamp())) as dbt_updated_at,
        to_timestamp_ntz(convert_timezone('UTC', current_timestamp())) as dbt_valid_from,
        
  
  coalesce(nullif(to_timestamp_ntz(convert_timezone('UTC', current_timestamp())), to_timestamp_ntz(convert_timezone('UTC', current_timestamp()))), null)
  as dbt_valid_to
from (
        



select
    patient_id,
    first_name,
    last_name,
    full_name,
    dob,
    gender,
    race,
    address,
    city,
    state,
    zip,
    created_at
from HEALTH360_PROJECT.STAGING.stg_patients

    ) sbq



    ) as __dbt_sbq
    where false
    limit 0
/* {"app": "dbt", "dbt_version": "1.12.4", "profile_name": "health360_dbt", "target_name": "dev", "node_id": "snapshot.Healthcare_360.patient_snapshot"} */
/* {"app": "dbt", "dbt_version": "1.12.4", "profile_name": "health360_dbt", "target_name": "dev", "node_id": "snapshot.Healthcare_360.patient_snapshot"} */
[0m02:12:19.517545 [info ] [Thread-3 (]: 27 of 32 SKIP relation INTERMEDIATE.fact_claim ................................. [[33mSKIP[0m]
[0m02:12:19.517545 [debug] [Thread-3 (]: Finished running node model.Healthcare_360.fact_claim
[0m02:12:19.517545 [debug] [Thread-3 (]: Began running node model.Healthcare_360.fact_diagnosis
[0m02:12:19.517545 [debug] [Thread-6 (]: Marking all children of 'model.Healthcare_360.fact_claim' to be skipped because of status 'skipped'. 
[0m02:12:19.525966 [info ] [Thread-3 (]: 28 of 32 SKIP relation INTERMEDIATE.fact_diagnosis ............................. [[33mSKIP[0m]
[0m02:12:19.525966 [debug] [Thread-3 (]: Finished running node model.Healthcare_360.fact_diagnosis
[0m02:12:19.525966 [debug] [Thread-3 (]: Began running node model.Healthcare_360.fact_procedure
[0m02:12:19.525966 [debug] [Thread-6 (]: Marking all children of 'model.Healthcare_360.fact_diagnosis' to be skipped because of status 'skipped'. 
[0m02:12:19.525966 [info ] [Thread-3 (]: 29 of 32 SKIP relation INTERMEDIATE.fact_procedure ............................. [[33mSKIP[0m]
[0m02:12:19.525966 [debug] [Thread-3 (]: Finished running node model.Healthcare_360.fact_procedure
[0m02:12:19.532086 [debug] [Thread-3 (]: Began running node model.Healthcare_360.readmission_dashboard
[0m02:12:19.532642 [debug] [Thread-6 (]: Marking all children of 'model.Healthcare_360.fact_procedure' to be skipped because of status 'skipped'. 
[0m02:12:19.532642 [info ] [Thread-3 (]: 30 of 32 SKIP relation MARTS.readmission_dashboard ............................. [[33mSKIP[0m]
[0m02:12:19.533612 [debug] [Thread-3 (]: Finished running node model.Healthcare_360.readmission_dashboard
[0m02:12:19.534214 [debug] [Thread-3 (]: Began running node model.Healthcare_360.cost_metrics
[0m02:12:19.534214 [debug] [Thread-6 (]: Marking all children of 'model.Healthcare_360.readmission_dashboard' to be skipped because of status 'skipped'. 
[0m02:12:19.534214 [info ] [Thread-3 (]: 31 of 32 SKIP relation MARTS.cost_metrics ...................................... [[33mSKIP[0m]
[0m02:12:19.534214 [debug] [Thread-3 (]: Finished running node model.Healthcare_360.cost_metrics
[0m02:12:19.536570 [debug] [Thread-3 (]: Began running node model.Healthcare_360.clinical_overview
[0m02:12:19.537853 [debug] [Thread-6 (]: Marking all children of 'model.Healthcare_360.cost_metrics' to be skipped because of status 'skipped'. 
[0m02:12:19.537853 [info ] [Thread-3 (]: 32 of 32 SKIP relation MARTS.clinical_overview ................................. [[33mSKIP[0m]
[0m02:12:19.541503 [debug] [Thread-3 (]: Finished running node model.Healthcare_360.clinical_overview
[0m02:12:19.541503 [debug] [Thread-6 (]: Marking all children of 'model.Healthcare_360.clinical_overview' to be skipped because of status 'skipped'. 
[0m02:12:20.072243 [debug] [Thread-2 (]: SQL status: SUCCESS 0 in 0.557 seconds
[0m02:12:20.086896 [debug] [Thread-2 (]: Using snowflake connection "snapshot.Healthcare_360.patient_snapshot"
[0m02:12:20.087556 [debug] [Thread-2 (]: On snapshot.Healthcare_360.patient_snapshot: select * from (
        select to_timestamp_ntz(convert_timezone('UTC', current_timestamp())) as dbt_snapshot_time
    ) as __dbt_sbq
    where false
    limit 0
/* {"app": "dbt", "dbt_version": "1.12.4", "profile_name": "health360_dbt", "target_name": "dev", "node_id": "snapshot.Healthcare_360.patient_snapshot"} */
/* {"app": "dbt", "dbt_version": "1.12.4", "profile_name": "health360_dbt", "target_name": "dev", "node_id": "snapshot.Healthcare_360.patient_snapshot"} */
[0m02:12:20.433630 [debug] [Thread-2 (]: SQL status: SUCCESS 0 in 0.347 seconds
[0m02:12:20.433630 [debug] [Thread-2 (]: Writing runtime sql for node "snapshot.Healthcare_360.patient_snapshot"
[0m02:12:20.433630 [debug] [Thread-2 (]: Using snowflake connection "snapshot.Healthcare_360.patient_snapshot"
[0m02:12:20.433630 [debug] [Thread-2 (]: On snapshot.Healthcare_360.patient_snapshot: create or replace transient table HEALTH360_PROJECT.SNAPSHOTS.patient_snapshot
    
    
    
    
    

    as (
    

    select *,
        md5(coalesce(cast(patient_id as varchar ), '')
         || '|' || coalesce(cast(to_timestamp_ntz(convert_timezone('UTC', current_timestamp())) as varchar ), '')
        ) as dbt_scd_id,
        to_timestamp_ntz(convert_timezone('UTC', current_timestamp())) as dbt_updated_at,
        to_timestamp_ntz(convert_timezone('UTC', current_timestamp())) as dbt_valid_from,
        
  
  coalesce(nullif(to_timestamp_ntz(convert_timezone('UTC', current_timestamp())), to_timestamp_ntz(convert_timezone('UTC', current_timestamp()))), null)
  as dbt_valid_to
from (
        



select
    patient_id,
    first_name,
    last_name,
    full_name,
    dob,
    gender,
    race,
    address,
    city,
    state,
    zip,
    created_at
from HEALTH360_PROJECT.STAGING.stg_patients

    ) sbq



    )

/* {"app": "dbt", "dbt_version": "1.12.4", "profile_name": "health360_dbt", "target_name": "dev", "node_id": "snapshot.Healthcare_360.patient_snapshot"} */;
[0m02:12:21.831852 [debug] [Thread-2 (]: SQL status: SUCCESS 20000 in 1.386 seconds
[0m02:12:21.842916 [debug] [Thread-2 (]: Sending event: {'category': 'dbt', 'action': 'run_model', 'label': '5adb9331-bfb1-4980-ac27-dc37fb1ced93', 'context': [<snowplow_tracker.self_describing_json.SelfDescribingJson object at 0x0000021309B8C3B0>]}
[0m02:12:21.842916 [info ] [Thread-2 (]: 24 of 32 OK snapshotted SNAPSHOTS.patient_snapshot ............................. [[32mSUCCESS 20000[0m in 2.46s]
[0m02:12:21.842916 [debug] [Thread-2 (]: Finished running node snapshot.Healthcare_360.patient_snapshot
[0m02:12:21.852559 [debug] [MainThread]: Connection 'master' was properly closed.
[0m02:12:21.852559 [debug] [MainThread]: Connection 'create_HEALTH360_PROJECT_SNAPSHOTS' was left open.
[0m02:12:21.853693 [debug] [MainThread]: On create_HEALTH360_PROJECT_SNAPSHOTS: Close
[0m02:12:22.551195 [debug] [MainThread]: Connection 'list_HEALTH360_PROJECT' was left open.
[0m02:12:22.551195 [debug] [MainThread]: On list_HEALTH360_PROJECT: Close
[0m02:12:23.259730 [debug] [MainThread]: Connection 'list_HEALTH360_PROJECT_MARTS' was left open.
[0m02:12:23.261500 [debug] [MainThread]: On list_HEALTH360_PROJECT_MARTS: Close
[0m02:12:23.841969 [debug] [MainThread]: Connection 'list_HEALTH360_PROJECT_SNAPSHOTS' was left open.
[0m02:12:23.844001 [debug] [MainThread]: On list_HEALTH360_PROJECT_SNAPSHOTS: Close
[0m02:12:24.450036 [debug] [MainThread]: Connection 'snapshot.Healthcare_360.patient_snapshot' was left open.
[0m02:12:24.454081 [debug] [MainThread]: On snapshot.Healthcare_360.patient_snapshot: Close
[0m02:12:25.097478 [debug] [MainThread]: Connection 'model.Healthcare_360.dim_patient' was left open.
[0m02:12:25.097478 [debug] [MainThread]: On model.Healthcare_360.dim_patient: Close
[0m02:12:25.715797 [info ] [MainThread]: 
[0m02:12:25.715797 [info ] [MainThread]: Finished running 1 snapshot, 13 table models, 10 data tests, 8 view models in 0 hours 0 minutes and 25.38 seconds (25.38s).
[0m02:12:25.717790 [debug] [MainThread]: Command end result
[0m02:12:25.775841 [debug] [MainThread]: Wrote artifact WritableManifest to C:\Learning\DBT\Healthcare_360\target\manifest.json
[0m02:12:25.775841 [debug] [MainThread]: Wrote artifact SemanticManifest to C:\Learning\DBT\Healthcare_360\target\semantic_manifest.json
[0m02:12:25.784143 [debug] [MainThread]: Wrote artifact OsiDocument to C:\Learning\DBT\Healthcare_360\target\osi_document.json
[0m02:12:25.795887 [debug] [MainThread]: Wrote artifact RunExecutionResult to C:\Learning\DBT\Healthcare_360\target\run_results.json
[0m02:12:25.795887 [info ] [MainThread]: 
[0m02:12:25.795887 [info ] [MainThread]: [31mCompleted with 2 errors, 0 partial successes, and 0 warnings:[0m
[0m02:12:25.795887 [info ] [MainThread]: 
[0m02:12:25.795887 [error] [MainThread]: [[31mERROR[0m]: in test source_not_null_health_raw_stg_doctors_doctor_id (models\staging\_sources.yml)
[0m02:12:25.795887 [error] [MainThread]:   Database Error in test source_not_null_health_raw_stg_doctors_doctor_id (models\staging\_sources.yml)
  000904 (42000): SQL compilation error: error line 14 at position 7
  invalid identifier 'DOCTOR_ID'
  compiled code at target\run\Healthcare_360\models\staging\_sources.yml\source_not_null_health_raw_stg_doctors_doctor_id.sql
[0m02:12:25.795887 [info ] [MainThread]: 
[0m02:12:25.800544 [info ] [MainThread]:   compiled code at target\compiled\Healthcare_360\models\staging\_sources.yml\source_not_null_health_raw_stg_doctors_doctor_id.sql
[0m02:12:25.800544 [info ] [MainThread]: 
[0m02:12:25.800544 [error] [MainThread]: [[31mERROR[0m]: in test source_unique_health_raw_stg_doctors_doctor_id (models\staging\_sources.yml)
[0m02:12:25.800544 [error] [MainThread]:   Database Error in test source_unique_health_raw_stg_doctors_doctor_id (models\staging\_sources.yml)
  000904 (42000): SQL compilation error: error line 13 at position 4
  invalid identifier 'DOCTOR_ID'
  compiled code at target\run\Healthcare_360\models\staging\_sources.yml\source_unique_health_raw_stg_doctors_doctor_id.sql
[0m02:12:25.800544 [info ] [MainThread]: 
[0m02:12:25.800544 [info ] [MainThread]:   compiled code at target\compiled\Healthcare_360\models\staging\_sources.yml\source_unique_health_raw_stg_doctors_doctor_id.sql
[0m02:12:25.800544 [info ] [MainThread]: 
[0m02:12:25.800544 [info ] [MainThread]: Done. PASS=21 WARN=0 ERROR=2 SKIP=9 NO-OP=0 REUSED=0 TOTAL=32
[0m02:12:25.800544 [debug] [MainThread]: Command `dbt build` failed at 02:12:25.800544 after 64.85 seconds
[0m02:12:25.800544 [debug] [MainThread]: Sending event: {'category': 'dbt', 'action': 'invocation', 'label': 'end', 'context': [<snowplow_tracker.self_describing_json.SelfDescribingJson object at 0x000002137FDB8C20>, <snowplow_tracker.self_describing_json.SelfDescribingJson object at 0x0000021301B284A0>, <snowplow_tracker.self_describing_json.SelfDescribingJson object at 0x000002137CBD7BC0>]}
[0m02:12:25.800544 [debug] [MainThread]: Flushing usage events
[0m02:12:27.143037 [debug] [MainThread]: An error was encountered while trying to flush usage events
[0m02:12:49.807545 [debug] [MainThread]: Sending event: {'category': 'dbt', 'action': 'invocation', 'label': 'start', 'context': [<snowplow_tracker.self_describing_json.SelfDescribingJson object at 0x00000169BD07CEF0>, <snowplow_tracker.self_describing_json.SelfDescribingJson object at 0x00000169C2583F80>, <snowplow_tracker.self_describing_json.SelfDescribingJson object at 0x00000169C2583F20>]}


============================== 02:12:49.819360 | fb58b655-f727-427f-bd9f-60ffb9c2be9f ==============================
[0m02:12:49.819360 [info ] [MainThread]: Running with dbt=1.12.4
[0m02:12:49.819360 [debug] [MainThread]: running dbt with arguments {'maximum_seed_size_mib': '1', 'no_print': 'None', 'static_parser': 'True', 'target_path': 'None', 'warn_error_options': 'WarnErrorOptionsV2(error=[], warn=[], silence=[])', 'version_check': 'True', 'printer_width': '80', 'write_json': 'True', 'empty': 'None', 'log_cache_events': 'False', 'introspect': 'True', 'cache_selected_only': 'False', 'log_format': 'default', 'debug': 'False', 'fail_fast': 'False', 'profiles_dir': 'C:\\Users\\SAIPRASANTHR\\.dbt', 'send_anonymous_usage_stats': 'True', 'quiet': 'False', 'warn_error': 'None', 'partial_parse': 'True', 'indirect_selection': 'eager', 'hints_enabled': 'True', 'invocation_command': 'dbt debug', 'use_experimental_parser': 'False', 'use_colors': 'True', 'log_path': 'C:\\Learning\\DBT\\Healthcare_360\\logs'}
[0m02:12:49.843847 [info ] [MainThread]: dbt version: 1.12.4
[0m02:12:49.843847 [info ] [MainThread]: python version: 3.12.13
[0m02:12:49.843847 [info ] [MainThread]: python path: C:\Users\SAIPRASANTHR\.conda\envs\dataeng\python.exe
[0m02:12:49.843847 [info ] [MainThread]: os info: Windows-11-10.0.26200-SP0
[0m02:12:50.852894 [debug] [MainThread]: Snowflake adapter: Setting snowflake.connector to ERROR (file logging only)
[0m02:12:50.852894 [debug] [MainThread]: Snowflake adapter: Setting botocore to ERROR (file logging only)
[0m02:12:50.852894 [debug] [MainThread]: Snowflake adapter: Setting boto3 to ERROR (file logging only)
[0m02:12:51.073858 [info ] [MainThread]: Using profiles dir at C:\Users\SAIPRASANTHR\.dbt
[0m02:12:51.073858 [info ] [MainThread]: Using profiles.yml file at C:\Users\SAIPRASANTHR\.dbt\profiles.yml
[0m02:12:51.073858 [info ] [MainThread]: Using dbt_project.yml file at C:\Learning\DBT\Healthcare_360\dbt_project.yml
[0m02:12:51.073858 [info ] [MainThread]: adapter type: snowflake
[0m02:12:51.073858 [info ] [MainThread]: adapter version: 1.12.0
[0m02:12:51.198103 [info ] [MainThread]: Configuration:
[0m02:12:51.198103 [info ] [MainThread]:   profiles.yml file [[32mOK found and valid[0m]
[0m02:12:51.198103 [info ] [MainThread]:   dbt_project.yml file [[32mOK found and valid[0m]
[0m02:12:51.198103 [info ] [MainThread]: Required dependencies:
[0m02:12:51.198103 [debug] [MainThread]: Executing "git --help"
[0m02:12:51.275926 [debug] [MainThread]: STDOUT: "b"usage: git [-v | --version] [-h | --help] [-C <path>] [-c <name>=<value>]\n           [--exec-path[=<path>]] [--html-path] [--man-path] [--info-path]\n           [-p | --paginate | -P | --no-pager] [--no-replace-objects] [--no-lazy-fetch]\n           [--no-optional-locks] [--no-advice] [--bare] [--git-dir=<path>]\n           [--work-tree=<path>] [--namespace=<name>] [--config-env=<name>=<envvar>]\n           <command> [<args>]\n\nThese are common Git commands used in various situations:\n\nstart a working area (see also: git help tutorial)\n   clone      Clone a repository into a new directory\n   init       Create an empty Git repository or reinitialize an existing one\n\nwork on the current change (see also: git help everyday)\n   add        Add file contents to the index\n   mv         Move or rename a file, a directory, or a symlink\n   restore    Restore working tree files\n   rm         Remove files from the working tree and from the index\n\nexamine the history and state (see also: git help revisions)\n   bisect     Use binary search to find the commit that introduced a bug\n   diff       Show changes between commits, commit and working tree, etc\n   grep       Print lines matching a pattern\n   log        Show commit logs\n   show       Show various types of objects\n   status     Show the working tree status\n\ngrow, mark and tweak your common history\n   backfill   Download missing objects in a partial clone\n   branch     List, create, or delete branches\n   commit     Record changes to the repository\n   history    EXPERIMENTAL: Rewrite history\n   merge      Join two or more development histories together\n   rebase     Reapply commits on top of another base tip\n   reset      Set `HEAD` or the index to a known state\n   switch     Switch branches\n   tag        Create, list, delete or verify tags\n\ncollaborate (see also: git help workflows)\n   fetch      Download objects and refs from another repository\n   pull       Fetch from and integrate with another repository or a local branch\n   push       Update remote refs along with associated objects\n\n'git help -a' and 'git help -g' list available subcommands and some\nconcept guides. See 'git help <command>' or 'git help <concept>'\nto read about a specific subcommand or concept.\nSee 'git help git' for an overview of the system.\n""
[0m02:12:51.275926 [debug] [MainThread]: STDERR: "b''"
[0m02:12:51.275926 [info ] [MainThread]:  - git [[32mOK found[0m]

[0m02:12:51.275926 [info ] [MainThread]: Connection:
[0m02:12:51.275926 [info ] [MainThread]:   account: CHNAFLS-ZSB47658
[0m02:12:51.275926 [info ] [MainThread]:   user: SAIPRASANTH
[0m02:12:51.275926 [info ] [MainThread]:   database: HEALTH360_PROJECT
[0m02:12:51.275926 [info ] [MainThread]:   warehouse: TRANSFORM_WH
[0m02:12:51.275926 [info ] [MainThread]:   role: health_dwh_role
[0m02:12:51.275926 [info ] [MainThread]:   schema: RAW
[0m02:12:51.275926 [info ] [MainThread]:   authenticator: None
[0m02:12:51.275926 [info ] [MainThread]:   oauth_client_id: None
[0m02:12:51.275926 [info ] [MainThread]:   query_tag: None
[0m02:12:51.275926 [info ] [MainThread]:   client_session_keep_alive: False
[0m02:12:51.275926 [info ] [MainThread]:   host: None
[0m02:12:51.286172 [info ] [MainThread]:   port: None
[0m02:12:51.286172 [info ] [MainThread]:   proxy_host: None
[0m02:12:51.289943 [info ] [MainThread]:   proxy_port: None
[0m02:12:51.289943 [info ] [MainThread]:   protocol: None
[0m02:12:51.289943 [info ] [MainThread]:   connect_retries: 1
[0m02:12:51.289943 [info ] [MainThread]:   connect_timeout: None
[0m02:12:51.294056 [info ] [MainThread]:   retry_on_database_errors: False
[0m02:12:51.294998 [info ] [MainThread]:   retry_all: False
[0m02:12:51.294998 [info ] [MainThread]:   insecure_mode: False
[0m02:12:51.294998 [info ] [MainThread]:   reuse_connections: True
[0m02:12:51.294998 [info ] [MainThread]:   s3_stage_vpce_dns_name: None
[0m02:12:51.294998 [info ] [MainThread]:   workload_identity_provider: None
[0m02:12:51.294998 [info ] [MainThread]:   workload_identity_entra_resource: None
[0m02:12:51.294998 [info ] [MainThread]:   platform_detection_timeout_seconds: 0.0
[0m02:12:51.294998 [info ] [MainThread]: Registered adapter: snowflake=1.12.0
[0m02:12:51.792624 [debug] [MainThread]: Acquiring new snowflake connection 'debug'
[0m02:12:51.792624 [debug] [MainThread]: Using snowflake connection "debug"
[0m02:12:51.792624 [debug] [MainThread]: On debug: select 1 as id
[0m02:12:51.792624 [debug] [MainThread]: Opening a new connection, currently in state init
[0m02:12:54.020466 [debug] [MainThread]: SQL status: SUCCESS 1 in 2.223 seconds
[0m02:12:54.020466 [info ] [MainThread]:   Connection test: [[32mOK connection ok[0m]

[0m02:12:54.029489 [info ] [MainThread]: [32mAll checks passed![0m
[0m02:12:54.029489 [debug] [MainThread]: Command `dbt debug` succeeded at 02:12:54.029489 after 4.40 seconds
[0m02:12:54.032446 [debug] [MainThread]: Connection 'debug' was left open.
[0m02:12:54.032446 [debug] [MainThread]: On debug: Close
[0m02:12:54.645178 [debug] [MainThread]: Sending event: {'category': 'dbt', 'action': 'invocation', 'label': 'end', 'context': [<snowplow_tracker.self_describing_json.SelfDescribingJson object at 0x00000169C05D8C20>, <snowplow_tracker.self_describing_json.SelfDescribingJson object at 0x00000169C7F88290>, <snowplow_tracker.self_describing_json.SelfDescribingJson object at 0x00000169BEC3D940>]}
[0m02:12:54.645950 [debug] [MainThread]: Flushing usage events
[0m02:12:55.708002 [debug] [MainThread]: An error was encountered while trying to flush usage events
[0m02:13:04.771710 [debug] [MainThread]: Sending event: {'category': 'dbt', 'action': 'invocation', 'label': 'start', 'context': [<snowplow_tracker.self_describing_json.SelfDescribingJson object at 0x0000023F4376B920>, <snowplow_tracker.self_describing_json.SelfDescribingJson object at 0x0000023F40A37D10>, <snowplow_tracker.self_describing_json.SelfDescribingJson object at 0x0000023F40987F80>]}


============================== 02:13:04.771710 | 9fe1df21-74de-49e8-90fa-e8adfc75a070 ==============================
[0m02:13:04.771710 [info ] [MainThread]: Running with dbt=1.12.4
[0m02:13:04.771710 [debug] [MainThread]: running dbt with arguments {'maximum_seed_size_mib': '1', 'no_print': 'None', 'version_check': 'True', 'target_path': 'None', 'static_parser': 'True', 'warn_error_options': 'WarnErrorOptionsV2(error=[], warn=[], silence=[])', 'printer_width': '80', 'write_json': 'True', 'introspect': 'True', 'log_cache_events': 'False', 'empty': 'False', 'cache_selected_only': 'False', 'log_format': 'default', 'debug': 'False', 'fail_fast': 'False', 'profiles_dir': 'C:\\Users\\SAIPRASANTHR\\.dbt', 'send_anonymous_usage_stats': 'True', 'quiet': 'False', 'warn_error': 'None', 'partial_parse': 'True', 'indirect_selection': 'eager', 'hints_enabled': 'True', 'use_colors': 'True', 'use_experimental_parser': 'False', 'invocation_command': 'dbt run', 'log_path': 'C:\\Learning\\DBT\\Healthcare_360\\logs'}
[0m02:13:05.869504 [debug] [MainThread]: Snowflake adapter: Setting snowflake.connector to ERROR (file logging only)
[0m02:13:05.869504 [debug] [MainThread]: Snowflake adapter: Setting botocore to ERROR (file logging only)
[0m02:13:05.869504 [debug] [MainThread]: Snowflake adapter: Setting boto3 to ERROR (file logging only)
[0m02:13:06.273040 [debug] [MainThread]: Sending event: {'category': 'dbt', 'action': 'project_id', 'label': '9fe1df21-74de-49e8-90fa-e8adfc75a070', 'context': [<snowplow_tracker.self_describing_json.SelfDescribingJson object at 0x0000023F4B615520>]}
[0m02:13:06.336269 [debug] [MainThread]: Sending event: {'category': 'dbt', 'action': 'adapter_info', 'label': '9fe1df21-74de-49e8-90fa-e8adfc75a070', 'context': [<snowplow_tracker.self_describing_json.SelfDescribingJson object at 0x0000023F4B277530>]}
[0m02:13:06.336269 [info ] [MainThread]: Registered adapter: snowflake=1.12.0
[0m02:13:06.821565 [debug] [MainThread]: checksum: 43c1271578ffc3f5e4620ff56cb8f61de61442f145dd894dfbd4e3c7f22810bf, vars: {}, profile: health360_dbt, target: dev, version: 1.12.4
[0m02:13:07.032131 [debug] [MainThread]: Partial parsing enabled: 0 files deleted, 0 files added, 0 files changed.
[0m02:13:07.038696 [debug] [MainThread]: Nothing changed, skipping partial parsing.
[0m02:13:07.038696 [debug] [MainThread]: Partial parsing enabled, no changes found, skipping parsing
[0m02:13:07.054582 [debug] [MainThread]: Sending event: {'category': 'dbt', 'action': 'load_project', 'label': '9fe1df21-74de-49e8-90fa-e8adfc75a070', 'context': [<snowplow_tracker.self_describing_json.SelfDescribingJson object at 0x0000023F4376BF80>]}
[0m02:13:07.250426 [debug] [MainThread]: Wrote artifact WritableManifest to C:\Learning\DBT\Healthcare_360\target\manifest.json
[0m02:13:07.250426 [debug] [MainThread]: Wrote artifact SemanticManifest to C:\Learning\DBT\Healthcare_360\target\semantic_manifest.json
[0m02:13:07.276233 [debug] [MainThread]: Wrote artifact OsiDocument to C:\Learning\DBT\Healthcare_360\target\osi_document.json
[0m02:13:07.292321 [debug] [MainThread]: Sending event: {'category': 'dbt', 'action': 'resource_counts', 'label': '9fe1df21-74de-49e8-90fa-e8adfc75a070', 'context': [<snowplow_tracker.self_describing_json.SelfDescribingJson object at 0x0000023F4BA57AA0>]}
[0m02:13:07.292321 [info ] [MainThread]: Found 21 models, 1 snapshot, 10 data tests, 8 sources, 662 macros
[0m02:13:07.292321 [debug] [MainThread]: Sending event: {'category': 'dbt', 'action': 'runnable_timing', 'label': '9fe1df21-74de-49e8-90fa-e8adfc75a070', 'context': [<snowplow_tracker.self_describing_json.SelfDescribingJson object at 0x0000023F4BDC2C30>]}
[0m02:13:07.304565 [info ] [MainThread]: 
[0m02:13:07.304565 [info ] [MainThread]: Concurrency: 2 threads (target='dev')
[0m02:13:07.304565 [info ] [MainThread]: 
[0m02:13:07.304565 [debug] [MainThread]: Acquiring new snowflake connection 'master'
[0m02:13:07.313271 [debug] [ThreadPool]: Acquiring new snowflake connection 'list_HEALTH360_PROJECT'
[0m02:13:07.324702 [debug] [ThreadPool]: Acquiring new snowflake connection 'list_HEALTH360_PROJECT'
[0m02:13:07.327283 [debug] [ThreadPool]: Using snowflake connection "list_HEALTH360_PROJECT"
[0m02:13:07.327283 [debug] [ThreadPool]: On list_HEALTH360_PROJECT: show terse schemas in database HEALTH360_PROJECT
    limit 10000
/* {"app": "dbt", "dbt_version": "1.12.4", "profile_name": "health360_dbt", "target_name": "dev", "connection_name": "list_HEALTH360_PROJECT"} */
[0m02:13:07.327283 [debug] [ThreadPool]: Opening a new connection, currently in state init
[0m02:13:07.327283 [debug] [ThreadPool]: Using snowflake connection "list_HEALTH360_PROJECT"
[0m02:13:07.327283 [debug] [ThreadPool]: On list_HEALTH360_PROJECT: show terse schemas in database HEALTH360_PROJECT
    limit 10000
/* {"app": "dbt", "dbt_version": "1.12.4", "profile_name": "health360_dbt", "target_name": "dev", "connection_name": "list_HEALTH360_PROJECT"} */
[0m02:13:07.327283 [debug] [ThreadPool]: Opening a new connection, currently in state init
[0m02:13:09.848416 [debug] [ThreadPool]: SQL status: SUCCESS 11 in 2.508 seconds
[0m02:13:09.848416 [debug] [ThreadPool]: Using snowflake connection "list_HEALTH360_PROJECT"
[0m02:13:09.855603 [debug] [ThreadPool]: On list_HEALTH360_PROJECT: show terse schemas in database HEALTH360_PROJECT
    limit 10000
/* {"app": "dbt", "dbt_version": "1.12.4", "profile_name": "health360_dbt", "target_name": "dev", "connection_name": "list_HEALTH360_PROJECT"} */
[0m02:13:10.106888 [debug] [ThreadPool]: SQL status: SUCCESS 11 in 2.771 seconds
[0m02:13:10.256574 [debug] [ThreadPool]: SQL status: SUCCESS 11 in 0.400 seconds
[0m02:13:10.262226 [debug] [ThreadPool]: Acquiring new snowflake connection 'list_HEALTH360_PROJECT_MARTS'
[0m02:13:10.271590 [debug] [ThreadPool]: Acquiring new snowflake connection 'list_HEALTH360_PROJECT_INTERMEDIATE'
[0m02:13:10.336352 [debug] [ThreadPool]: Using snowflake connection "list_HEALTH360_PROJECT_INTERMEDIATE"
[0m02:13:10.336352 [debug] [ThreadPool]: On list_HEALTH360_PROJECT_INTERMEDIATE: show objects in HEALTH360_PROJECT.INTERMEDIATE
    limit 10000
    

/* {"app": "dbt", "dbt_version": "1.12.4", "profile_name": "health360_dbt", "target_name": "dev", "connection_name": "list_HEALTH360_PROJECT_INTERMEDIATE"} */;
[0m02:13:10.336352 [debug] [ThreadPool]: Opening a new connection, currently in state init
[0m02:13:10.319849 [debug] [ThreadPool]: Using snowflake connection "list_HEALTH360_PROJECT_MARTS"
[0m02:13:10.336352 [debug] [ThreadPool]: On list_HEALTH360_PROJECT_MARTS: show objects in HEALTH360_PROJECT.MARTS
    limit 10000
    

/* {"app": "dbt", "dbt_version": "1.12.4", "profile_name": "health360_dbt", "target_name": "dev", "connection_name": "list_HEALTH360_PROJECT_MARTS"} */;
[0m02:13:10.336352 [debug] [ThreadPool]: Opening a new connection, currently in state init
[0m02:13:12.407893 [debug] [ThreadPool]: SQL status: SUCCESS 8 in 2.067 seconds
[0m02:13:12.434133 [debug] [ThreadPool]: Using snowflake connection "list_HEALTH360_PROJECT_MARTS"
[0m02:13:12.435926 [debug] [ThreadPool]: On list_HEALTH360_PROJECT_MARTS: show user functions in HEALTH360_PROJECT.MARTS
/* {"app": "dbt", "dbt_version": "1.12.4", "profile_name": "health360_dbt", "target_name": "dev", "connection_name": "list_HEALTH360_PROJECT_MARTS"} */
[0m02:13:12.499708 [debug] [ThreadPool]: SQL status: SUCCESS 0 in 2.163 seconds
[0m02:13:12.513114 [debug] [ThreadPool]: Using snowflake connection "list_HEALTH360_PROJECT_INTERMEDIATE"
[0m02:13:12.515164 [debug] [ThreadPool]: On list_HEALTH360_PROJECT_INTERMEDIATE: show user functions in HEALTH360_PROJECT.INTERMEDIATE
/* {"app": "dbt", "dbt_version": "1.12.4", "profile_name": "health360_dbt", "target_name": "dev", "connection_name": "list_HEALTH360_PROJECT_INTERMEDIATE"} */
[0m02:13:12.786424 [debug] [ThreadPool]: SQL status: SUCCESS 0 in 0.349 seconds
[0m02:13:12.799742 [debug] [ThreadPool]: Re-using an available connection from the pool (formerly list_HEALTH360_PROJECT_MARTS, now list_HEALTH360_PROJECT_STAGING)
[0m02:13:12.818476 [debug] [ThreadPool]: Using snowflake connection "list_HEALTH360_PROJECT_STAGING"
[0m02:13:12.818476 [debug] [ThreadPool]: On list_HEALTH360_PROJECT_STAGING: show objects in HEALTH360_PROJECT.STAGING
    limit 10000
    

/* {"app": "dbt", "dbt_version": "1.12.4", "profile_name": "health360_dbt", "target_name": "dev", "connection_name": "list_HEALTH360_PROJECT_STAGING"} */;
[0m02:13:12.842623 [debug] [ThreadPool]: SQL status: SUCCESS 0 in 0.328 seconds
[0m02:13:12.842623 [debug] [ThreadPool]: Re-using an available connection from the pool (formerly list_HEALTH360_PROJECT_INTERMEDIATE, now list_HEALTH360_PROJECT_SNAPSHOTS)
[0m02:13:12.842623 [debug] [ThreadPool]: Using snowflake connection "list_HEALTH360_PROJECT_SNAPSHOTS"
[0m02:13:12.842623 [debug] [ThreadPool]: On list_HEALTH360_PROJECT_SNAPSHOTS: show objects in HEALTH360_PROJECT.SNAPSHOTS
    limit 10000
    

/* {"app": "dbt", "dbt_version": "1.12.4", "profile_name": "health360_dbt", "target_name": "dev", "connection_name": "list_HEALTH360_PROJECT_SNAPSHOTS"} */;
[0m02:13:13.351288 [debug] [ThreadPool]: SQL status: SUCCESS 1 in 0.499 seconds
[0m02:13:13.361924 [debug] [ThreadPool]: Using snowflake connection "list_HEALTH360_PROJECT_SNAPSHOTS"
[0m02:13:13.371488 [debug] [ThreadPool]: On list_HEALTH360_PROJECT_SNAPSHOTS: show user functions in HEALTH360_PROJECT.SNAPSHOTS
/* {"app": "dbt", "dbt_version": "1.12.4", "profile_name": "health360_dbt", "target_name": "dev", "connection_name": "list_HEALTH360_PROJECT_SNAPSHOTS"} */
[0m02:13:13.361924 [debug] [ThreadPool]: SQL status: SUCCESS 10 in 0.548 seconds
[0m02:13:13.391121 [debug] [ThreadPool]: Using snowflake connection "list_HEALTH360_PROJECT_STAGING"
[0m02:13:13.391121 [debug] [ThreadPool]: On list_HEALTH360_PROJECT_STAGING: show user functions in HEALTH360_PROJECT.STAGING
/* {"app": "dbt", "dbt_version": "1.12.4", "profile_name": "health360_dbt", "target_name": "dev", "connection_name": "list_HEALTH360_PROJECT_STAGING"} */
[0m02:13:13.761639 [debug] [ThreadPool]: SQL status: SUCCESS 0 in 0.387 seconds
[0m02:13:13.800477 [debug] [ThreadPool]: SQL status: SUCCESS 0 in 0.406 seconds
[0m02:13:13.816571 [debug] [MainThread]: Sending event: {'category': 'dbt', 'action': 'runnable_timing', 'label': '9fe1df21-74de-49e8-90fa-e8adfc75a070', 'context': [<snowplow_tracker.self_describing_json.SelfDescribingJson object at 0x0000023F4BE9D1F0>]}
[0m02:13:13.839845 [debug] [Thread-2 (]: Began running node model.Healthcare_360.dim_date
[0m02:13:13.839845 [debug] [Thread-3 (]: Began running node model.Healthcare_360.stg_diagnosis
[0m02:13:13.851527 [info ] [Thread-3 (]: 2 of 21 START sql view model STAGING.stg_diagnosis ............................. [RUN]
[0m02:13:13.856629 [debug] [Thread-3 (]: Acquiring new snowflake connection 'model.Healthcare_360.stg_diagnosis'
[0m02:13:13.851527 [info ] [Thread-2 (]: 1 of 21 START sql table model MARTS.dim_date ................................... [RUN]
[0m02:13:13.858695 [debug] [Thread-3 (]: Began compiling node model.Healthcare_360.stg_diagnosis
[0m02:13:13.862810 [debug] [Thread-2 (]: Acquiring new snowflake connection 'model.Healthcare_360.dim_date'
[0m02:13:13.880799 [debug] [Thread-3 (]: Writing injected SQL for node "model.Healthcare_360.stg_diagnosis"
[0m02:13:13.880799 [debug] [Thread-2 (]: Began compiling node model.Healthcare_360.dim_date
[0m02:13:13.913563 [debug] [Thread-2 (]: Using snowflake connection "model.Healthcare_360.dim_date"
[0m02:13:13.913563 [debug] [Thread-2 (]: On model.Healthcare_360.dim_date: select datediff(
        day,
        cast('2015-01-01' as date),
        cast('2035-12-31' as date)
        )
/* {"app": "dbt", "dbt_version": "1.12.4", "profile_name": "health360_dbt", "target_name": "dev", "node_id": "model.Healthcare_360.dim_date"} */
[0m02:13:13.913563 [debug] [Thread-2 (]: Opening a new connection, currently in state init
[0m02:13:13.921618 [debug] [Thread-3 (]: Began executing node model.Healthcare_360.stg_diagnosis
[0m02:13:13.961947 [debug] [Thread-3 (]: Writing runtime sql for node "model.Healthcare_360.stg_diagnosis"
[0m02:13:13.978078 [debug] [Thread-3 (]: Using snowflake connection "model.Healthcare_360.stg_diagnosis"
[0m02:13:13.978078 [debug] [Thread-3 (]: On model.Healthcare_360.stg_diagnosis: create or replace   view HEALTH360_PROJECT.STAGING.stg_diagnosis
  
  
  
  
  as (
    with source as (
    select * from HEALTH360_PROJECT.RAW.diagnosis_records
),

cleaned as (
    select
        encounter_id,
        diagnosis_code,
        diagnosis_description,
        diagnosis_rank
    from source
)

select * from cleaned
  )
/* {"app": "dbt", "dbt_version": "1.12.4", "profile_name": "health360_dbt", "target_name": "dev", "node_id": "model.Healthcare_360.stg_diagnosis"} */;
[0m02:13:13.978078 [debug] [Thread-3 (]: Opening a new connection, currently in state init
[0m02:13:15.628550 [debug] [Thread-2 (]: SQL status: SUCCESS 1 in 1.710 seconds
[0m02:13:15.646395 [debug] [Thread-2 (]: Writing injected SQL for node "model.Healthcare_360.dim_date"
[0m02:13:15.648409 [debug] [Thread-2 (]: Began executing node model.Healthcare_360.dim_date
[0m02:13:15.674589 [debug] [Thread-2 (]: Writing runtime sql for node "model.Healthcare_360.dim_date"
[0m02:13:15.674589 [debug] [Thread-2 (]: Using snowflake connection "model.Healthcare_360.dim_date"
[0m02:13:15.674589 [debug] [Thread-2 (]: On model.Healthcare_360.dim_date: create or replace transient table HEALTH360_PROJECT.MARTS.dim_date
    
    
    
    
    

    as (

with date_spine as (
    





with rawdata as (

    

    

    with p as (
        select 0 as generated_number union all select 1
    ), unioned as (

    select

    
    p0.generated_number * power(2, 0)
     + 
    
    p1.generated_number * power(2, 1)
     + 
    
    p2.generated_number * power(2, 2)
     + 
    
    p3.generated_number * power(2, 3)
     + 
    
    p4.generated_number * power(2, 4)
     + 
    
    p5.generated_number * power(2, 5)
     + 
    
    p6.generated_number * power(2, 6)
     + 
    
    p7.generated_number * power(2, 7)
     + 
    
    p8.generated_number * power(2, 8)
     + 
    
    p9.generated_number * power(2, 9)
     + 
    
    p10.generated_number * power(2, 10)
     + 
    
    p11.generated_number * power(2, 11)
     + 
    
    p12.generated_number * power(2, 12)
    
    
    + 1
    as generated_number

    from

    
    p as p0
     cross join 
    
    p as p1
     cross join 
    
    p as p2
     cross join 
    
    p as p3
     cross join 
    
    p as p4
     cross join 
    
    p as p5
     cross join 
    
    p as p6
     cross join 
    
    p as p7
     cross join 
    
    p as p8
     cross join 
    
    p as p9
     cross join 
    
    p as p10
     cross join 
    
    p as p11
     cross join 
    
    p as p12
    
    

    )

    select *
    from unioned
    where generated_number <= 7669
    order by generated_number



),

all_periods as (

    select (
        

    dateadd(
        day,
        row_number() over (order by generated_number) - 1,
        cast('2015-01-01' as date)
        )


    ) as date_day
    from rawdata

),

filtered as (

    select *
    from all_periods
    where date_day <= cast('2035-12-31' as date)

)

select * from filtered


)

select
    to_number(to_char(date_day, 'YYYYMMDD'))                        as date_sk,
    date_day                                                         as full_date,
    day(date_day)                                                    as day,
    month(date_day)                                                  as month,
    monthname(date_day)                                              as month_name,
    quarter(date_day)                                                as quarter,
    year(date_day)                                                   as year,
    dayofweekiso(date_day)                                           as day_of_week,
    dayname(date_day)                                                as day_name,
    iff(dayofweek(date_day) in (0, 6), true, false)                  as is_weekend
from date_spine
    )

/* {"app": "dbt", "dbt_version": "1.12.4", "profile_name": "health360_dbt", "target_name": "dev", "node_id": "model.Healthcare_360.dim_date"} */;
[0m02:13:15.947540 [debug] [Thread-3 (]: SQL status: SUCCESS 1 in 1.963 seconds
[0m02:13:15.992769 [debug] [Thread-3 (]: Sending event: {'category': 'dbt', 'action': 'run_model', 'label': '9fe1df21-74de-49e8-90fa-e8adfc75a070', 'context': [<snowplow_tracker.self_describing_json.SelfDescribingJson object at 0x0000023F45A24D70>]}
[0m02:13:15.997935 [info ] [Thread-3 (]: 2 of 21 OK created sql view model STAGING.stg_diagnosis ........................ [[32mSUCCESS 1[0m in 2.14s]
[0m02:13:15.997935 [debug] [Thread-3 (]: Finished running node model.Healthcare_360.stg_diagnosis
[0m02:13:15.997935 [debug] [Thread-3 (]: Began running node model.Healthcare_360.stg_doctors
[0m02:13:16.002513 [info ] [Thread-3 (]: 3 of 21 START sql view model STAGING.stg_doctors ............................... [RUN]
[0m02:13:16.002513 [debug] [Thread-3 (]: Re-using an available connection from the pool (formerly model.Healthcare_360.stg_diagnosis, now model.Healthcare_360.stg_doctors)
[0m02:13:16.004521 [debug] [Thread-3 (]: Began compiling node model.Healthcare_360.stg_doctors
[0m02:13:16.005123 [debug] [Thread-3 (]: Writing injected SQL for node "model.Healthcare_360.stg_doctors"
[0m02:13:16.009418 [debug] [Thread-3 (]: Began executing node model.Healthcare_360.stg_doctors
[0m02:13:16.011474 [debug] [Thread-3 (]: Writing runtime sql for node "model.Healthcare_360.stg_doctors"
[0m02:13:16.011474 [debug] [Thread-3 (]: Using snowflake connection "model.Healthcare_360.stg_doctors"
[0m02:13:16.011474 [debug] [Thread-3 (]: On model.Healthcare_360.stg_doctors: create or replace   view HEALTH360_PROJECT.STAGING.stg_doctors
  
  
  
  
  as (
    -- STG_DOCTORS in RAW currently holds facility columns.
-- Replace source table once actual doctor/provider data is loaded.
with source as (
    select * from HEALTH360_PROJECT.RAW.stg_doctors
),

cleaned as (
    select
        facility_id::varchar  as provider_id,
        facility_name         as full_name,
        null::varchar         as npi,
        null::varchar         as specialty,
        null::varchar         as department,
        facility_id::varchar  as facility_id
    from source
)

select * from cleaned
  )
/* {"app": "dbt", "dbt_version": "1.12.4", "profile_name": "health360_dbt", "target_name": "dev", "node_id": "model.Healthcare_360.stg_doctors"} */;
[0m02:13:16.768256 [debug] [Thread-3 (]: SQL status: SUCCESS 1 in 0.755 seconds
[0m02:13:16.768256 [debug] [Thread-3 (]: Sending event: {'category': 'dbt', 'action': 'run_model', 'label': '9fe1df21-74de-49e8-90fa-e8adfc75a070', 'context': [<snowplow_tracker.self_describing_json.SelfDescribingJson object at 0x0000023F4BE9A540>]}
[0m02:13:16.768256 [info ] [Thread-3 (]: 3 of 21 OK created sql view model STAGING.stg_doctors .......................... [[32mSUCCESS 1[0m in 0.77s]
[0m02:13:16.783653 [debug] [Thread-3 (]: Finished running node model.Healthcare_360.stg_doctors
[0m02:13:16.783653 [debug] [Thread-3 (]: Began running node model.Healthcare_360.stg_encounters
[0m02:13:16.785673 [info ] [Thread-3 (]: 4 of 21 START sql view model STAGING.stg_encounters ............................ [RUN]
[0m02:13:16.788210 [debug] [Thread-3 (]: Re-using an available connection from the pool (formerly model.Healthcare_360.stg_doctors, now model.Healthcare_360.stg_encounters)
[0m02:13:16.790229 [debug] [Thread-3 (]: Began compiling node model.Healthcare_360.stg_encounters
[0m02:13:16.799089 [debug] [Thread-3 (]: Writing injected SQL for node "model.Healthcare_360.stg_encounters"
[0m02:13:16.804870 [debug] [Thread-3 (]: Began executing node model.Healthcare_360.stg_encounters
[0m02:13:16.812240 [debug] [Thread-3 (]: Writing runtime sql for node "model.Healthcare_360.stg_encounters"
[0m02:13:16.817804 [debug] [Thread-3 (]: Using snowflake connection "model.Healthcare_360.stg_encounters"
[0m02:13:16.817804 [debug] [Thread-3 (]: On model.Healthcare_360.stg_encounters: create or replace   view HEALTH360_PROJECT.STAGING.stg_encounters
  
  
  
  
  as (
    with source as (
    select * from HEALTH360_PROJECT.RAW.encounters
),

cleaned as (
    select
        encounter_id,
        patient_id,
        provider_id                           as doctor_id,
        facility_id,
        encounter_type                        as visit_type,
        encounter_date::timestamp_ntz         as admission_date,
        discharge_date::timestamp_ntz         as discharge_date,
        created_ts::timestamp_ntz             as created_at
    from source
)

select * from cleaned
  )
/* {"app": "dbt", "dbt_version": "1.12.4", "profile_name": "health360_dbt", "target_name": "dev", "node_id": "model.Healthcare_360.stg_encounters"} */;
[0m02:13:17.008615 [debug] [Thread-2 (]: SQL status: SUCCESS 7669 in 1.335 seconds
[0m02:13:17.008615 [debug] [Thread-2 (]: Sending event: {'category': 'dbt', 'action': 'run_model', 'label': '9fe1df21-74de-49e8-90fa-e8adfc75a070', 'context': [<snowplow_tracker.self_describing_json.SelfDescribingJson object at 0x0000023F4D09A6F0>]}
[0m02:13:17.024677 [info ] [Thread-2 (]: 1 of 21 OK created sql table model MARTS.dim_date .............................. [[32mSUCCESS 7669[0m in 3.15s]
[0m02:13:17.028721 [debug] [Thread-2 (]: Finished running node model.Healthcare_360.dim_date
[0m02:13:17.030741 [debug] [Thread-2 (]: Began running node model.Healthcare_360.stg_facilities
[0m02:13:17.030741 [info ] [Thread-2 (]: 5 of 21 START sql view model STAGING.stg_facilities ............................ [RUN]
[0m02:13:17.033858 [debug] [Thread-2 (]: Re-using an available connection from the pool (formerly model.Healthcare_360.dim_date, now model.Healthcare_360.stg_facilities)
[0m02:13:17.035878 [debug] [Thread-2 (]: Began compiling node model.Healthcare_360.stg_facilities
[0m02:13:17.041466 [debug] [Thread-2 (]: Writing injected SQL for node "model.Healthcare_360.stg_facilities"
[0m02:13:17.044758 [debug] [Thread-2 (]: Began executing node model.Healthcare_360.stg_facilities
[0m02:13:17.054794 [debug] [Thread-2 (]: Writing runtime sql for node "model.Healthcare_360.stg_facilities"
[0m02:13:17.060882 [debug] [Thread-2 (]: Using snowflake connection "model.Healthcare_360.stg_facilities"
[0m02:13:17.062725 [debug] [Thread-2 (]: On model.Healthcare_360.stg_facilities: create or replace   view HEALTH360_PROJECT.STAGING.stg_facilities
  
  
  
  
  as (
    with source as (
    select * from HEALTH360_PROJECT.RAW.facilities
),

cleaned as (
    select
        facility_id,
        facility_name,
        address,
        city,
        state
    from source
)

select * from cleaned
  )
/* {"app": "dbt", "dbt_version": "1.12.4", "profile_name": "health360_dbt", "target_name": "dev", "node_id": "model.Healthcare_360.stg_facilities"} */;
[0m02:13:17.610588 [debug] [Thread-2 (]: SQL status: SUCCESS 1 in 0.548 seconds
[0m02:13:17.610588 [debug] [Thread-2 (]: Sending event: {'category': 'dbt', 'action': 'run_model', 'label': '9fe1df21-74de-49e8-90fa-e8adfc75a070', 'context': [<snowplow_tracker.self_describing_json.SelfDescribingJson object at 0x0000023F4BA57E90>]}
[0m02:13:17.622925 [debug] [Thread-3 (]: SQL status: SUCCESS 1 in 0.805 seconds
[0m02:13:17.622925 [debug] [Thread-3 (]: Sending event: {'category': 'dbt', 'action': 'run_model', 'label': '9fe1df21-74de-49e8-90fa-e8adfc75a070', 'context': [<snowplow_tracker.self_describing_json.SelfDescribingJson object at 0x0000023F4D04A1E0>]}
[0m02:13:17.622925 [info ] [Thread-2 (]: 5 of 21 OK created sql view model STAGING.stg_facilities ....................... [[32mSUCCESS 1[0m in 0.58s]
[0m02:13:17.622925 [info ] [Thread-3 (]: 4 of 21 OK created sql view model STAGING.stg_encounters ....................... [[32mSUCCESS 1[0m in 0.83s]
[0m02:13:17.635378 [debug] [Thread-2 (]: Finished running node model.Healthcare_360.stg_facilities
[0m02:13:17.637406 [debug] [Thread-3 (]: Finished running node model.Healthcare_360.stg_encounters
[0m02:13:17.639605 [debug] [Thread-2 (]: Began running node model.Healthcare_360.stg_lab_results
[0m02:13:17.641397 [debug] [Thread-3 (]: Began running node model.Healthcare_360.stg_patient_bills
[0m02:13:17.646137 [info ] [Thread-2 (]: 6 of 21 START sql view model STAGING.stg_lab_results ........................... [RUN]
[0m02:13:17.646137 [debug] [Thread-2 (]: Re-using an available connection from the pool (formerly model.Healthcare_360.stg_facilities, now model.Healthcare_360.stg_lab_results)
[0m02:13:17.646137 [debug] [Thread-2 (]: Began compiling node model.Healthcare_360.stg_lab_results
[0m02:13:17.654970 [debug] [Thread-2 (]: Writing injected SQL for node "model.Healthcare_360.stg_lab_results"
[0m02:13:17.646137 [info ] [Thread-3 (]: 7 of 21 START sql view model STAGING.stg_patient_bills ......................... [RUN]
[0m02:13:17.656986 [debug] [Thread-3 (]: Re-using an available connection from the pool (formerly model.Healthcare_360.stg_encounters, now model.Healthcare_360.stg_patient_bills)
[0m02:13:17.659437 [debug] [Thread-3 (]: Began compiling node model.Healthcare_360.stg_patient_bills
[0m02:13:17.663106 [debug] [Thread-3 (]: Writing injected SQL for node "model.Healthcare_360.stg_patient_bills"
[0m02:13:17.671934 [debug] [Thread-2 (]: Began executing node model.Healthcare_360.stg_lab_results
[0m02:13:17.679854 [debug] [Thread-2 (]: Writing runtime sql for node "model.Healthcare_360.stg_lab_results"
[0m02:13:17.679854 [debug] [Thread-3 (]: Began executing node model.Healthcare_360.stg_patient_bills
[0m02:13:17.679854 [debug] [Thread-3 (]: Writing runtime sql for node "model.Healthcare_360.stg_patient_bills"
[0m02:13:17.691328 [debug] [Thread-2 (]: Using snowflake connection "model.Healthcare_360.stg_lab_results"
[0m02:13:17.693579 [debug] [Thread-2 (]: On model.Healthcare_360.stg_lab_results: create or replace   view HEALTH360_PROJECT.STAGING.stg_lab_results
  
  
  
  
  as (
    -- STG_LAB_RESULTS in RAW currently holds diagnosis columns.
-- Replace source table once actual lab results data is loaded.
with source as (
    select * from HEALTH360_PROJECT.RAW.stg_lab_results
),

cleaned as (
    select
        encounter_id,
        diagnosis_code      as test_name,
        diagnosis_description as test_result,
        null::varchar       as test_unit,
        null::varchar       as reference_range,
        null::varchar       as result_flag,
        null::date          as lab_date
    from source
)

select * from cleaned
  )
/* {"app": "dbt", "dbt_version": "1.12.4", "profile_name": "health360_dbt", "target_name": "dev", "node_id": "model.Healthcare_360.stg_lab_results"} */;
[0m02:13:17.693579 [debug] [Thread-3 (]: Using snowflake connection "model.Healthcare_360.stg_patient_bills"
[0m02:13:17.693579 [debug] [Thread-3 (]: On model.Healthcare_360.stg_patient_bills: create or replace   view HEALTH360_PROJECT.STAGING.stg_patient_bills
  
  
  
  
  as (
    with source as (
    select * from HEALTH360_PROJECT.RAW.patient_bills
),

cleaned as (
    select
        claim_id,
        encounter_id,
        billed_amount,
        allowed_amount,
        paid_amount,
        insurer,
        claim_status,
        claim_date::date as claim_date
    from source
)

select * from cleaned
  )
/* {"app": "dbt", "dbt_version": "1.12.4", "profile_name": "health360_dbt", "target_name": "dev", "node_id": "model.Healthcare_360.stg_patient_bills"} */;
[0m02:13:18.346117 [debug] [Thread-3 (]: SQL status: SUCCESS 1 in 0.647 seconds
[0m02:13:18.346117 [debug] [Thread-3 (]: Sending event: {'category': 'dbt', 'action': 'run_model', 'label': '9fe1df21-74de-49e8-90fa-e8adfc75a070', 'context': [<snowplow_tracker.self_describing_json.SelfDescribingJson object at 0x0000023F4D03E720>]}
[0m02:13:18.362299 [debug] [Thread-2 (]: SQL status: SUCCESS 1 in 0.666 seconds
[0m02:13:18.360332 [info ] [Thread-3 (]: 7 of 21 OK created sql view model STAGING.stg_patient_bills .................... [[32mSUCCESS 1[0m in 0.69s]
[0m02:13:18.369982 [debug] [Thread-2 (]: Sending event: {'category': 'dbt', 'action': 'run_model', 'label': '9fe1df21-74de-49e8-90fa-e8adfc75a070', 'context': [<snowplow_tracker.self_describing_json.SelfDescribingJson object at 0x0000023F4BEC7EF0>]}
[0m02:13:18.372004 [debug] [Thread-3 (]: Finished running node model.Healthcare_360.stg_patient_bills
[0m02:13:18.377066 [debug] [Thread-3 (]: Began running node model.Healthcare_360.stg_patients
[0m02:13:18.375045 [info ] [Thread-2 (]: 6 of 21 OK created sql view model STAGING.stg_lab_results ...................... [[32mSUCCESS 1[0m in 0.72s]
[0m02:13:18.382048 [debug] [Thread-2 (]: Finished running node model.Healthcare_360.stg_lab_results
[0m02:13:18.382933 [debug] [Thread-2 (]: Began running node model.Healthcare_360.stg_procedures
[0m02:13:18.378081 [info ] [Thread-3 (]: 8 of 21 START sql view model STAGING.stg_patients .............................. [RUN]
[0m02:13:18.386975 [debug] [Thread-3 (]: Re-using an available connection from the pool (formerly model.Healthcare_360.stg_patient_bills, now model.Healthcare_360.stg_patients)
[0m02:13:18.384954 [info ] [Thread-2 (]: 9 of 21 START sql view model STAGING.stg_procedures ............................ [RUN]
[0m02:13:18.391254 [debug] [Thread-3 (]: Began compiling node model.Healthcare_360.stg_patients
[0m02:13:18.391254 [debug] [Thread-2 (]: Re-using an available connection from the pool (formerly model.Healthcare_360.stg_lab_results, now model.Healthcare_360.stg_procedures)
[0m02:13:18.395843 [debug] [Thread-3 (]: Writing injected SQL for node "model.Healthcare_360.stg_patients"
[0m02:13:18.395843 [debug] [Thread-2 (]: Began compiling node model.Healthcare_360.stg_procedures
[0m02:13:18.406636 [debug] [Thread-2 (]: Writing injected SQL for node "model.Healthcare_360.stg_procedures"
[0m02:13:18.409933 [debug] [Thread-3 (]: Began executing node model.Healthcare_360.stg_patients
[0m02:13:18.417095 [debug] [Thread-3 (]: Writing runtime sql for node "model.Healthcare_360.stg_patients"
[0m02:13:18.420561 [debug] [Thread-2 (]: Began executing node model.Healthcare_360.stg_procedures
[0m02:13:18.428372 [debug] [Thread-2 (]: Writing runtime sql for node "model.Healthcare_360.stg_procedures"
[0m02:13:18.428372 [debug] [Thread-3 (]: Using snowflake connection "model.Healthcare_360.stg_patients"
[0m02:13:18.428372 [debug] [Thread-3 (]: On model.Healthcare_360.stg_patients: create or replace   view HEALTH360_PROJECT.STAGING.stg_patients
  
  
  
  
  as (
    with source as (
    select * from HEALTH360_PROJECT.RAW.patients
),

cleaned as (
    select
        patient_id,
        first_name,
        last_name,
        first_name || ' ' || last_name   as full_name,
        dob::date                         as dob,
        gender,
        race,
        address,
        city,
        state,
        zip,
        created_ts::timestamp_ntz         as created_at
    from source
)

select * from cleaned
  )
/* {"app": "dbt", "dbt_version": "1.12.4", "profile_name": "health360_dbt", "target_name": "dev", "node_id": "model.Healthcare_360.stg_patients"} */;
[0m02:13:18.428372 [debug] [Thread-2 (]: Using snowflake connection "model.Healthcare_360.stg_procedures"
[0m02:13:18.438763 [debug] [Thread-2 (]: On model.Healthcare_360.stg_procedures: create or replace   view HEALTH360_PROJECT.STAGING.stg_procedures
  
  
  
  
  as (
    with source as (
    select * from HEALTH360_PROJECT.RAW.procedures
),

cleaned as (
    select
        encounter_id,
        procedure_code,
        procedure_description,
        procedure_date::date as procedure_date
    from source
)

select * from cleaned
  )
/* {"app": "dbt", "dbt_version": "1.12.4", "profile_name": "health360_dbt", "target_name": "dev", "node_id": "model.Healthcare_360.stg_procedures"} */;
[0m02:13:19.061347 [debug] [Thread-3 (]: SQL status: SUCCESS 1 in 0.628 seconds
[0m02:13:19.066718 [debug] [Thread-2 (]: SQL status: SUCCESS 1 in 0.626 seconds
[0m02:13:19.074546 [debug] [Thread-3 (]: Sending event: {'category': 'dbt', 'action': 'run_model', 'label': '9fe1df21-74de-49e8-90fa-e8adfc75a070', 'context': [<snowplow_tracker.self_describing_json.SelfDescribingJson object at 0x0000023F4CF6F950>]}
[0m02:13:19.074546 [debug] [Thread-2 (]: Sending event: {'category': 'dbt', 'action': 'run_model', 'label': '9fe1df21-74de-49e8-90fa-e8adfc75a070', 'context': [<snowplow_tracker.self_describing_json.SelfDescribingJson object at 0x0000023F4CF75430>]}
[0m02:13:19.074546 [info ] [Thread-3 (]: 8 of 21 OK created sql view model STAGING.stg_patients ......................... [[32mSUCCESS 1[0m in 0.69s]
[0m02:13:19.074546 [info ] [Thread-2 (]: 9 of 21 OK created sql view model STAGING.stg_procedures ....................... [[32mSUCCESS 1[0m in 0.68s]
[0m02:13:19.091836 [debug] [Thread-3 (]: Finished running node model.Healthcare_360.stg_patients
[0m02:13:19.091836 [debug] [Thread-2 (]: Finished running node model.Healthcare_360.stg_procedures
[0m02:13:19.091836 [debug] [Thread-3 (]: Began running node model.Healthcare_360.dim_diagnosis
[0m02:13:19.091836 [debug] [Thread-2 (]: Began running node model.Healthcare_360.dim_facility
[0m02:13:19.091836 [info ] [Thread-3 (]: 10 of 21 START sql table model MARTS.dim_diagnosis ............................. [RUN]
[0m02:13:19.098738 [debug] [Thread-3 (]: Re-using an available connection from the pool (formerly model.Healthcare_360.stg_patients, now model.Healthcare_360.dim_diagnosis)
[0m02:13:19.100758 [debug] [Thread-3 (]: Began compiling node model.Healthcare_360.dim_diagnosis
[0m02:13:19.091836 [info ] [Thread-2 (]: 11 of 21 START sql table model MARTS.dim_facility .............................. [RUN]
[0m02:13:19.126997 [debug] [Thread-2 (]: Re-using an available connection from the pool (formerly model.Healthcare_360.stg_procedures, now model.Healthcare_360.dim_facility)
[0m02:13:19.126997 [debug] [Thread-2 (]: Began compiling node model.Healthcare_360.dim_facility
[0m02:13:19.152023 [debug] [Thread-3 (]: Writing injected SQL for node "model.Healthcare_360.dim_diagnosis"
[0m02:13:19.160704 [debug] [Thread-2 (]: Writing injected SQL for node "model.Healthcare_360.dim_facility"
[0m02:13:19.164047 [debug] [Thread-2 (]: Began executing node model.Healthcare_360.dim_facility
[0m02:13:19.168354 [debug] [Thread-2 (]: Writing runtime sql for node "model.Healthcare_360.dim_facility"
[0m02:13:19.168354 [debug] [Thread-3 (]: Began executing node model.Healthcare_360.dim_diagnosis
[0m02:13:19.174576 [debug] [Thread-3 (]: Writing runtime sql for node "model.Healthcare_360.dim_diagnosis"
[0m02:13:19.176076 [debug] [Thread-2 (]: Using snowflake connection "model.Healthcare_360.dim_facility"
[0m02:13:19.176076 [debug] [Thread-2 (]: On model.Healthcare_360.dim_facility: create or replace transient table HEALTH360_PROJECT.MARTS.dim_facility
    
    
    
    
    

    as (with stg as (
    select * from HEALTH360_PROJECT.STAGING.stg_facilities
)

select
    md5(cast(coalesce(cast(facility_id as TEXT), '_dbt_utils_surrogate_key_null_') as TEXT)) as facility_sk,
    facility_id,
    facility_name,
    address,
    city,
    state
from stg
    )

/* {"app": "dbt", "dbt_version": "1.12.4", "profile_name": "health360_dbt", "target_name": "dev", "node_id": "model.Healthcare_360.dim_facility"} */;
[0m02:13:19.182725 [debug] [Thread-3 (]: Using snowflake connection "model.Healthcare_360.dim_diagnosis"
[0m02:13:19.182725 [debug] [Thread-3 (]: On model.Healthcare_360.dim_diagnosis: create or replace transient table HEALTH360_PROJECT.MARTS.dim_diagnosis
    
    
    
    
    

    as (with stg as (
    select distinct
        diagnosis_code,
        diagnosis_description
    from HEALTH360_PROJECT.STAGING.stg_diagnosis
)

select
    md5(cast(coalesce(cast(diagnosis_code as TEXT), '_dbt_utils_surrogate_key_null_') as TEXT)) as diagnosis_sk,
    diagnosis_code,
    diagnosis_description                                       as description,
    'ICD-10'                                                    as icd_version
from stg
    )

/* {"app": "dbt", "dbt_version": "1.12.4", "profile_name": "health360_dbt", "target_name": "dev", "node_id": "model.Healthcare_360.dim_diagnosis"} */;
[0m02:13:20.371732 [debug] [Thread-2 (]: SQL status: SUCCESS 100 in 1.197 seconds
[0m02:13:20.379955 [debug] [Thread-3 (]: SQL status: SUCCESS 7 in 1.195 seconds
[0m02:13:20.386803 [debug] [Thread-2 (]: Sending event: {'category': 'dbt', 'action': 'run_model', 'label': '9fe1df21-74de-49e8-90fa-e8adfc75a070', 'context': [<snowplow_tracker.self_describing_json.SelfDescribingJson object at 0x0000023F4B7E8F80>]}
[0m02:13:20.386803 [debug] [Thread-3 (]: Sending event: {'category': 'dbt', 'action': 'run_model', 'label': '9fe1df21-74de-49e8-90fa-e8adfc75a070', 'context': [<snowplow_tracker.self_describing_json.SelfDescribingJson object at 0x0000023F4CF6D130>]}
[0m02:13:20.386803 [info ] [Thread-2 (]: 11 of 21 OK created sql table model MARTS.dim_facility ......................... [[32mSUCCESS 100[0m in 1.26s]
[0m02:13:20.402584 [debug] [Thread-2 (]: Finished running node model.Healthcare_360.dim_facility
[0m02:13:20.386803 [info ] [Thread-3 (]: 10 of 21 OK created sql table model MARTS.dim_diagnosis ........................ [[32mSUCCESS 7[0m in 1.29s]
[0m02:13:20.404612 [debug] [Thread-2 (]: Began running node model.Healthcare_360.dim_patient
[0m02:13:20.408920 [debug] [Thread-3 (]: Finished running node model.Healthcare_360.dim_diagnosis
[0m02:13:20.412058 [debug] [Thread-3 (]: Began running node model.Healthcare_360.dim_procedure
[0m02:13:20.408920 [info ] [Thread-2 (]: 12 of 21 START sql table model MARTS.dim_patient ............................... [RUN]
[0m02:13:20.417107 [debug] [Thread-2 (]: Re-using an available connection from the pool (formerly model.Healthcare_360.dim_facility, now model.Healthcare_360.dim_patient)
[0m02:13:20.420027 [debug] [Thread-2 (]: Began compiling node model.Healthcare_360.dim_patient
[0m02:13:20.415106 [info ] [Thread-3 (]: 13 of 21 START sql table model MARTS.dim_procedure ............................. [RUN]
[0m02:13:20.428019 [debug] [Thread-3 (]: Re-using an available connection from the pool (formerly model.Healthcare_360.dim_diagnosis, now model.Healthcare_360.dim_procedure)
[0m02:13:20.431661 [debug] [Thread-3 (]: Began compiling node model.Healthcare_360.dim_procedure
[0m02:13:20.433689 [debug] [Thread-3 (]: Writing injected SQL for node "model.Healthcare_360.dim_procedure"
[0m02:13:20.442462 [debug] [Thread-2 (]: Writing injected SQL for node "model.Healthcare_360.dim_patient"
[0m02:13:20.444915 [debug] [Thread-3 (]: Began executing node model.Healthcare_360.dim_procedure
[0m02:13:20.444915 [debug] [Thread-3 (]: Writing runtime sql for node "model.Healthcare_360.dim_procedure"
[0m02:13:20.444915 [debug] [Thread-2 (]: Began executing node model.Healthcare_360.dim_patient
[0m02:13:20.460997 [debug] [Thread-2 (]: Writing runtime sql for node "model.Healthcare_360.dim_patient"
[0m02:13:20.460997 [debug] [Thread-3 (]: Using snowflake connection "model.Healthcare_360.dim_procedure"
[0m02:13:20.460997 [debug] [Thread-3 (]: On model.Healthcare_360.dim_procedure: create or replace transient table HEALTH360_PROJECT.MARTS.dim_procedure
    
    
    
    
    

    as (with stg as (
    select distinct
        procedure_code,
        procedure_description
    from HEALTH360_PROJECT.STAGING.stg_procedures
)

select
    md5(cast(coalesce(cast(procedure_code as TEXT), '_dbt_utils_surrogate_key_null_') as TEXT)) as procedure_sk,
    procedure_code,
    procedure_description                                       as description
from stg
    )

/* {"app": "dbt", "dbt_version": "1.12.4", "profile_name": "health360_dbt", "target_name": "dev", "node_id": "model.Healthcare_360.dim_procedure"} */;
[0m02:13:20.460997 [debug] [Thread-2 (]: Using snowflake connection "model.Healthcare_360.dim_patient"
[0m02:13:20.472199 [debug] [Thread-2 (]: On model.Healthcare_360.dim_patient: create or replace transient table HEALTH360_PROJECT.MARTS.dim_patient
    
    
    
    
    

    as (with stg as (
    select * from HEALTH360_PROJECT.STAGING.stg_patients
)

select
    md5(cast(coalesce(cast(patient_id as TEXT), '_dbt_utils_surrogate_key_null_') as TEXT)) as patient_sk,
    patient_id,
    full_name,
    dob,
    gender,
    race,
    city,
    state,
    zip,
    current_date()              as effective_start_dt,
    null::date                  as effective_end_dt,
    true                        as is_current
from stg
    )

/* {"app": "dbt", "dbt_version": "1.12.4", "profile_name": "health360_dbt", "target_name": "dev", "node_id": "model.Healthcare_360.dim_patient"} */;
[0m02:13:21.540414 [debug] [Thread-3 (]: SQL status: SUCCESS 5 in 1.073 seconds
[0m02:13:21.543251 [debug] [Thread-3 (]: Sending event: {'category': 'dbt', 'action': 'run_model', 'label': '9fe1df21-74de-49e8-90fa-e8adfc75a070', 'context': [<snowplow_tracker.self_describing_json.SelfDescribingJson object at 0x0000023F4CF6DFD0>]}
[0m02:13:21.543251 [info ] [Thread-3 (]: 13 of 21 OK created sql table model MARTS.dim_procedure ........................ [[32mSUCCESS 5[0m in 1.12s]
[0m02:13:21.543251 [debug] [Thread-3 (]: Finished running node model.Healthcare_360.dim_procedure
[0m02:13:21.543251 [debug] [Thread-3 (]: Began running node model.Healthcare_360.dim_provider
[0m02:13:21.543251 [info ] [Thread-3 (]: 14 of 21 START sql table model MARTS.dim_provider .............................. [RUN]
[0m02:13:21.543251 [debug] [Thread-3 (]: Re-using an available connection from the pool (formerly model.Healthcare_360.dim_procedure, now model.Healthcare_360.dim_provider)
[0m02:13:21.543251 [debug] [Thread-3 (]: Began compiling node model.Healthcare_360.dim_provider
[0m02:13:21.543251 [debug] [Thread-3 (]: Writing injected SQL for node "model.Healthcare_360.dim_provider"
[0m02:13:21.543251 [debug] [Thread-3 (]: Began executing node model.Healthcare_360.dim_provider
[0m02:13:21.551703 [debug] [Thread-3 (]: Writing runtime sql for node "model.Healthcare_360.dim_provider"
[0m02:13:21.551703 [debug] [Thread-3 (]: Using snowflake connection "model.Healthcare_360.dim_provider"
[0m02:13:21.551703 [debug] [Thread-3 (]: On model.Healthcare_360.dim_provider: create or replace transient table HEALTH360_PROJECT.MARTS.dim_provider
    
    
    
    
    

    as (with stg as (
    select * from HEALTH360_PROJECT.STAGING.stg_doctors
),

fac as (
    select facility_sk, facility_id
    from HEALTH360_PROJECT.MARTS.dim_facility
)

select
    md5(cast(coalesce(cast(s.provider_id as TEXT), '_dbt_utils_surrogate_key_null_') as TEXT)) as provider_sk,
    s.provider_id,
    s.npi,
    s.full_name,
    s.specialty,
    s.department,
    f.facility_sk
from stg s
left join fac f on s.facility_id = f.facility_id
    )

/* {"app": "dbt", "dbt_version": "1.12.4", "profile_name": "health360_dbt", "target_name": "dev", "node_id": "model.Healthcare_360.dim_provider"} */;
[0m02:13:21.731402 [debug] [Thread-2 (]: SQL status: SUCCESS 20000 in 1.258 seconds
[0m02:13:21.733422 [debug] [Thread-2 (]: Sending event: {'category': 'dbt', 'action': 'run_model', 'label': '9fe1df21-74de-49e8-90fa-e8adfc75a070', 'context': [<snowplow_tracker.self_describing_json.SelfDescribingJson object at 0x0000023F4CFFE120>]}
[0m02:13:21.733422 [info ] [Thread-2 (]: 12 of 21 OK created sql table model MARTS.dim_patient .......................... [[32mSUCCESS 20000[0m in 1.32s]
[0m02:13:21.733422 [debug] [Thread-2 (]: Finished running node model.Healthcare_360.dim_patient
[0m02:13:22.986910 [debug] [Thread-3 (]: SQL status: SUCCESS 100 in 1.432 seconds
[0m02:13:22.991950 [debug] [Thread-3 (]: Sending event: {'category': 'dbt', 'action': 'run_model', 'label': '9fe1df21-74de-49e8-90fa-e8adfc75a070', 'context': [<snowplow_tracker.self_describing_json.SelfDescribingJson object at 0x0000023F4BEC7EF0>]}
[0m02:13:22.993962 [info ] [Thread-3 (]: 14 of 21 OK created sql table model MARTS.dim_provider ......................... [[32mSUCCESS 100[0m in 1.45s]
[0m02:13:22.993962 [debug] [Thread-3 (]: Finished running node model.Healthcare_360.dim_provider
[0m02:13:22.995975 [debug] [Thread-2 (]: Began running node model.Healthcare_360.fact_encounter
[0m02:13:22.995975 [info ] [Thread-2 (]: 15 of 21 START sql table model INTERMEDIATE.fact_encounter ..................... [RUN]
[0m02:13:22.995975 [debug] [Thread-2 (]: Re-using an available connection from the pool (formerly model.Healthcare_360.dim_patient, now model.Healthcare_360.fact_encounter)
[0m02:13:23.000702 [debug] [Thread-2 (]: Began compiling node model.Healthcare_360.fact_encounter
[0m02:13:23.012330 [debug] [Thread-2 (]: Writing injected SQL for node "model.Healthcare_360.fact_encounter"
[0m02:13:23.015796 [debug] [Thread-2 (]: Began executing node model.Healthcare_360.fact_encounter
[0m02:13:23.017812 [debug] [Thread-2 (]: Writing runtime sql for node "model.Healthcare_360.fact_encounter"
[0m02:13:23.027539 [debug] [Thread-2 (]: Using snowflake connection "model.Healthcare_360.fact_encounter"
[0m02:13:23.027539 [debug] [Thread-2 (]: On model.Healthcare_360.fact_encounter: create or replace transient table HEALTH360_PROJECT.INTERMEDIATE.fact_encounter
    
    
    
    
    

    as (with enc as (
    select * from HEALTH360_PROJECT.STAGING.stg_encounters
),

dim_pat  as (select patient_sk,  patient_id  from HEALTH360_PROJECT.MARTS.dim_patient),
dim_prov as (select provider_sk, provider_id from HEALTH360_PROJECT.MARTS.dim_provider),
dim_fac  as (select facility_sk, facility_id from HEALTH360_PROJECT.MARTS.dim_facility),
dim_d    as (select date_sk,     full_date   from HEALTH360_PROJECT.MARTS.dim_date)

select
    md5(cast(coalesce(cast(enc.encounter_id as TEXT), '_dbt_utils_surrogate_key_null_') as TEXT))  as encounter_sk,
    enc.encounter_id,
    dp.patient_sk,
    dpr.provider_sk,
    df.facility_sk,
    dd_adm.date_sk                                                as encounter_date_sk,
    dd_dis.date_sk                                                as discharge_date_sk,
    enc.visit_type                                                as encounter_type,
    datediff('day',
        enc.admission_date::date,
        enc.discharge_date::date)                                 as length_of_stay
from enc
left join dim_pat  dp  on enc.patient_id   = dp.patient_id
left join dim_prov dpr on enc.doctor_id    = dpr.provider_id
left join dim_fac  df  on enc.facility_id  = df.facility_id
left join dim_d    dd_adm on enc.admission_date::date  = dd_adm.full_date
left join dim_d    dd_dis on enc.discharge_date::date  = dd_dis.full_date
    )

/* {"app": "dbt", "dbt_version": "1.12.4", "profile_name": "health360_dbt", "target_name": "dev", "node_id": "model.Healthcare_360.fact_encounter"} */;
[0m02:13:25.357838 [debug] [Thread-2 (]: SQL status: SUCCESS 100000 in 2.329 seconds
[0m02:13:25.370071 [debug] [Thread-2 (]: Sending event: {'category': 'dbt', 'action': 'run_model', 'label': '9fe1df21-74de-49e8-90fa-e8adfc75a070', 'context': [<snowplow_tracker.self_describing_json.SelfDescribingJson object at 0x0000023F4D09AD80>]}
[0m02:13:25.374161 [info ] [Thread-2 (]: 15 of 21 OK created sql table model INTERMEDIATE.fact_encounter ................ [[32mSUCCESS 100000[0m in 2.37s]
[0m02:13:25.380312 [debug] [Thread-2 (]: Finished running node model.Healthcare_360.fact_encounter
[0m02:13:25.384144 [debug] [Thread-3 (]: Began running node model.Healthcare_360.fact_claim
[0m02:13:25.389924 [debug] [Thread-2 (]: Began running node model.Healthcare_360.fact_diagnosis
[0m02:13:25.388212 [info ] [Thread-3 (]: 16 of 21 START sql table model INTERMEDIATE.fact_claim ......................... [RUN]
[0m02:13:25.395343 [debug] [Thread-3 (]: Re-using an available connection from the pool (formerly model.Healthcare_360.dim_provider, now model.Healthcare_360.fact_claim)
[0m02:13:25.397375 [debug] [Thread-3 (]: Began compiling node model.Healthcare_360.fact_claim
[0m02:13:25.415195 [debug] [Thread-3 (]: Writing injected SQL for node "model.Healthcare_360.fact_claim"
[0m02:13:25.391649 [info ] [Thread-2 (]: 17 of 21 START sql table model INTERMEDIATE.fact_diagnosis ..................... [RUN]
[0m02:13:25.421836 [debug] [Thread-2 (]: Re-using an available connection from the pool (formerly model.Healthcare_360.fact_encounter, now model.Healthcare_360.fact_diagnosis)
[0m02:13:25.423881 [debug] [Thread-2 (]: Began compiling node model.Healthcare_360.fact_diagnosis
[0m02:13:25.426825 [debug] [Thread-2 (]: Writing injected SQL for node "model.Healthcare_360.fact_diagnosis"
[0m02:13:25.426825 [debug] [Thread-2 (]: Began executing node model.Healthcare_360.fact_diagnosis
[0m02:13:25.438951 [debug] [Thread-3 (]: Began executing node model.Healthcare_360.fact_claim
[0m02:13:25.443477 [debug] [Thread-3 (]: Writing runtime sql for node "model.Healthcare_360.fact_claim"
[0m02:13:25.443477 [debug] [Thread-3 (]: Using snowflake connection "model.Healthcare_360.fact_claim"
[0m02:13:25.443477 [debug] [Thread-3 (]: On model.Healthcare_360.fact_claim: create or replace transient table HEALTH360_PROJECT.INTERMEDIATE.fact_claim
    
    
    
    
    

    as (with bills as (
    select * from HEALTH360_PROJECT.STAGING.stg_patient_bills
),

enc_sk as (
    select encounter_sk, encounter_id from HEALTH360_PROJECT.INTERMEDIATE.fact_encounter
),

dim_d as (
    select date_sk, full_date from HEALTH360_PROJECT.MARTS.dim_date
)

select
    md5(cast(coalesce(cast(bills.claim_id as TEXT), '_dbt_utils_surrogate_key_null_') as TEXT)) as claim_sk,
    bills.claim_id,
    e.encounter_sk,
    bills.insurer,
    d.date_sk                                                  as claim_date_sk,
    bills.billed_amount,
    bills.allowed_amount,
    bills.paid_amount,
    bills.claim_status
from bills
left join enc_sk e on bills.encounter_id = e.encounter_id
left join dim_d  d on bills.claim_date   = d.full_date
    )

/* {"app": "dbt", "dbt_version": "1.12.4", "profile_name": "health360_dbt", "target_name": "dev", "node_id": "model.Healthcare_360.fact_claim"} */;
[0m02:13:25.453684 [debug] [Thread-2 (]: Writing runtime sql for node "model.Healthcare_360.fact_diagnosis"
[0m02:13:25.459541 [debug] [Thread-2 (]: Using snowflake connection "model.Healthcare_360.fact_diagnosis"
[0m02:13:25.462201 [debug] [Thread-2 (]: On model.Healthcare_360.fact_diagnosis: create or replace transient table HEALTH360_PROJECT.INTERMEDIATE.fact_diagnosis
    
    
    
    
    

    as (with diag as (
    select * from HEALTH360_PROJECT.STAGING.stg_diagnosis
),

enc_sk as (
    select encounter_sk, encounter_id from HEALTH360_PROJECT.INTERMEDIATE.fact_encounter
),

dim_diag as (
    select diagnosis_sk, diagnosis_code from HEALTH360_PROJECT.MARTS.dim_diagnosis
)

select
    e.encounter_sk,
    d.diagnosis_sk,
    diag.diagnosis_rank
from diag
left join enc_sk  e on diag.encounter_id  = e.encounter_id
left join dim_diag d on diag.diagnosis_code = d.diagnosis_code
    )

/* {"app": "dbt", "dbt_version": "1.12.4", "profile_name": "health360_dbt", "target_name": "dev", "node_id": "model.Healthcare_360.fact_diagnosis"} */;
[0m02:13:27.561372 [debug] [Thread-2 (]: SQL status: SUCCESS 100000 in 2.099 seconds
[0m02:13:27.564055 [debug] [Thread-3 (]: SQL status: SUCCESS 100000 in 2.113 seconds
[0m02:13:27.570191 [debug] [Thread-2 (]: Sending event: {'category': 'dbt', 'action': 'run_model', 'label': '9fe1df21-74de-49e8-90fa-e8adfc75a070', 'context': [<snowplow_tracker.self_describing_json.SelfDescribingJson object at 0x0000023F4CF765D0>]}
[0m02:13:27.577463 [debug] [Thread-3 (]: Sending event: {'category': 'dbt', 'action': 'run_model', 'label': '9fe1df21-74de-49e8-90fa-e8adfc75a070', 'context': [<snowplow_tracker.self_describing_json.SelfDescribingJson object at 0x0000023F4D0488C0>]}
[0m02:13:27.576432 [info ] [Thread-2 (]: 17 of 21 OK created sql table model INTERMEDIATE.fact_diagnosis ................ [[32mSUCCESS 100000[0m in 2.14s]
[0m02:13:27.579531 [debug] [Thread-2 (]: Finished running node model.Healthcare_360.fact_diagnosis
[0m02:13:27.579531 [info ] [Thread-3 (]: 16 of 21 OK created sql table model INTERMEDIATE.fact_claim .................... [[32mSUCCESS 100000[0m in 2.18s]
[0m02:13:27.582714 [debug] [Thread-2 (]: Began running node model.Healthcare_360.fact_procedure
[0m02:13:27.584153 [debug] [Thread-3 (]: Finished running node model.Healthcare_360.fact_claim
[0m02:13:27.584153 [debug] [Thread-3 (]: Began running node model.Healthcare_360.readmission_dashboard
[0m02:13:27.584153 [info ] [Thread-2 (]: 18 of 21 START sql table model INTERMEDIATE.fact_procedure ..................... [RUN]
[0m02:13:27.590100 [debug] [Thread-2 (]: Re-using an available connection from the pool (formerly model.Healthcare_360.fact_diagnosis, now model.Healthcare_360.fact_procedure)
[0m02:13:27.584153 [info ] [Thread-3 (]: 19 of 21 START sql table model MARTS.readmission_dashboard ..................... [RUN]
[0m02:13:27.591118 [debug] [Thread-2 (]: Began compiling node model.Healthcare_360.fact_procedure
[0m02:13:27.592992 [debug] [Thread-3 (]: Re-using an available connection from the pool (formerly model.Healthcare_360.fact_claim, now model.Healthcare_360.readmission_dashboard)
[0m02:13:27.597941 [debug] [Thread-2 (]: Writing injected SQL for node "model.Healthcare_360.fact_procedure"
[0m02:13:27.597941 [debug] [Thread-3 (]: Began compiling node model.Healthcare_360.readmission_dashboard
[0m02:13:27.597941 [debug] [Thread-3 (]: Writing injected SQL for node "model.Healthcare_360.readmission_dashboard"
[0m02:13:27.605071 [debug] [Thread-2 (]: Began executing node model.Healthcare_360.fact_procedure
[0m02:13:27.606781 [debug] [Thread-2 (]: Writing runtime sql for node "model.Healthcare_360.fact_procedure"
[0m02:13:27.610727 [debug] [Thread-3 (]: Began executing node model.Healthcare_360.readmission_dashboard
[0m02:13:27.614392 [debug] [Thread-3 (]: Writing runtime sql for node "model.Healthcare_360.readmission_dashboard"
[0m02:13:27.616408 [debug] [Thread-2 (]: Using snowflake connection "model.Healthcare_360.fact_procedure"
[0m02:13:27.616408 [debug] [Thread-2 (]: On model.Healthcare_360.fact_procedure: create or replace transient table HEALTH360_PROJECT.INTERMEDIATE.fact_procedure
    
    
    
    
    

    as (with proc as (
    select * from HEALTH360_PROJECT.STAGING.stg_procedures
),

enc_sk as (
    select encounter_sk, encounter_id from HEALTH360_PROJECT.INTERMEDIATE.fact_encounter
),

dim_proc as (
    select procedure_sk, procedure_code from HEALTH360_PROJECT.MARTS.dim_procedure
),

dim_d as (
    select date_sk, full_date from HEALTH360_PROJECT.MARTS.dim_date
)

select
    e.encounter_sk,
    p.procedure_sk,
    d.date_sk   as procedure_date_sk,
    proc.procedure_date
from proc
left join enc_sk  e on proc.encounter_id   = e.encounter_id
left join dim_proc p on proc.procedure_code = p.procedure_code
left join dim_d    d on proc.procedure_date  = d.full_date
    )

/* {"app": "dbt", "dbt_version": "1.12.4", "profile_name": "health360_dbt", "target_name": "dev", "node_id": "model.Healthcare_360.fact_procedure"} */;
[0m02:13:27.622415 [debug] [Thread-3 (]: Using snowflake connection "model.Healthcare_360.readmission_dashboard"
[0m02:13:27.623187 [debug] [Thread-3 (]: On model.Healthcare_360.readmission_dashboard: create or replace transient table HEALTH360_PROJECT.MARTS.readmission_dashboard
    
    
    
    
    

    as (with encounters as (
    select * from HEALTH360_PROJECT.INTERMEDIATE.fact_encounter
),

patients as (
    select * from HEALTH360_PROJECT.MARTS.dim_patient
),

dim_d as (
    select date_sk, full_date from HEALTH360_PROJECT.MARTS.dim_date
),

-- attach real dates to each encounter
encounter_dates as (
    select
        e.encounter_sk,
        e.encounter_id,
        e.patient_sk,
        e.encounter_type,
        e.length_of_stay,
        d_adm.full_date as encounter_date,
        d_dis.full_date as discharge_date
    from encounters e
    left join dim_d d_adm on e.encounter_date_sk  = d_adm.date_sk
    left join dim_d d_dis on e.discharge_date_sk  = d_dis.date_sk
),

-- self-join to find next admission within 30 days of discharge
readmissions as (
    select
        a.encounter_sk,
        a.patient_sk,
        a.encounter_date,
        a.discharge_date,
        a.length_of_stay,
        b.encounter_date                                          as readmit_date,
        datediff('day', a.discharge_date, b.encounter_date)      as days_to_readmit
    from encounter_dates a
    join encounter_dates b
        on  a.patient_sk      = b.patient_sk
        and b.encounter_date  > a.discharge_date
        and datediff('day', a.discharge_date, b.encounter_date) <= 30
)

select
    p.patient_id,
    p.full_name,
    p.gender,
    p.dob,
    r.encounter_date,
    r.discharge_date,
    r.length_of_stay,
    r.readmit_date,
    r.days_to_readmit,
    true as is_30day_readmit
from readmissions r
left join patients p on r.patient_sk = p.patient_sk
    )

/* {"app": "dbt", "dbt_version": "1.12.4", "profile_name": "health360_dbt", "target_name": "dev", "node_id": "model.Healthcare_360.readmission_dashboard"} */;
[0m02:13:29.302556 [debug] [Thread-3 (]: SQL status: SUCCESS 13213 in 1.681 seconds
[0m02:13:29.306744 [debug] [Thread-2 (]: SQL status: SUCCESS 100000 in 1.689 seconds
[0m02:13:29.315277 [debug] [Thread-3 (]: Sending event: {'category': 'dbt', 'action': 'run_model', 'label': '9fe1df21-74de-49e8-90fa-e8adfc75a070', 'context': [<snowplow_tracker.self_describing_json.SelfDescribingJson object at 0x0000023F4D0AE810>]}
[0m02:13:29.319309 [debug] [Thread-2 (]: Sending event: {'category': 'dbt', 'action': 'run_model', 'label': '9fe1df21-74de-49e8-90fa-e8adfc75a070', 'context': [<snowplow_tracker.self_describing_json.SelfDescribingJson object at 0x0000023F4CF74860>]}
[0m02:13:29.322703 [info ] [Thread-3 (]: 19 of 21 OK created sql table model MARTS.readmission_dashboard ................ [[32mSUCCESS 13213[0m in 1.72s]
[0m02:13:29.325413 [info ] [Thread-2 (]: 18 of 21 OK created sql table model INTERMEDIATE.fact_procedure ................ [[32mSUCCESS 100000[0m in 1.74s]
[0m02:13:29.325413 [debug] [Thread-3 (]: Finished running node model.Healthcare_360.readmission_dashboard
[0m02:13:29.325413 [debug] [Thread-2 (]: Finished running node model.Healthcare_360.fact_procedure
[0m02:13:29.325413 [debug] [Thread-3 (]: Began running node model.Healthcare_360.clinical_overview
[0m02:13:29.325413 [debug] [Thread-2 (]: Began running node model.Healthcare_360.cost_metrics
[0m02:13:29.325413 [info ] [Thread-3 (]: 20 of 21 START sql table model MARTS.clinical_overview ......................... [RUN]
[0m02:13:29.330891 [debug] [Thread-3 (]: Re-using an available connection from the pool (formerly model.Healthcare_360.readmission_dashboard, now model.Healthcare_360.clinical_overview)
[0m02:13:29.330891 [info ] [Thread-2 (]: 21 of 21 START sql table model MARTS.cost_metrics .............................. [RUN]
[0m02:13:29.330891 [debug] [Thread-3 (]: Began compiling node model.Healthcare_360.clinical_overview
[0m02:13:29.330891 [debug] [Thread-2 (]: Re-using an available connection from the pool (formerly model.Healthcare_360.fact_procedure, now model.Healthcare_360.cost_metrics)
[0m02:13:29.330891 [debug] [Thread-3 (]: Writing injected SQL for node "model.Healthcare_360.clinical_overview"
[0m02:13:29.339367 [debug] [Thread-2 (]: Began compiling node model.Healthcare_360.cost_metrics
[0m02:13:29.348722 [debug] [Thread-2 (]: Writing injected SQL for node "model.Healthcare_360.cost_metrics"
[0m02:13:29.350735 [debug] [Thread-3 (]: Began executing node model.Healthcare_360.clinical_overview
[0m02:13:29.352780 [debug] [Thread-3 (]: Writing runtime sql for node "model.Healthcare_360.clinical_overview"
[0m02:13:29.352780 [debug] [Thread-2 (]: Began executing node model.Healthcare_360.cost_metrics
[0m02:13:29.358913 [debug] [Thread-2 (]: Writing runtime sql for node "model.Healthcare_360.cost_metrics"
[0m02:13:29.361113 [debug] [Thread-3 (]: Using snowflake connection "model.Healthcare_360.clinical_overview"
[0m02:13:29.361113 [debug] [Thread-3 (]: On model.Healthcare_360.clinical_overview: create or replace transient table HEALTH360_PROJECT.MARTS.clinical_overview
    
    
    
    
    

    as (with encounters as (
    select * from HEALTH360_PROJECT.INTERMEDIATE.fact_encounter
),

patients as (
    select * from HEALTH360_PROJECT.MARTS.dim_patient
),

providers as (
    select * from HEALTH360_PROJECT.MARTS.dim_provider
),

facilities as (
    select * from HEALTH360_PROJECT.MARTS.dim_facility
),

enc_date as (
    select date_sk, full_date from HEALTH360_PROJECT.MARTS.dim_date
),

primary_diagnosis as (
    select
        fd.encounter_sk,
        dd.diagnosis_code,
        dd.description as diagnosis_description
    from HEALTH360_PROJECT.INTERMEDIATE.fact_diagnosis fd
    join HEALTH360_PROJECT.MARTS.dim_diagnosis dd on fd.diagnosis_sk = dd.diagnosis_sk
    where fd.diagnosis_rank = 1
)

select
    e.encounter_id,
    p.patient_id,
    p.full_name                 as patient_name,
    p.dob,
    p.gender,
    pr.full_name                as provider_name,
    pr.specialty,
    f.facility_name,
    f.city,
    f.state,
    d.full_date                 as encounter_date,
    e.encounter_type,
    e.length_of_stay,
    pd.diagnosis_code,
    pd.diagnosis_description
from encounters e
left join patients    p  on e.patient_sk           = p.patient_sk
left join providers   pr on e.provider_sk          = pr.provider_sk
left join facilities  f  on e.facility_sk          = f.facility_sk
left join enc_date    d  on e.encounter_date_sk    = d.date_sk
left join primary_diagnosis pd on e.encounter_sk   = pd.encounter_sk
    )

/* {"app": "dbt", "dbt_version": "1.12.4", "profile_name": "health360_dbt", "target_name": "dev", "node_id": "model.Healthcare_360.clinical_overview"} */;
[0m02:13:29.361113 [debug] [Thread-2 (]: Using snowflake connection "model.Healthcare_360.cost_metrics"
[0m02:13:29.361113 [debug] [Thread-2 (]: On model.Healthcare_360.cost_metrics: create or replace transient table HEALTH360_PROJECT.MARTS.cost_metrics
    
    
    
    
    

    as (with claims as (
    select * from HEALTH360_PROJECT.INTERMEDIATE.fact_claim
),

encounters as (
    select * from HEALTH360_PROJECT.INTERMEDIATE.fact_encounter
),

patients as (
    select patient_sk, gender from HEALTH360_PROJECT.MARTS.dim_patient
),

facilities as (
    select facility_sk, facility_name, state from HEALTH360_PROJECT.MARTS.dim_facility
),

dim_d as (
    select date_sk, year, month, month_name from HEALTH360_PROJECT.MARTS.dim_date
)

select
    f.facility_name,
    f.state,
    d.year,
    d.month,
    d.month_name,
    p.gender,
    count(distinct c.claim_id)                                                      as total_claims,
    count(distinct e.encounter_id)                                                  as total_encounters,
    sum(c.billed_amount)                                                            as total_billed,
    sum(c.allowed_amount)                                                           as total_allowed,
    sum(c.paid_amount)                                                              as total_paid,
    avg(c.billed_amount)                                                            as avg_billed_per_claim,
    sum(c.billed_amount - c.paid_amount)                                            as total_outstanding,
    count(case when c.claim_status = 'DENIED' then 1 end)                          as denied_claims,
    round(
        count(case when c.claim_status = 'DENIED' then 1 end) * 100.0
        / nullif(count(*), 0), 2
    )                                                                               as denial_rate_pct
from claims c
left join encounters e  on c.encounter_sk  = e.encounter_sk
left join patients   p  on e.patient_sk    = p.patient_sk
left join facilities f  on e.facility_sk   = f.facility_sk
left join dim_d      d  on c.claim_date_sk = d.date_sk
group by 1, 2, 3, 4, 5, 6
    )

/* {"app": "dbt", "dbt_version": "1.12.4", "profile_name": "health360_dbt", "target_name": "dev", "node_id": "model.Healthcare_360.cost_metrics"} */;
[0m02:13:31.496654 [debug] [Thread-2 (]: SQL status: SUCCESS 10886 in 2.125 seconds
[0m02:13:31.504736 [debug] [Thread-2 (]: Sending event: {'category': 'dbt', 'action': 'run_model', 'label': '9fe1df21-74de-49e8-90fa-e8adfc75a070', 'context': [<snowplow_tracker.self_describing_json.SelfDescribingJson object at 0x0000023F4CF76C60>]}
[0m02:13:31.506759 [info ] [Thread-2 (]: 21 of 21 OK created sql table model MARTS.cost_metrics ......................... [[32mSUCCESS 10886[0m in 2.17s]
[0m02:13:31.511051 [debug] [Thread-2 (]: Finished running node model.Healthcare_360.cost_metrics
[0m02:13:32.055344 [debug] [Thread-3 (]: SQL status: SUCCESS 100000 in 2.700 seconds
[0m02:13:32.069184 [debug] [Thread-3 (]: Sending event: {'category': 'dbt', 'action': 'run_model', 'label': '9fe1df21-74de-49e8-90fa-e8adfc75a070', 'context': [<snowplow_tracker.self_describing_json.SelfDescribingJson object at 0x0000023F4CF772F0>]}
[0m02:13:32.071247 [info ] [Thread-3 (]: 20 of 21 OK created sql table model MARTS.clinical_overview .................... [[32mSUCCESS 100000[0m in 2.74s]
[0m02:13:32.071247 [debug] [Thread-3 (]: Finished running node model.Healthcare_360.clinical_overview
[0m02:13:32.071247 [debug] [MainThread]: Connection 'master' was properly closed.
[0m02:13:32.071247 [debug] [MainThread]: Connection 'list_HEALTH360_PROJECT' was left open.
[0m02:13:32.071247 [debug] [MainThread]: On list_HEALTH360_PROJECT: Close
[0m02:13:32.751978 [debug] [MainThread]: Connection 'list_HEALTH360_PROJECT' was left open.
[0m02:13:32.753998 [debug] [MainThread]: On list_HEALTH360_PROJECT: Close
[0m02:13:33.403323 [debug] [MainThread]: Connection 'list_HEALTH360_PROJECT_STAGING' was left open.
[0m02:13:33.403323 [debug] [MainThread]: On list_HEALTH360_PROJECT_STAGING: Close
[0m02:13:34.014637 [debug] [MainThread]: Connection 'list_HEALTH360_PROJECT_SNAPSHOTS' was left open.
[0m02:13:34.016685 [debug] [MainThread]: On list_HEALTH360_PROJECT_SNAPSHOTS: Close
[0m02:13:34.622988 [debug] [MainThread]: Connection 'model.Healthcare_360.clinical_overview' was left open.
[0m02:13:34.622988 [debug] [MainThread]: On model.Healthcare_360.clinical_overview: Close
[0m02:13:35.245166 [debug] [MainThread]: Connection 'model.Healthcare_360.cost_metrics' was left open.
[0m02:13:35.246321 [debug] [MainThread]: On model.Healthcare_360.cost_metrics: Close
[0m02:13:35.886994 [info ] [MainThread]: 
[0m02:13:35.889019 [info ] [MainThread]: Finished running 13 table models, 8 view models in 0 hours 0 minutes and 28.58 seconds (28.58s).
[0m02:13:35.906935 [debug] [MainThread]: Command end result
[0m02:13:35.998055 [debug] [MainThread]: Wrote artifact WritableManifest to C:\Learning\DBT\Healthcare_360\target\manifest.json
[0m02:13:35.998055 [debug] [MainThread]: Wrote artifact SemanticManifest to C:\Learning\DBT\Healthcare_360\target\semantic_manifest.json
[0m02:13:36.006646 [debug] [MainThread]: Wrote artifact OsiDocument to C:\Learning\DBT\Healthcare_360\target\osi_document.json
[0m02:13:36.019562 [debug] [MainThread]: Wrote artifact RunExecutionResult to C:\Learning\DBT\Healthcare_360\target\run_results.json
[0m02:13:36.021570 [info ] [MainThread]: 
[0m02:13:36.022576 [info ] [MainThread]: [32mCompleted successfully[0m
[0m02:13:36.022576 [info ] [MainThread]: 
[0m02:13:36.022576 [info ] [MainThread]: Done. PASS=21 WARN=0 ERROR=0 SKIP=0 NO-OP=0 REUSED=0 TOTAL=21
[0m02:13:36.025765 [debug] [MainThread]: Command `dbt run` succeeded at 02:13:36.025765 after 31.46 seconds
[0m02:13:36.029575 [debug] [MainThread]: Sending event: {'category': 'dbt', 'action': 'invocation', 'label': 'end', 'context': [<snowplow_tracker.self_describing_json.SelfDescribingJson object at 0x0000023F459B0F20>, <snowplow_tracker.self_describing_json.SelfDescribingJson object at 0x0000023F4A2F1E20>, <snowplow_tracker.self_describing_json.SelfDescribingJson object at 0x0000023F4596AD20>]}
[0m02:13:36.029575 [debug] [MainThread]: Flushing usage events
[0m02:13:37.592720 [debug] [MainThread]: An error was encountered while trying to flush usage events
